case_id,expected_status,conflict_types,severity,root_cause
CASE-000001,CONSISTENT,,NONE,Normal dispute lifecycle; all physical telemetry and identity records match.
CASE-000002,CONSISTENT,,NONE,Normal dispute lifecycle; all physical telemetry and identity records match.
CASE-000003,CONSISTENT,,NONE,Normal dispute lifecycle; all physical telemetry and identity records match.
CASE-000004,CONSISTENT,,NONE,Normal dispute lifecycle; all physical telemetry and identity records match.
CASE-000005,CONSISTENT,,NONE,Normal dispute lifecycle; all physical telemetry and identity records match.
CASE-000006,CONSISTENT,,NONE,Normal dispute lifecycle; all physical telemetry and identity records match.
CASE-000007,CONSISTENT,,NONE,Normal dispute lifecycle; all physical telemetry and identity records match.
CASE-000008,CONSISTENT,,NONE,Normal dispute lifecycle; all physical telemetry and identity records match.
CASE-000009,CONSISTENT,,NONE,Normal dispute lifecycle; all physical telemetry and identity records match.
CASE-000010,CONSISTENT,,NONE,Normal dispute lifecycle; all physical telemetry and identity records match.
CASE-000011,CONSISTENT,,NONE,Normal dispute lifecycle; all physical telemetry and identity records match.
CASE-000012,CONSISTENT,,NONE,Normal dispute lifecycle; all physical telemetry and identity records match.
CASE-000013,CONSISTENT,,NONE,Normal dispute lifecycle; all physical telemetry and identity records match.
CASE-000014,CONSISTENT,,NONE,Normal dispute lifecycle; all physical telemetry and identity records match.
CASE-000015,CONSISTENT,,NONE,Normal dispute lifecycle; all physical telemetry and identity records match.
CASE-000016,CONSISTENT,,NONE,Normal dispute lifecycle; all physical telemetry and identity records match.
CASE-000017,CONSISTENT,,NONE,Normal dispute lifecycle; all physical telemetry and identity records match.
CASE-000018,CONSISTENT,,NONE,Normal dispute lifecycle; all physical telemetry and identity records match.
CASE-000019,CONSISTENT,,NONE,Normal dispute lifecycle; all physical telemetry and identity records match.
CASE-000020,CONSISTENT,,NONE,Normal dispute lifecycle; all physical telemetry and identity records match.
CASE-000021,CONSISTENT,,NONE,Normal dispute lifecycle; all physical telemetry and identity records match.
CASE-000022,CONSISTENT,,NONE,Normal dispute lifecycle; all physical telemetry and identity records match.
CASE-000023,CONSISTENT,,NONE,Normal dispute lifecycle; all physical telemetry and identity records match.
CASE-000024,CONSISTENT,,NONE,Normal dispute lifecycle; all physical telemetry and identity records match.
CASE-000025,CONSISTENT,,NONE,Normal dispute lifecycle; all physical telemetry and identity records match.
CASE-000026,CONSISTENT,,NONE,Normal dispute lifecycle; all physical telemetry and identity records match.
CASE-000027,CONSISTENT,,NONE,Normal dispute lifecycle; all physical telemetry and identity records match.
CASE-000028,CONSISTENT,,NONE,Normal dispute lifecycle; all physical telemetry and identity records match.
CASE-000029,CONSISTENT,,NONE,Normal dispute lifecycle; all physical telemetry and identity records match.
CASE-000030,CONSISTENT,,NONE,Normal dispute lifecycle; all physical telemetry and identity records match.
CASE-000031,CONSISTENT,,NONE,Normal dispute lifecycle; all physical telemetry and identity records match.
CASE-000032,CONSISTENT,,NONE,Normal dispute lifecycle; all physical telemetry and identity records match.
CASE-000033,CONSISTENT,,NONE,Normal dispute lifecycle; all physical telemetry and identity records match.
CASE-000034,CONSISTENT,,NONE,Normal dispute lifecycle; all physical telemetry and identity records match.
CASE-000035,CONSISTENT,,NONE,Normal dispute lifecycle; all physical telemetry and identity records match.
CASE-000036,CONSISTENT,,NONE,Normal dispute lifecycle; all physical telemetry and identity records match.
CASE-000037,CONSISTENT,,NONE,Normal dispute lifecycle; all physical telemetry and identity records match.
CASE-000038,CONSISTENT,,NONE,Normal dispute lifecycle; all physical telemetry and identity records match.
CASE-000039,CONSISTENT,,NONE,Normal dispute lifecycle; all physical telemetry and identity records match.
CASE-000040,CONSISTENT,,NONE,Normal dispute lifecycle; all physical telemetry and identity records match.
CASE-000041,CONSISTENT,,NONE,Normal dispute lifecycle; all physical telemetry and identity records match.
CASE-000042,CONSISTENT,,NONE,Normal dispute lifecycle; all physical telemetry and identity records match.
CASE-000043,CONSISTENT,,NONE,Normal dispute lifecycle; all physical telemetry and identity records match.
CASE-000044,CONSISTENT,,NONE,Normal dispute lifecycle; all physical telemetry and identity records match.
CASE-000045,CONSISTENT,,NONE,Normal dispute lifecycle; all physical telemetry and identity records match.
CASE-000046,CONSISTENT,,NONE,Normal dispute lifecycle; all physical telemetry and identity records match.
CASE-000047,CONSISTENT,,NONE,Normal dispute lifecycle; all physical telemetry and identity records match.
CASE-000048,CONSISTENT,,NONE,Normal dispute lifecycle; all physical telemetry and identity records match.
CASE-000049,CONSISTENT,,NONE,Normal dispute lifecycle; all physical telemetry and identity records match.
CASE-000050,CONSISTENT,,NONE,Normal dispute lifecycle; all physical telemetry and identity records match.
CASE-000051,CONSISTENT,,NONE,Normal dispute lifecycle; all physical telemetry and identity records match.
CASE-000052,CONSISTENT,,NONE,Normal dispute lifecycle; all physical telemetry and identity records match.
CASE-000053,CONSISTENT,,NONE,Normal dispute lifecycle; all physical telemetry and identity records match.
CASE-000054,CONSISTENT,,NONE,Normal dispute lifecycle; all physical telemetry and identity records match.
CASE-000055,CONSISTENT,,NONE,Normal dispute lifecycle; all physical telemetry and identity records match.
CASE-000056,CONSISTENT,,NONE,Normal dispute lifecycle; all physical telemetry and identity records match.
CASE-000057,CONSISTENT,,NONE,Normal dispute lifecycle; all physical telemetry and identity records match.
CASE-000058,CONSISTENT,,NONE,Normal dispute lifecycle; all physical telemetry and identity records match.
CASE-000059,CONSISTENT,,NONE,Normal dispute lifecycle; all physical telemetry and identity records match.
CASE-000060,CONSISTENT,,NONE,Normal dispute lifecycle; all physical telemetry and identity records match.
CASE-000061,CONSISTENT,,NONE,Normal dispute lifecycle; all physical telemetry and identity records match.
CASE-000062,CONSISTENT,,NONE,Normal dispute lifecycle; all physical telemetry and identity records match.
CASE-000063,CONSISTENT,,NONE,Normal dispute lifecycle; all physical telemetry and identity records match.
CASE-000064,CONSISTENT,,NONE,Normal dispute lifecycle; all physical telemetry and identity records match.
CASE-000065,CONSISTENT,,NONE,Normal dispute lifecycle; all physical telemetry and identity records match.
CASE-000066,CONSISTENT,,NONE,Normal dispute lifecycle; all physical telemetry and identity records match.
CASE-000067,CONSISTENT,,NONE,Normal dispute lifecycle; all physical telemetry and identity records match.
CASE-000068,CONSISTENT,,NONE,Normal dispute lifecycle; all physical telemetry and identity records match.
CASE-000069,CONSISTENT,,NONE,Normal dispute lifecycle; all physical telemetry and identity records match.
CASE-000070,CONSISTENT,,NONE,Normal dispute lifecycle; all physical telemetry and identity records match.
CASE-000071,CONSISTENT,,NONE,Normal dispute lifecycle; all physical telemetry and identity records match.
CASE-000072,CONSISTENT,,NONE,Normal dispute lifecycle; all physical telemetry and identity records match.
CASE-000073,CONSISTENT,,NONE,Normal dispute lifecycle; all physical telemetry and identity records match.
CASE-000074,CONSISTENT,,NONE,Normal dispute lifecycle; all physical telemetry and identity records match.
CASE-000075,CONSISTENT,,NONE,Normal dispute lifecycle; all physical telemetry and identity records match.
CASE-000076,CONSISTENT,,NONE,Normal dispute lifecycle; all physical telemetry and identity records match.
CASE-000077,CONSISTENT,,NONE,Normal dispute lifecycle; all physical telemetry and identity records match.
CASE-000078,CONSISTENT,,NONE,Normal dispute lifecycle; all physical telemetry and identity records match.
CASE-000079,CONSISTENT,,NONE,Normal dispute lifecycle; all physical telemetry and identity records match.
CASE-000080,CONSISTENT,,NONE,Normal dispute lifecycle; all physical telemetry and identity records match.
CASE-000081,CONSISTENT,,NONE,Normal dispute lifecycle; all physical telemetry and identity records match.
CASE-000082,CONSISTENT,,NONE,Normal dispute lifecycle; all physical telemetry and identity records match.
CASE-000083,CONSISTENT,,NONE,Normal dispute lifecycle; all physical telemetry and identity records match.
CASE-000084,CONSISTENT,,NONE,Normal dispute lifecycle; all physical telemetry and identity records match.
CASE-000085,CONSISTENT,,NONE,Normal dispute lifecycle; all physical telemetry and identity records match.
CASE-000086,CONSISTENT,,NONE,Normal dispute lifecycle; all physical telemetry and identity records match.
CASE-000087,CONSISTENT,,NONE,Normal dispute lifecycle; all physical telemetry and identity records match.
CASE-000088,CONSISTENT,,NONE,Normal dispute lifecycle; all physical telemetry and identity records match.
CASE-000089,CONSISTENT,,NONE,Normal dispute lifecycle; all physical telemetry and identity records match.
CASE-000090,CONSISTENT,,NONE,Normal dispute lifecycle; all physical telemetry and identity records match.
CASE-000091,CONSISTENT,,NONE,Normal dispute lifecycle; all physical telemetry and identity records match.
CASE-000092,CONSISTENT,,NONE,Normal dispute lifecycle; all physical telemetry and identity records match.
CASE-000093,CONSISTENT,,NONE,Normal dispute lifecycle; all physical telemetry and identity records match.
CASE-000094,CONSISTENT,,NONE,Normal dispute lifecycle; all physical telemetry and identity records match.
CASE-000095,CONSISTENT,,NONE,Normal dispute lifecycle; all physical telemetry and identity records match.
CASE-000096,CONSISTENT,,NONE,Normal dispute lifecycle; all physical telemetry and identity records match.
CASE-000097,CONSISTENT,,NONE,Normal dispute lifecycle; all physical telemetry and identity records match.
CASE-000098,CONSISTENT,,NONE,Normal dispute lifecycle; all physical telemetry and identity records match.
CASE-000099,CONSISTENT,,NONE,Normal dispute lifecycle; all physical telemetry and identity records match.
CASE-000100,CONSISTENT,,NONE,Normal dispute lifecycle; all physical telemetry and identity records match.
CASE-000101,CONSISTENT,,NONE,Normal dispute lifecycle; all physical telemetry and identity records match.
CASE-000102,CONSISTENT,,NONE,Normal dispute lifecycle; all physical telemetry and identity records match.
CASE-000103,CONSISTENT,,NONE,Normal dispute lifecycle; all physical telemetry and identity records match.
CASE-000104,CONSISTENT,,NONE,Normal dispute lifecycle; all physical telemetry and identity records match.
CASE-000105,CONSISTENT,,NONE,Normal dispute lifecycle; all physical telemetry and identity records match.
CASE-000106,CONSISTENT,,NONE,Normal dispute lifecycle; all physical telemetry and identity records match.
CASE-000107,CONSISTENT,,NONE,Normal dispute lifecycle; all physical telemetry and identity records match.
CASE-000108,CONSISTENT,,NONE,Normal dispute lifecycle; all physical telemetry and identity records match.
CASE-000109,CONSISTENT,,NONE,Normal dispute lifecycle; all physical telemetry and identity records match.
CASE-000110,CONSISTENT,,NONE,Normal dispute lifecycle; all physical telemetry and identity records match.
CASE-000111,CONSISTENT,,NONE,Normal dispute lifecycle; all physical telemetry and identity records match.
CASE-000112,CONSISTENT,,NONE,Normal dispute lifecycle; all physical telemetry and identity records match.
CASE-000113,CONSISTENT,,NONE,Normal dispute lifecycle; all physical telemetry and identity records match.
CASE-000114,CONSISTENT,,NONE,Normal dispute lifecycle; all physical telemetry and identity records match.
CASE-000115,CONSISTENT,,NONE,Normal dispute lifecycle; all physical telemetry and identity records match.
CASE-000116,CONSISTENT,,NONE,Normal dispute lifecycle; all physical telemetry and identity records match.
CASE-000117,CONSISTENT,,NONE,Normal dispute lifecycle; all physical telemetry and identity records match.
CASE-000118,CONSISTENT,,NONE,Normal dispute lifecycle; all physical telemetry and identity records match.
CASE-000119,CONSISTENT,,NONE,Normal dispute lifecycle; all physical telemetry and identity records match.
CASE-000120,CONSISTENT,,NONE,Normal dispute lifecycle; all physical telemetry and identity records match.
CASE-000121,CONSISTENT,,NONE,Normal dispute lifecycle; all physical telemetry and identity records match.
CASE-000122,CONSISTENT,,NONE,Normal dispute lifecycle; all physical telemetry and identity records match.
CASE-000123,CONSISTENT,,NONE,Normal dispute lifecycle; all physical telemetry and identity records match.
CASE-000124,CONSISTENT,,NONE,Normal dispute lifecycle; all physical telemetry and identity records match.
CASE-000125,CONSISTENT,,NONE,Normal dispute lifecycle; all physical telemetry and identity records match.
CASE-000126,CONSISTENT,,NONE,Normal dispute lifecycle; all physical telemetry and identity records match.
CASE-000127,CONSISTENT,,NONE,Normal dispute lifecycle; all physical telemetry and identity records match.
CASE-000128,CONSISTENT,,NONE,Normal dispute lifecycle; all physical telemetry and identity records match.
CASE-000129,CONSISTENT,,NONE,Normal dispute lifecycle; all physical telemetry and identity records match.
CASE-000130,CONSISTENT,,NONE,Normal dispute lifecycle; all physical telemetry and identity records match.
CASE-000131,CONSISTENT,,NONE,Normal dispute lifecycle; all physical telemetry and identity records match.
CASE-000132,CONSISTENT,,NONE,Normal dispute lifecycle; all physical telemetry and identity records match.
CASE-000133,CONSISTENT,,NONE,Normal dispute lifecycle; all physical telemetry and identity records match.
CASE-000134,CONSISTENT,,NONE,Normal dispute lifecycle; all physical telemetry and identity records match.
CASE-000135,CONSISTENT,,NONE,Normal dispute lifecycle; all physical telemetry and identity records match.
CASE-000136,CONSISTENT,,NONE,Normal dispute lifecycle; all physical telemetry and identity records match.
CASE-000137,CONSISTENT,,NONE,Normal dispute lifecycle; all physical telemetry and identity records match.
CASE-000138,CONSISTENT,,NONE,Normal dispute lifecycle; all physical telemetry and identity records match.
CASE-000139,CONSISTENT,,NONE,Normal dispute lifecycle; all physical telemetry and identity records match.
CASE-000140,CONSISTENT,,NONE,Normal dispute lifecycle; all physical telemetry and identity records match.
CASE-000141,CONSISTENT,,NONE,Normal dispute lifecycle; all physical telemetry and identity records match.
CASE-000142,CONSISTENT,,NONE,Normal dispute lifecycle; all physical telemetry and identity records match.
CASE-000143,CONSISTENT,,NONE,Normal dispute lifecycle; all physical telemetry and identity records match.
CASE-000144,CONSISTENT,,NONE,Normal dispute lifecycle; all physical telemetry and identity records match.
CASE-000145,CONSISTENT,,NONE,Normal dispute lifecycle; all physical telemetry and identity records match.
CASE-000146,CONSISTENT,,NONE,Normal dispute lifecycle; all physical telemetry and identity records match.
CASE-000147,CONSISTENT,,NONE,Normal dispute lifecycle; all physical telemetry and identity records match.
CASE-000148,CONSISTENT,,NONE,Normal dispute lifecycle; all physical telemetry and identity records match.
CASE-000149,CONSISTENT,,NONE,Normal dispute lifecycle; all physical telemetry and identity records match.
CASE-000150,CONSISTENT,,NONE,Normal dispute lifecycle; all physical telemetry and identity records match.
CASE-000151,CONSISTENT,,NONE,Normal dispute lifecycle; all physical telemetry and identity records match.
CASE-000152,CONSISTENT,,NONE,Normal dispute lifecycle; all physical telemetry and identity records match.
CASE-000153,CONSISTENT,,NONE,Normal dispute lifecycle; all physical telemetry and identity records match.
CASE-000154,CONSISTENT,,NONE,Normal dispute lifecycle; all physical telemetry and identity records match.
CASE-000155,CONSISTENT,,NONE,Normal dispute lifecycle; all physical telemetry and identity records match.
CASE-000156,CONSISTENT,,NONE,Normal dispute lifecycle; all physical telemetry and identity records match.
CASE-000157,CONSISTENT,,NONE,Normal dispute lifecycle; all physical telemetry and identity records match.
CASE-000158,CONSISTENT,,NONE,Normal dispute lifecycle; all physical telemetry and identity records match.
CASE-000159,CONSISTENT,,NONE,Normal dispute lifecycle; all physical telemetry and identity records match.
CASE-000160,CONSISTENT,,NONE,Normal dispute lifecycle; all physical telemetry and identity records match.
CASE-000161,CONSISTENT,,NONE,Normal dispute lifecycle; all physical telemetry and identity records match.
CASE-000162,CONSISTENT,,NONE,Normal dispute lifecycle; all physical telemetry and identity records match.
CASE-000163,CONSISTENT,,NONE,Normal dispute lifecycle; all physical telemetry and identity records match.
CASE-000164,CONSISTENT,,NONE,Normal dispute lifecycle; all physical telemetry and identity records match.
CASE-000165,CONSISTENT,,NONE,Normal dispute lifecycle; all physical telemetry and identity records match.
CASE-000166,CONSISTENT,,NONE,Normal dispute lifecycle; all physical telemetry and identity records match.
CASE-000167,CONSISTENT,,NONE,Normal dispute lifecycle; all physical telemetry and identity records match.
CASE-000168,CONSISTENT,,NONE,Normal dispute lifecycle; all physical telemetry and identity records match.
CASE-000169,CONSISTENT,,NONE,Normal dispute lifecycle; all physical telemetry and identity records match.
CASE-000170,CONSISTENT,,NONE,Normal dispute lifecycle; all physical telemetry and identity records match.
CASE-000171,CONSISTENT,,NONE,Normal dispute lifecycle; all physical telemetry and identity records match.
CASE-000172,CONSISTENT,,NONE,Normal dispute lifecycle; all physical telemetry and identity records match.
CASE-000173,CONSISTENT,,NONE,Normal dispute lifecycle; all physical telemetry and identity records match.
CASE-000174,CONSISTENT,,NONE,Normal dispute lifecycle; all physical telemetry and identity records match.
CASE-000175,CONSISTENT,,NONE,Normal dispute lifecycle; all physical telemetry and identity records match.
CASE-000176,CONSISTENT,,NONE,Normal dispute lifecycle; all physical telemetry and identity records match.
CASE-000177,CONSISTENT,,NONE,Normal dispute lifecycle; all physical telemetry and identity records match.
CASE-000178,CONSISTENT,,NONE,Normal dispute lifecycle; all physical telemetry and identity records match.
CASE-000179,CONSISTENT,,NONE,Normal dispute lifecycle; all physical telemetry and identity records match.
CASE-000180,CONSISTENT,,NONE,Normal dispute lifecycle; all physical telemetry and identity records match.
CASE-000181,CONSISTENT,,NONE,Normal dispute lifecycle; all physical telemetry and identity records match.
CASE-000182,CONSISTENT,,NONE,Normal dispute lifecycle; all physical telemetry and identity records match.
CASE-000183,CONSISTENT,,NONE,Normal dispute lifecycle; all physical telemetry and identity records match.
CASE-000184,CONSISTENT,,NONE,Normal dispute lifecycle; all physical telemetry and identity records match.
CASE-000185,CONSISTENT,,NONE,Normal dispute lifecycle; all physical telemetry and identity records match.
CASE-000186,CONSISTENT,,NONE,Normal dispute lifecycle; all physical telemetry and identity records match.
CASE-000187,CONSISTENT,,NONE,Normal dispute lifecycle; all physical telemetry and identity records match.
CASE-000188,CONSISTENT,,NONE,Normal dispute lifecycle; all physical telemetry and identity records match.
CASE-000189,CONSISTENT,,NONE,Normal dispute lifecycle; all physical telemetry and identity records match.
CASE-000190,CONSISTENT,,NONE,Normal dispute lifecycle; all physical telemetry and identity records match.
CASE-000191,CONSISTENT,,NONE,Normal dispute lifecycle; all physical telemetry and identity records match.
CASE-000192,CONSISTENT,,NONE,Normal dispute lifecycle; all physical telemetry and identity records match.
CASE-000193,CONSISTENT,,NONE,Normal dispute lifecycle; all physical telemetry and identity records match.
CASE-000194,CONSISTENT,,NONE,Normal dispute lifecycle; all physical telemetry and identity records match.
CASE-000195,CONSISTENT,,NONE,Normal dispute lifecycle; all physical telemetry and identity records match.
CASE-000196,CONSISTENT,,NONE,Normal dispute lifecycle; all physical telemetry and identity records match.
CASE-000197,CONSISTENT,,NONE,Normal dispute lifecycle; all physical telemetry and identity records match.
CASE-000198,CONSISTENT,,NONE,Normal dispute lifecycle; all physical telemetry and identity records match.
CASE-000199,CONSISTENT,,NONE,Normal dispute lifecycle; all physical telemetry and identity records match.
CASE-000200,CONSISTENT,,NONE,Normal dispute lifecycle; all physical telemetry and identity records match.
CASE-000201,CONSISTENT,,NONE,Normal dispute lifecycle; all physical telemetry and identity records match.
CASE-000202,CONSISTENT,,NONE,Normal dispute lifecycle; all physical telemetry and identity records match.
CASE-000203,CONSISTENT,,NONE,Normal dispute lifecycle; all physical telemetry and identity records match.
CASE-000204,CONSISTENT,,NONE,Normal dispute lifecycle; all physical telemetry and identity records match.
CASE-000205,CONSISTENT,,NONE,Normal dispute lifecycle; all physical telemetry and identity records match.
CASE-000206,CONSISTENT,,NONE,Normal dispute lifecycle; all physical telemetry and identity records match.
CASE-000207,CONSISTENT,,NONE,Normal dispute lifecycle; all physical telemetry and identity records match.
CASE-000208,CONSISTENT,,NONE,Normal dispute lifecycle; all physical telemetry and identity records match.
CASE-000209,CONSISTENT,,NONE,Normal dispute lifecycle; all physical telemetry and identity records match.
CASE-000210,CONSISTENT,,NONE,Normal dispute lifecycle; all physical telemetry and identity records match.
CASE-000211,CONSISTENT,,NONE,Normal dispute lifecycle; all physical telemetry and identity records match.
CASE-000212,CONSISTENT,,NONE,Normal dispute lifecycle; all physical telemetry and identity records match.
CASE-000213,CONSISTENT,,NONE,Normal dispute lifecycle; all physical telemetry and identity records match.
CASE-000214,CONSISTENT,,NONE,Normal dispute lifecycle; all physical telemetry and identity records match.
CASE-000215,CONSISTENT,,NONE,Normal dispute lifecycle; all physical telemetry and identity records match.
CASE-000216,CONSISTENT,,NONE,Normal dispute lifecycle; all physical telemetry and identity records match.
CASE-000217,CONSISTENT,,NONE,Normal dispute lifecycle; all physical telemetry and identity records match.
CASE-000218,CONSISTENT,,NONE,Normal dispute lifecycle; all physical telemetry and identity records match.
CASE-000219,CONSISTENT,,NONE,Normal dispute lifecycle; all physical telemetry and identity records match.
CASE-000220,CONSISTENT,,NONE,Normal dispute lifecycle; all physical telemetry and identity records match.
CASE-000221,CONSISTENT,,NONE,Normal dispute lifecycle; all physical telemetry and identity records match.
CASE-000222,CONSISTENT,,NONE,Normal dispute lifecycle; all physical telemetry and identity records match.
CASE-000223,CONSISTENT,,NONE,Normal dispute lifecycle; all physical telemetry and identity records match.
CASE-000224,CONSISTENT,,NONE,Normal dispute lifecycle; all physical telemetry and identity records match.
CASE-000225,CONSISTENT,,NONE,Normal dispute lifecycle; all physical telemetry and identity records match.
CASE-000226,CONSISTENT,,NONE,Normal dispute lifecycle; all physical telemetry and identity records match.
CASE-000227,CONSISTENT,,NONE,Normal dispute lifecycle; all physical telemetry and identity records match.
CASE-000228,CONSISTENT,,NONE,Normal dispute lifecycle; all physical telemetry and identity records match.
CASE-000229,CONSISTENT,,NONE,Normal dispute lifecycle; all physical telemetry and identity records match.
CASE-000230,CONSISTENT,,NONE,Normal dispute lifecycle; all physical telemetry and identity records match.
CASE-000231,CONSISTENT,,NONE,Normal dispute lifecycle; all physical telemetry and identity records match.
CASE-000232,CONSISTENT,,NONE,Normal dispute lifecycle; all physical telemetry and identity records match.
CASE-000233,CONSISTENT,,NONE,Normal dispute lifecycle; all physical telemetry and identity records match.
CASE-000234,CONSISTENT,,NONE,Normal dispute lifecycle; all physical telemetry and identity records match.
CASE-000235,CONSISTENT,,NONE,Normal dispute lifecycle; all physical telemetry and identity records match.
CASE-000236,CONSISTENT,,NONE,Normal dispute lifecycle; all physical telemetry and identity records match.
CASE-000237,CONSISTENT,,NONE,Normal dispute lifecycle; all physical telemetry and identity records match.
CASE-000238,CONSISTENT,,NONE,Normal dispute lifecycle; all physical telemetry and identity records match.
CASE-000239,CONSISTENT,,NONE,Normal dispute lifecycle; all physical telemetry and identity records match.
CASE-000240,CONSISTENT,,NONE,Normal dispute lifecycle; all physical telemetry and identity records match.
CASE-000241,CONSISTENT,,NONE,Normal dispute lifecycle; all physical telemetry and identity records match.
CASE-000242,CONSISTENT,,NONE,Normal dispute lifecycle; all physical telemetry and identity records match.
CASE-000243,CONSISTENT,,NONE,Normal dispute lifecycle; all physical telemetry and identity records match.
CASE-000244,CONSISTENT,,NONE,Normal dispute lifecycle; all physical telemetry and identity records match.
CASE-000245,CONSISTENT,,NONE,Normal dispute lifecycle; all physical telemetry and identity records match.
CASE-000246,CONSISTENT,,NONE,Normal dispute lifecycle; all physical telemetry and identity records match.
CASE-000247,CONSISTENT,,NONE,Normal dispute lifecycle; all physical telemetry and identity records match.
CASE-000248,CONSISTENT,,NONE,Normal dispute lifecycle; all physical telemetry and identity records match.
CASE-000249,CONSISTENT,,NONE,Normal dispute lifecycle; all physical telemetry and identity records match.
CASE-000250,CONSISTENT,,NONE,Normal dispute lifecycle; all physical telemetry and identity records match.
CASE-000251,CONSISTENT,,NONE,Normal dispute lifecycle; all physical telemetry and identity records match.
CASE-000252,CONSISTENT,,NONE,Normal dispute lifecycle; all physical telemetry and identity records match.
CASE-000253,CONSISTENT,,NONE,Normal dispute lifecycle; all physical telemetry and identity records match.
CASE-000254,CONSISTENT,,NONE,Normal dispute lifecycle; all physical telemetry and identity records match.
CASE-000255,CONSISTENT,,NONE,Normal dispute lifecycle; all physical telemetry and identity records match.
CASE-000256,CONSISTENT,,NONE,Normal dispute lifecycle; all physical telemetry and identity records match.
CASE-000257,CONSISTENT,,NONE,Normal dispute lifecycle; all physical telemetry and identity records match.
CASE-000258,CONSISTENT,,NONE,Normal dispute lifecycle; all physical telemetry and identity records match.
CASE-000259,CONSISTENT,,NONE,Normal dispute lifecycle; all physical telemetry and identity records match.
CASE-000260,CONSISTENT,,NONE,Normal dispute lifecycle; all physical telemetry and identity records match.
CASE-000261,CONSISTENT,,NONE,Normal dispute lifecycle; all physical telemetry and identity records match.
CASE-000262,CONSISTENT,,NONE,Normal dispute lifecycle; all physical telemetry and identity records match.
CASE-000263,CONSISTENT,,NONE,Normal dispute lifecycle; all physical telemetry and identity records match.
CASE-000264,CONSISTENT,,NONE,Normal dispute lifecycle; all physical telemetry and identity records match.
CASE-000265,CONSISTENT,,NONE,Normal dispute lifecycle; all physical telemetry and identity records match.
CASE-000266,CONSISTENT,,NONE,Normal dispute lifecycle; all physical telemetry and identity records match.
CASE-000267,CONSISTENT,,NONE,Normal dispute lifecycle; all physical telemetry and identity records match.
CASE-000268,CONSISTENT,,NONE,Normal dispute lifecycle; all physical telemetry and identity records match.
CASE-000269,CONSISTENT,,NONE,Normal dispute lifecycle; all physical telemetry and identity records match.
CASE-000270,CONSISTENT,,NONE,Normal dispute lifecycle; all physical telemetry and identity records match.
CASE-000271,CONSISTENT,,NONE,Normal dispute lifecycle; all physical telemetry and identity records match.
CASE-000272,CONSISTENT,,NONE,Normal dispute lifecycle; all physical telemetry and identity records match.
CASE-000273,CONSISTENT,,NONE,Normal dispute lifecycle; all physical telemetry and identity records match.
CASE-000274,CONSISTENT,,NONE,Normal dispute lifecycle; all physical telemetry and identity records match.
CASE-000275,CONSISTENT,,NONE,Normal dispute lifecycle; all physical telemetry and identity records match.
CASE-000276,CONSISTENT,,NONE,Normal dispute lifecycle; all physical telemetry and identity records match.
CASE-000277,CONSISTENT,,NONE,Normal dispute lifecycle; all physical telemetry and identity records match.
CASE-000278,CONSISTENT,,NONE,Normal dispute lifecycle; all physical telemetry and identity records match.
CASE-000279,CONSISTENT,,NONE,Normal dispute lifecycle; all physical telemetry and identity records match.
CASE-000280,CONSISTENT,,NONE,Normal dispute lifecycle; all physical telemetry and identity records match.
CASE-000281,CONSISTENT,,NONE,Normal dispute lifecycle; all physical telemetry and identity records match.
CASE-000282,CONSISTENT,,NONE,Normal dispute lifecycle; all physical telemetry and identity records match.
CASE-000283,CONSISTENT,,NONE,Normal dispute lifecycle; all physical telemetry and identity records match.
CASE-000284,CONSISTENT,,NONE,Normal dispute lifecycle; all physical telemetry and identity records match.
CASE-000285,CONSISTENT,,NONE,Normal dispute lifecycle; all physical telemetry and identity records match.
CASE-000286,CONSISTENT,,NONE,Normal dispute lifecycle; all physical telemetry and identity records match.
CASE-000287,CONSISTENT,,NONE,Normal dispute lifecycle; all physical telemetry and identity records match.
CASE-000288,CONSISTENT,,NONE,Normal dispute lifecycle; all physical telemetry and identity records match.
CASE-000289,CONSISTENT,,NONE,Normal dispute lifecycle; all physical telemetry and identity records match.
CASE-000290,CONSISTENT,,NONE,Normal dispute lifecycle; all physical telemetry and identity records match.
CASE-000291,CONSISTENT,,NONE,Normal dispute lifecycle; all physical telemetry and identity records match.
CASE-000292,CONSISTENT,,NONE,Normal dispute lifecycle; all physical telemetry and identity records match.
CASE-000293,CONSISTENT,,NONE,Normal dispute lifecycle; all physical telemetry and identity records match.
CASE-000294,CONSISTENT,,NONE,Normal dispute lifecycle; all physical telemetry and identity records match.
CASE-000295,CONSISTENT,,NONE,Normal dispute lifecycle; all physical telemetry and identity records match.
CASE-000296,CONSISTENT,,NONE,Normal dispute lifecycle; all physical telemetry and identity records match.
CASE-000297,CONSISTENT,,NONE,Normal dispute lifecycle; all physical telemetry and identity records match.
CASE-000298,CONSISTENT,,NONE,Normal dispute lifecycle; all physical telemetry and identity records match.
CASE-000299,CONSISTENT,,NONE,Normal dispute lifecycle; all physical telemetry and identity records match.
CASE-000300,CONSISTENT,,NONE,Normal dispute lifecycle; all physical telemetry and identity records match.
CASE-000301,CONSISTENT,,NONE,Normal dispute lifecycle; all physical telemetry and identity records match.
CASE-000302,CONSISTENT,,NONE,Normal dispute lifecycle; all physical telemetry and identity records match.
CASE-000303,CONSISTENT,,NONE,Normal dispute lifecycle; all physical telemetry and identity records match.
CASE-000304,CONSISTENT,,NONE,Normal dispute lifecycle; all physical telemetry and identity records match.
CASE-000305,CONSISTENT,,NONE,Normal dispute lifecycle; all physical telemetry and identity records match.
CASE-000306,CONSISTENT,,NONE,Normal dispute lifecycle; all physical telemetry and identity records match.
CASE-000307,CONSISTENT,,NONE,Normal dispute lifecycle; all physical telemetry and identity records match.
CASE-000308,CONSISTENT,,NONE,Normal dispute lifecycle; all physical telemetry and identity records match.
CASE-000309,CONSISTENT,,NONE,Normal dispute lifecycle; all physical telemetry and identity records match.
CASE-000310,CONSISTENT,,NONE,Normal dispute lifecycle; all physical telemetry and identity records match.
CASE-000311,CONSISTENT,,NONE,Normal dispute lifecycle; all physical telemetry and identity records match.
CASE-000312,CONSISTENT,,NONE,Normal dispute lifecycle; all physical telemetry and identity records match.
CASE-000313,CONSISTENT,,NONE,Normal dispute lifecycle; all physical telemetry and identity records match.
CASE-000314,CONSISTENT,,NONE,Normal dispute lifecycle; all physical telemetry and identity records match.
CASE-000315,CONSISTENT,,NONE,Normal dispute lifecycle; all physical telemetry and identity records match.
CASE-000316,CONSISTENT,,NONE,Normal dispute lifecycle; all physical telemetry and identity records match.
CASE-000317,CONSISTENT,,NONE,Normal dispute lifecycle; all physical telemetry and identity records match.
CASE-000318,CONSISTENT,,NONE,Normal dispute lifecycle; all physical telemetry and identity records match.
CASE-000319,CONSISTENT,,NONE,Normal dispute lifecycle; all physical telemetry and identity records match.
CASE-000320,CONSISTENT,,NONE,Normal dispute lifecycle; all physical telemetry and identity records match.
CASE-000321,CONSISTENT,,NONE,Normal dispute lifecycle; all physical telemetry and identity records match.
CASE-000322,CONSISTENT,,NONE,Normal dispute lifecycle; all physical telemetry and identity records match.
CASE-000323,CONSISTENT,,NONE,Normal dispute lifecycle; all physical telemetry and identity records match.
CASE-000324,CONSISTENT,,NONE,Normal dispute lifecycle; all physical telemetry and identity records match.
CASE-000325,CONSISTENT,,NONE,Normal dispute lifecycle; all physical telemetry and identity records match.
CASE-000326,CONSISTENT,,NONE,Normal dispute lifecycle; all physical telemetry and identity records match.
CASE-000327,CONSISTENT,,NONE,Normal dispute lifecycle; all physical telemetry and identity records match.
CASE-000328,CONSISTENT,,NONE,Normal dispute lifecycle; all physical telemetry and identity records match.
CASE-000329,CONSISTENT,,NONE,Normal dispute lifecycle; all physical telemetry and identity records match.
CASE-000330,CONSISTENT,,NONE,Normal dispute lifecycle; all physical telemetry and identity records match.
CASE-000331,CONSISTENT,,NONE,Normal dispute lifecycle; all physical telemetry and identity records match.
CASE-000332,CONSISTENT,,NONE,Normal dispute lifecycle; all physical telemetry and identity records match.
CASE-000333,CONSISTENT,,NONE,Normal dispute lifecycle; all physical telemetry and identity records match.
CASE-000334,CONSISTENT,,NONE,Normal dispute lifecycle; all physical telemetry and identity records match.
CASE-000335,CONSISTENT,,NONE,Normal dispute lifecycle; all physical telemetry and identity records match.
CASE-000336,CONSISTENT,,NONE,Normal dispute lifecycle; all physical telemetry and identity records match.
CASE-000337,CONSISTENT,,NONE,Normal dispute lifecycle; all physical telemetry and identity records match.
CASE-000338,CONSISTENT,,NONE,Normal dispute lifecycle; all physical telemetry and identity records match.
CASE-000339,CONSISTENT,,NONE,Normal dispute lifecycle; all physical telemetry and identity records match.
CASE-000340,CONSISTENT,,NONE,Normal dispute lifecycle; all physical telemetry and identity records match.
CASE-000341,CONSISTENT,,NONE,Normal dispute lifecycle; all physical telemetry and identity records match.
CASE-000342,CONSISTENT,,NONE,Normal dispute lifecycle; all physical telemetry and identity records match.
CASE-000343,CONSISTENT,,NONE,Normal dispute lifecycle; all physical telemetry and identity records match.
CASE-000344,CONSISTENT,,NONE,Normal dispute lifecycle; all physical telemetry and identity records match.
CASE-000345,CONSISTENT,,NONE,Normal dispute lifecycle; all physical telemetry and identity records match.
CASE-000346,CONSISTENT,,NONE,Normal dispute lifecycle; all physical telemetry and identity records match.
CASE-000347,CONSISTENT,,NONE,Normal dispute lifecycle; all physical telemetry and identity records match.
CASE-000348,CONSISTENT,,NONE,Normal dispute lifecycle; all physical telemetry and identity records match.
CASE-000349,CONSISTENT,,NONE,Normal dispute lifecycle; all physical telemetry and identity records match.
CASE-000350,CONSISTENT,,NONE,Normal dispute lifecycle; all physical telemetry and identity records match.
CASE-000351,CONSISTENT,,NONE,Normal dispute lifecycle; all physical telemetry and identity records match.
CASE-000352,CONSISTENT,,NONE,Normal dispute lifecycle; all physical telemetry and identity records match.
CASE-000353,CONSISTENT,,NONE,Normal dispute lifecycle; all physical telemetry and identity records match.
CASE-000354,CONSISTENT,,NONE,Normal dispute lifecycle; all physical telemetry and identity records match.
CASE-000355,CONSISTENT,,NONE,Normal dispute lifecycle; all physical telemetry and identity records match.
CASE-000356,CONSISTENT,,NONE,Normal dispute lifecycle; all physical telemetry and identity records match.
CASE-000357,CONSISTENT,,NONE,Normal dispute lifecycle; all physical telemetry and identity records match.
CASE-000358,CONSISTENT,,NONE,Normal dispute lifecycle; all physical telemetry and identity records match.
CASE-000359,CONSISTENT,,NONE,Normal dispute lifecycle; all physical telemetry and identity records match.
CASE-000360,CONSISTENT,,NONE,Normal dispute lifecycle; all physical telemetry and identity records match.
CASE-000361,CONSISTENT,,NONE,Normal dispute lifecycle; all physical telemetry and identity records match.
CASE-000362,CONSISTENT,,NONE,Normal dispute lifecycle; all physical telemetry and identity records match.
CASE-000363,CONSISTENT,,NONE,Normal dispute lifecycle; all physical telemetry and identity records match.
CASE-000364,CONSISTENT,,NONE,Normal dispute lifecycle; all physical telemetry and identity records match.
CASE-000365,CONSISTENT,,NONE,Normal dispute lifecycle; all physical telemetry and identity records match.
CASE-000366,CONSISTENT,,NONE,Normal dispute lifecycle; all physical telemetry and identity records match.
CASE-000367,CONSISTENT,,NONE,Normal dispute lifecycle; all physical telemetry and identity records match.
CASE-000368,CONSISTENT,,NONE,Normal dispute lifecycle; all physical telemetry and identity records match.
CASE-000369,CONSISTENT,,NONE,Normal dispute lifecycle; all physical telemetry and identity records match.
CASE-000370,CONSISTENT,,NONE,Normal dispute lifecycle; all physical telemetry and identity records match.
CASE-000371,CONSISTENT,,NONE,Normal dispute lifecycle; all physical telemetry and identity records match.
CASE-000372,CONSISTENT,,NONE,Normal dispute lifecycle; all physical telemetry and identity records match.
CASE-000373,CONSISTENT,,NONE,Normal dispute lifecycle; all physical telemetry and identity records match.
CASE-000374,CONSISTENT,,NONE,Normal dispute lifecycle; all physical telemetry and identity records match.
CASE-000375,CONSISTENT,,NONE,Normal dispute lifecycle; all physical telemetry and identity records match.
CASE-000376,CONSISTENT,,NONE,Normal dispute lifecycle; all physical telemetry and identity records match.
CASE-000377,CONSISTENT,,NONE,Normal dispute lifecycle; all physical telemetry and identity records match.
CASE-000378,CONSISTENT,,NONE,Normal dispute lifecycle; all physical telemetry and identity records match.
CASE-000379,CONSISTENT,,NONE,Normal dispute lifecycle; all physical telemetry and identity records match.
CASE-000380,CONSISTENT,,NONE,Normal dispute lifecycle; all physical telemetry and identity records match.
CASE-000381,CONSISTENT,,NONE,Normal dispute lifecycle; all physical telemetry and identity records match.
CASE-000382,CONSISTENT,,NONE,Normal dispute lifecycle; all physical telemetry and identity records match.
CASE-000383,CONSISTENT,,NONE,Normal dispute lifecycle; all physical telemetry and identity records match.
CASE-000384,CONSISTENT,,NONE,Normal dispute lifecycle; all physical telemetry and identity records match.
CASE-000385,CONSISTENT,,NONE,Normal dispute lifecycle; all physical telemetry and identity records match.
CASE-000386,CONSISTENT,,NONE,Normal dispute lifecycle; all physical telemetry and identity records match.
CASE-000387,CONSISTENT,,NONE,Normal dispute lifecycle; all physical telemetry and identity records match.
CASE-000388,CONSISTENT,,NONE,Normal dispute lifecycle; all physical telemetry and identity records match.
CASE-000389,CONSISTENT,,NONE,Normal dispute lifecycle; all physical telemetry and identity records match.
CASE-000390,CONSISTENT,,NONE,Normal dispute lifecycle; all physical telemetry and identity records match.
CASE-000391,CONSISTENT,,NONE,Normal dispute lifecycle; all physical telemetry and identity records match.
CASE-000392,CONSISTENT,,NONE,Normal dispute lifecycle; all physical telemetry and identity records match.
CASE-000393,CONSISTENT,,NONE,Normal dispute lifecycle; all physical telemetry and identity records match.
CASE-000394,CONSISTENT,,NONE,Normal dispute lifecycle; all physical telemetry and identity records match.
CASE-000395,CONSISTENT,,NONE,Normal dispute lifecycle; all physical telemetry and identity records match.
CASE-000396,CONSISTENT,,NONE,Normal dispute lifecycle; all physical telemetry and identity records match.
CASE-000397,CONSISTENT,,NONE,Normal dispute lifecycle; all physical telemetry and identity records match.
CASE-000398,CONSISTENT,,NONE,Normal dispute lifecycle; all physical telemetry and identity records match.
CASE-000399,CONSISTENT,,NONE,Normal dispute lifecycle; all physical telemetry and identity records match.
CASE-000400,CONSISTENT,,NONE,Normal dispute lifecycle; all physical telemetry and identity records match.
CASE-000401,CONSISTENT,,NONE,Normal dispute lifecycle; all physical telemetry and identity records match.
CASE-000402,CONSISTENT,,NONE,Normal dispute lifecycle; all physical telemetry and identity records match.
CASE-000403,CONSISTENT,,NONE,Normal dispute lifecycle; all physical telemetry and identity records match.
CASE-000404,CONSISTENT,,NONE,Normal dispute lifecycle; all physical telemetry and identity records match.
CASE-000405,CONSISTENT,,NONE,Normal dispute lifecycle; all physical telemetry and identity records match.
CASE-000406,CONSISTENT,,NONE,Normal dispute lifecycle; all physical telemetry and identity records match.
CASE-000407,CONSISTENT,,NONE,Normal dispute lifecycle; all physical telemetry and identity records match.
CASE-000408,CONSISTENT,,NONE,Normal dispute lifecycle; all physical telemetry and identity records match.
CASE-000409,CONSISTENT,,NONE,Normal dispute lifecycle; all physical telemetry and identity records match.
CASE-000410,CONSISTENT,,NONE,Normal dispute lifecycle; all physical telemetry and identity records match.
CASE-000411,CONSISTENT,,NONE,Normal dispute lifecycle; all physical telemetry and identity records match.
CASE-000412,CONSISTENT,,NONE,Normal dispute lifecycle; all physical telemetry and identity records match.
CASE-000413,CONSISTENT,,NONE,Normal dispute lifecycle; all physical telemetry and identity records match.
CASE-000414,CONSISTENT,,NONE,Normal dispute lifecycle; all physical telemetry and identity records match.
CASE-000415,CONSISTENT,,NONE,Normal dispute lifecycle; all physical telemetry and identity records match.
CASE-000416,CONSISTENT,,NONE,Normal dispute lifecycle; all physical telemetry and identity records match.
CASE-000417,CONSISTENT,,NONE,Normal dispute lifecycle; all physical telemetry and identity records match.
CASE-000418,CONSISTENT,,NONE,Normal dispute lifecycle; all physical telemetry and identity records match.
CASE-000419,CONSISTENT,,NONE,Normal dispute lifecycle; all physical telemetry and identity records match.
CASE-000420,CONSISTENT,,NONE,Normal dispute lifecycle; all physical telemetry and identity records match.
CASE-000421,CONSISTENT,,NONE,Normal dispute lifecycle; all physical telemetry and identity records match.
CASE-000422,CONSISTENT,,NONE,Normal dispute lifecycle; all physical telemetry and identity records match.
CASE-000423,CONSISTENT,,NONE,Normal dispute lifecycle; all physical telemetry and identity records match.
CASE-000424,CONSISTENT,,NONE,Normal dispute lifecycle; all physical telemetry and identity records match.
CASE-000425,CONSISTENT,,NONE,Normal dispute lifecycle; all physical telemetry and identity records match.
CASE-000426,CONSISTENT,,NONE,Normal dispute lifecycle; all physical telemetry and identity records match.
CASE-000427,CONSISTENT,,NONE,Normal dispute lifecycle; all physical telemetry and identity records match.
CASE-000428,CONSISTENT,,NONE,Normal dispute lifecycle; all physical telemetry and identity records match.
CASE-000429,CONSISTENT,,NONE,Normal dispute lifecycle; all physical telemetry and identity records match.
CASE-000430,CONSISTENT,,NONE,Normal dispute lifecycle; all physical telemetry and identity records match.
CASE-000431,CONSISTENT,,NONE,Normal dispute lifecycle; all physical telemetry and identity records match.
CASE-000432,CONSISTENT,,NONE,Normal dispute lifecycle; all physical telemetry and identity records match.
CASE-000433,CONSISTENT,,NONE,Normal dispute lifecycle; all physical telemetry and identity records match.
CASE-000434,CONSISTENT,,NONE,Normal dispute lifecycle; all physical telemetry and identity records match.
CASE-000435,CONSISTENT,,NONE,Normal dispute lifecycle; all physical telemetry and identity records match.
CASE-000436,CONSISTENT,,NONE,Normal dispute lifecycle; all physical telemetry and identity records match.
CASE-000437,CONSISTENT,,NONE,Normal dispute lifecycle; all physical telemetry and identity records match.
CASE-000438,CONSISTENT,,NONE,Normal dispute lifecycle; all physical telemetry and identity records match.
CASE-000439,CONSISTENT,,NONE,Normal dispute lifecycle; all physical telemetry and identity records match.
CASE-000440,CONSISTENT,,NONE,Normal dispute lifecycle; all physical telemetry and identity records match.
CASE-000441,CONSISTENT,,NONE,Normal dispute lifecycle; all physical telemetry and identity records match.
CASE-000442,CONSISTENT,,NONE,Normal dispute lifecycle; all physical telemetry and identity records match.
CASE-000443,CONSISTENT,,NONE,Normal dispute lifecycle; all physical telemetry and identity records match.
CASE-000444,CONSISTENT,,NONE,Normal dispute lifecycle; all physical telemetry and identity records match.
CASE-000445,CONSISTENT,,NONE,Normal dispute lifecycle; all physical telemetry and identity records match.
CASE-000446,CONSISTENT,,NONE,Normal dispute lifecycle; all physical telemetry and identity records match.
CASE-000447,CONSISTENT,,NONE,Normal dispute lifecycle; all physical telemetry and identity records match.
CASE-000448,CONSISTENT,,NONE,Normal dispute lifecycle; all physical telemetry and identity records match.
CASE-000449,CONSISTENT,,NONE,Normal dispute lifecycle; all physical telemetry and identity records match.
CASE-000450,CONSISTENT,,NONE,Normal dispute lifecycle; all physical telemetry and identity records match.
CASE-000451,CONSISTENT,,NONE,Normal dispute lifecycle; all physical telemetry and identity records match.
CASE-000452,CONSISTENT,,NONE,Normal dispute lifecycle; all physical telemetry and identity records match.
CASE-000453,CONSISTENT,,NONE,Normal dispute lifecycle; all physical telemetry and identity records match.
CASE-000454,CONSISTENT,,NONE,Normal dispute lifecycle; all physical telemetry and identity records match.
CASE-000455,CONSISTENT,,NONE,Normal dispute lifecycle; all physical telemetry and identity records match.
CASE-000456,CONSISTENT,,NONE,Normal dispute lifecycle; all physical telemetry and identity records match.
CASE-000457,CONSISTENT,,NONE,Normal dispute lifecycle; all physical telemetry and identity records match.
CASE-000458,CONSISTENT,,NONE,Normal dispute lifecycle; all physical telemetry and identity records match.
CASE-000459,CONSISTENT,,NONE,Normal dispute lifecycle; all physical telemetry and identity records match.
CASE-000460,CONSISTENT,,NONE,Normal dispute lifecycle; all physical telemetry and identity records match.
CASE-000461,CONSISTENT,,NONE,Normal dispute lifecycle; all physical telemetry and identity records match.
CASE-000462,CONSISTENT,,NONE,Normal dispute lifecycle; all physical telemetry and identity records match.
CASE-000463,CONSISTENT,,NONE,Normal dispute lifecycle; all physical telemetry and identity records match.
CASE-000464,CONSISTENT,,NONE,Normal dispute lifecycle; all physical telemetry and identity records match.
CASE-000465,CONSISTENT,,NONE,Normal dispute lifecycle; all physical telemetry and identity records match.
CASE-000466,CONSISTENT,,NONE,Normal dispute lifecycle; all physical telemetry and identity records match.
CASE-000467,CONSISTENT,,NONE,Normal dispute lifecycle; all physical telemetry and identity records match.
CASE-000468,CONSISTENT,,NONE,Normal dispute lifecycle; all physical telemetry and identity records match.
CASE-000469,CONSISTENT,,NONE,Normal dispute lifecycle; all physical telemetry and identity records match.
CASE-000470,CONSISTENT,,NONE,Normal dispute lifecycle; all physical telemetry and identity records match.
CASE-000471,CONSISTENT,,NONE,Normal dispute lifecycle; all physical telemetry and identity records match.
CASE-000472,CONSISTENT,,NONE,Normal dispute lifecycle; all physical telemetry and identity records match.
CASE-000473,CONSISTENT,,NONE,Normal dispute lifecycle; all physical telemetry and identity records match.
CASE-000474,CONSISTENT,,NONE,Normal dispute lifecycle; all physical telemetry and identity records match.
CASE-000475,CONSISTENT,,NONE,Normal dispute lifecycle; all physical telemetry and identity records match.
CASE-000476,CONSISTENT,,NONE,Normal dispute lifecycle; all physical telemetry and identity records match.
CASE-000477,CONSISTENT,,NONE,Normal dispute lifecycle; all physical telemetry and identity records match.
CASE-000478,CONSISTENT,,NONE,Normal dispute lifecycle; all physical telemetry and identity records match.
CASE-000479,CONSISTENT,,NONE,Normal dispute lifecycle; all physical telemetry and identity records match.
CASE-000480,CONSISTENT,,NONE,Normal dispute lifecycle; all physical telemetry and identity records match.
CASE-000481,CONSISTENT,,NONE,Normal dispute lifecycle; all physical telemetry and identity records match.
CASE-000482,CONSISTENT,,NONE,Normal dispute lifecycle; all physical telemetry and identity records match.
CASE-000483,CONSISTENT,,NONE,Normal dispute lifecycle; all physical telemetry and identity records match.
CASE-000484,CONSISTENT,,NONE,Normal dispute lifecycle; all physical telemetry and identity records match.
CASE-000485,CONSISTENT,,NONE,Normal dispute lifecycle; all physical telemetry and identity records match.
CASE-000486,CONSISTENT,,NONE,Normal dispute lifecycle; all physical telemetry and identity records match.
CASE-000487,CONSISTENT,,NONE,Normal dispute lifecycle; all physical telemetry and identity records match.
CASE-000488,CONSISTENT,,NONE,Normal dispute lifecycle; all physical telemetry and identity records match.
CASE-000489,CONSISTENT,,NONE,Normal dispute lifecycle; all physical telemetry and identity records match.
CASE-000490,CONSISTENT,,NONE,Normal dispute lifecycle; all physical telemetry and identity records match.
CASE-000491,CONSISTENT,,NONE,Normal dispute lifecycle; all physical telemetry and identity records match.
CASE-000492,CONSISTENT,,NONE,Normal dispute lifecycle; all physical telemetry and identity records match.
CASE-000493,CONSISTENT,,NONE,Normal dispute lifecycle; all physical telemetry and identity records match.
CASE-000494,CONSISTENT,,NONE,Normal dispute lifecycle; all physical telemetry and identity records match.
CASE-000495,CONSISTENT,,NONE,Normal dispute lifecycle; all physical telemetry and identity records match.
CASE-000496,CONSISTENT,,NONE,Normal dispute lifecycle; all physical telemetry and identity records match.
CASE-000497,CONSISTENT,,NONE,Normal dispute lifecycle; all physical telemetry and identity records match.
CASE-000498,CONSISTENT,,NONE,Normal dispute lifecycle; all physical telemetry and identity records match.
CASE-000499,CONSISTENT,,NONE,Normal dispute lifecycle; all physical telemetry and identity records match.
CASE-000500,CONSISTENT,,NONE,Normal dispute lifecycle; all physical telemetry and identity records match.
CASE-000501,CONSISTENT,,NONE,Normal dispute lifecycle; all physical telemetry and identity records match.
CASE-000502,CONSISTENT,,NONE,Normal dispute lifecycle; all physical telemetry and identity records match.
CASE-000503,CONSISTENT,,NONE,Normal dispute lifecycle; all physical telemetry and identity records match.
CASE-000504,CONSISTENT,,NONE,Normal dispute lifecycle; all physical telemetry and identity records match.
CASE-000505,CONSISTENT,,NONE,Normal dispute lifecycle; all physical telemetry and identity records match.
CASE-000506,CONSISTENT,,NONE,Normal dispute lifecycle; all physical telemetry and identity records match.
CASE-000507,CONSISTENT,,NONE,Normal dispute lifecycle; all physical telemetry and identity records match.
CASE-000508,CONSISTENT,,NONE,Normal dispute lifecycle; all physical telemetry and identity records match.
CASE-000509,CONSISTENT,,NONE,Normal dispute lifecycle; all physical telemetry and identity records match.
CASE-000510,CONSISTENT,,NONE,Normal dispute lifecycle; all physical telemetry and identity records match.
CASE-000511,CONSISTENT,,NONE,Normal dispute lifecycle; all physical telemetry and identity records match.
CASE-000512,CONSISTENT,,NONE,Normal dispute lifecycle; all physical telemetry and identity records match.
CASE-000513,CONSISTENT,,NONE,Normal dispute lifecycle; all physical telemetry and identity records match.
CASE-000514,CONSISTENT,,NONE,Normal dispute lifecycle; all physical telemetry and identity records match.
CASE-000515,CONSISTENT,,NONE,Normal dispute lifecycle; all physical telemetry and identity records match.
CASE-000516,CONSISTENT,,NONE,Normal dispute lifecycle; all physical telemetry and identity records match.
CASE-000517,CONSISTENT,,NONE,Normal dispute lifecycle; all physical telemetry and identity records match.
CASE-000518,CONSISTENT,,NONE,Normal dispute lifecycle; all physical telemetry and identity records match.
CASE-000519,CONSISTENT,,NONE,Normal dispute lifecycle; all physical telemetry and identity records match.
CASE-000520,CONSISTENT,,NONE,Normal dispute lifecycle; all physical telemetry and identity records match.
CASE-000521,CONSISTENT,,NONE,Normal dispute lifecycle; all physical telemetry and identity records match.
CASE-000522,CONSISTENT,,NONE,Normal dispute lifecycle; all physical telemetry and identity records match.
CASE-000523,CONSISTENT,,NONE,Normal dispute lifecycle; all physical telemetry and identity records match.
CASE-000524,CONSISTENT,,NONE,Normal dispute lifecycle; all physical telemetry and identity records match.
CASE-000525,CONSISTENT,,NONE,Normal dispute lifecycle; all physical telemetry and identity records match.
CASE-000526,CONSISTENT,,NONE,Normal dispute lifecycle; all physical telemetry and identity records match.
CASE-000527,CONSISTENT,,NONE,Normal dispute lifecycle; all physical telemetry and identity records match.
CASE-000528,CONSISTENT,,NONE,Normal dispute lifecycle; all physical telemetry and identity records match.
CASE-000529,CONSISTENT,,NONE,Normal dispute lifecycle; all physical telemetry and identity records match.
CASE-000530,CONSISTENT,,NONE,Normal dispute lifecycle; all physical telemetry and identity records match.
CASE-000531,CONSISTENT,,NONE,Normal dispute lifecycle; all physical telemetry and identity records match.
CASE-000532,CONSISTENT,,NONE,Normal dispute lifecycle; all physical telemetry and identity records match.
CASE-000533,CONSISTENT,,NONE,Normal dispute lifecycle; all physical telemetry and identity records match.
CASE-000534,CONSISTENT,,NONE,Normal dispute lifecycle; all physical telemetry and identity records match.
CASE-000535,CONSISTENT,,NONE,Normal dispute lifecycle; all physical telemetry and identity records match.
CASE-000536,CONSISTENT,,NONE,Normal dispute lifecycle; all physical telemetry and identity records match.
CASE-000537,CONSISTENT,,NONE,Normal dispute lifecycle; all physical telemetry and identity records match.
CASE-000538,CONSISTENT,,NONE,Normal dispute lifecycle; all physical telemetry and identity records match.
CASE-000539,CONSISTENT,,NONE,Normal dispute lifecycle; all physical telemetry and identity records match.
CASE-000540,CONSISTENT,,NONE,Normal dispute lifecycle; all physical telemetry and identity records match.
CASE-000541,CONSISTENT,,NONE,Normal dispute lifecycle; all physical telemetry and identity records match.
CASE-000542,CONSISTENT,,NONE,Normal dispute lifecycle; all physical telemetry and identity records match.
CASE-000543,CONSISTENT,,NONE,Normal dispute lifecycle; all physical telemetry and identity records match.
CASE-000544,CONSISTENT,,NONE,Normal dispute lifecycle; all physical telemetry and identity records match.
CASE-000545,CONSISTENT,,NONE,Normal dispute lifecycle; all physical telemetry and identity records match.
CASE-000546,CONSISTENT,,NONE,Normal dispute lifecycle; all physical telemetry and identity records match.
CASE-000547,CONSISTENT,,NONE,Normal dispute lifecycle; all physical telemetry and identity records match.
CASE-000548,CONSISTENT,,NONE,Normal dispute lifecycle; all physical telemetry and identity records match.
CASE-000549,CONSISTENT,,NONE,Normal dispute lifecycle; all physical telemetry and identity records match.
CASE-000550,CONSISTENT,,NONE,Normal dispute lifecycle; all physical telemetry and identity records match.
CASE-000551,CONSISTENT,,NONE,Normal dispute lifecycle; all physical telemetry and identity records match.
CASE-000552,CONSISTENT,,NONE,Normal dispute lifecycle; all physical telemetry and identity records match.
CASE-000553,CONSISTENT,,NONE,Normal dispute lifecycle; all physical telemetry and identity records match.
CASE-000554,CONSISTENT,,NONE,Normal dispute lifecycle; all physical telemetry and identity records match.
CASE-000555,CONSISTENT,,NONE,Normal dispute lifecycle; all physical telemetry and identity records match.
CASE-000556,CONSISTENT,,NONE,Normal dispute lifecycle; all physical telemetry and identity records match.
CASE-000557,CONSISTENT,,NONE,Normal dispute lifecycle; all physical telemetry and identity records match.
CASE-000558,CONSISTENT,,NONE,Normal dispute lifecycle; all physical telemetry and identity records match.
CASE-000559,CONSISTENT,,NONE,Normal dispute lifecycle; all physical telemetry and identity records match.
CASE-000560,CONSISTENT,,NONE,Normal dispute lifecycle; all physical telemetry and identity records match.
CASE-000561,CONSISTENT,,NONE,Normal dispute lifecycle; all physical telemetry and identity records match.
CASE-000562,CONSISTENT,,NONE,Normal dispute lifecycle; all physical telemetry and identity records match.
CASE-000563,CONSISTENT,,NONE,Normal dispute lifecycle; all physical telemetry and identity records match.
CASE-000564,CONSISTENT,,NONE,Normal dispute lifecycle; all physical telemetry and identity records match.
CASE-000565,CONSISTENT,,NONE,Normal dispute lifecycle; all physical telemetry and identity records match.
CASE-000566,CONSISTENT,,NONE,Normal dispute lifecycle; all physical telemetry and identity records match.
CASE-000567,CONSISTENT,,NONE,Normal dispute lifecycle; all physical telemetry and identity records match.
CASE-000568,CONSISTENT,,NONE,Normal dispute lifecycle; all physical telemetry and identity records match.
CASE-000569,CONSISTENT,,NONE,Normal dispute lifecycle; all physical telemetry and identity records match.
CASE-000570,CONSISTENT,,NONE,Normal dispute lifecycle; all physical telemetry and identity records match.
CASE-000571,CONSISTENT,,NONE,Normal dispute lifecycle; all physical telemetry and identity records match.
CASE-000572,CONSISTENT,,NONE,Normal dispute lifecycle; all physical telemetry and identity records match.
CASE-000573,CONSISTENT,,NONE,Normal dispute lifecycle; all physical telemetry and identity records match.
CASE-000574,CONSISTENT,,NONE,Normal dispute lifecycle; all physical telemetry and identity records match.
CASE-000575,CONSISTENT,,NONE,Normal dispute lifecycle; all physical telemetry and identity records match.
CASE-000576,CONSISTENT,,NONE,Normal dispute lifecycle; all physical telemetry and identity records match.
CASE-000577,CONSISTENT,,NONE,Normal dispute lifecycle; all physical telemetry and identity records match.
CASE-000578,CONSISTENT,,NONE,Normal dispute lifecycle; all physical telemetry and identity records match.
CASE-000579,CONSISTENT,,NONE,Normal dispute lifecycle; all physical telemetry and identity records match.
CASE-000580,CONSISTENT,,NONE,Normal dispute lifecycle; all physical telemetry and identity records match.
CASE-000581,CONSISTENT,,NONE,Normal dispute lifecycle; all physical telemetry and identity records match.
CASE-000582,CONSISTENT,,NONE,Normal dispute lifecycle; all physical telemetry and identity records match.
CASE-000583,CONSISTENT,,NONE,Normal dispute lifecycle; all physical telemetry and identity records match.
CASE-000584,CONSISTENT,,NONE,Normal dispute lifecycle; all physical telemetry and identity records match.
CASE-000585,CONSISTENT,,NONE,Normal dispute lifecycle; all physical telemetry and identity records match.
CASE-000586,CONSISTENT,,NONE,Normal dispute lifecycle; all physical telemetry and identity records match.
CASE-000587,CONSISTENT,,NONE,Normal dispute lifecycle; all physical telemetry and identity records match.
CASE-000588,CONSISTENT,,NONE,Normal dispute lifecycle; all physical telemetry and identity records match.
CASE-000589,CONSISTENT,,NONE,Normal dispute lifecycle; all physical telemetry and identity records match.
CASE-000590,CONSISTENT,,NONE,Normal dispute lifecycle; all physical telemetry and identity records match.
CASE-000591,CONSISTENT,,NONE,Normal dispute lifecycle; all physical telemetry and identity records match.
CASE-000592,CONSISTENT,,NONE,Normal dispute lifecycle; all physical telemetry and identity records match.
CASE-000593,CONSISTENT,,NONE,Normal dispute lifecycle; all physical telemetry and identity records match.
CASE-000594,CONSISTENT,,NONE,Normal dispute lifecycle; all physical telemetry and identity records match.
CASE-000595,CONSISTENT,,NONE,Normal dispute lifecycle; all physical telemetry and identity records match.
CASE-000596,CONSISTENT,,NONE,Normal dispute lifecycle; all physical telemetry and identity records match.
CASE-000597,CONSISTENT,,NONE,Normal dispute lifecycle; all physical telemetry and identity records match.
CASE-000598,CONSISTENT,,NONE,Normal dispute lifecycle; all physical telemetry and identity records match.
CASE-000599,CONSISTENT,,NONE,Normal dispute lifecycle; all physical telemetry and identity records match.
CASE-000600,CONSISTENT,,NONE,Normal dispute lifecycle; all physical telemetry and identity records match.
CASE-000601,CONSISTENT,,NONE,Normal dispute lifecycle; all physical telemetry and identity records match.
CASE-000602,CONSISTENT,,NONE,Normal dispute lifecycle; all physical telemetry and identity records match.
CASE-000603,CONSISTENT,,NONE,Normal dispute lifecycle; all physical telemetry and identity records match.
CASE-000604,CONSISTENT,,NONE,Normal dispute lifecycle; all physical telemetry and identity records match.
CASE-000605,CONSISTENT,,NONE,Normal dispute lifecycle; all physical telemetry and identity records match.
CASE-000606,CONSISTENT,,NONE,Normal dispute lifecycle; all physical telemetry and identity records match.
CASE-000607,CONSISTENT,,NONE,Normal dispute lifecycle; all physical telemetry and identity records match.
CASE-000608,CONSISTENT,,NONE,Normal dispute lifecycle; all physical telemetry and identity records match.
CASE-000609,CONSISTENT,,NONE,Normal dispute lifecycle; all physical telemetry and identity records match.
CASE-000610,CONSISTENT,,NONE,Normal dispute lifecycle; all physical telemetry and identity records match.
CASE-000611,CONSISTENT,,NONE,Normal dispute lifecycle; all physical telemetry and identity records match.
CASE-000612,CONSISTENT,,NONE,Normal dispute lifecycle; all physical telemetry and identity records match.
CASE-000613,CONSISTENT,,NONE,Normal dispute lifecycle; all physical telemetry and identity records match.
CASE-000614,CONSISTENT,,NONE,Normal dispute lifecycle; all physical telemetry and identity records match.
CASE-000615,CONSISTENT,,NONE,Normal dispute lifecycle; all physical telemetry and identity records match.
CASE-000616,CONSISTENT,,NONE,Normal dispute lifecycle; all physical telemetry and identity records match.
CASE-000617,CONSISTENT,,NONE,Normal dispute lifecycle; all physical telemetry and identity records match.
CASE-000618,CONSISTENT,,NONE,Normal dispute lifecycle; all physical telemetry and identity records match.
CASE-000619,CONSISTENT,,NONE,Normal dispute lifecycle; all physical telemetry and identity records match.
CASE-000620,CONSISTENT,,NONE,Normal dispute lifecycle; all physical telemetry and identity records match.
CASE-000621,CONSISTENT,,NONE,Normal dispute lifecycle; all physical telemetry and identity records match.
CASE-000622,CONSISTENT,,NONE,Normal dispute lifecycle; all physical telemetry and identity records match.
CASE-000623,CONSISTENT,,NONE,Normal dispute lifecycle; all physical telemetry and identity records match.
CASE-000624,CONSISTENT,,NONE,Normal dispute lifecycle; all physical telemetry and identity records match.
CASE-000625,CONSISTENT,,NONE,Normal dispute lifecycle; all physical telemetry and identity records match.
CASE-000626,CONSISTENT,,NONE,Normal dispute lifecycle; all physical telemetry and identity records match.
CASE-000627,CONSISTENT,,NONE,Normal dispute lifecycle; all physical telemetry and identity records match.
CASE-000628,CONSISTENT,,NONE,Normal dispute lifecycle; all physical telemetry and identity records match.
CASE-000629,CONSISTENT,,NONE,Normal dispute lifecycle; all physical telemetry and identity records match.
CASE-000630,CONSISTENT,,NONE,Normal dispute lifecycle; all physical telemetry and identity records match.
CASE-000631,CONSISTENT,,NONE,Normal dispute lifecycle; all physical telemetry and identity records match.
CASE-000632,CONSISTENT,,NONE,Normal dispute lifecycle; all physical telemetry and identity records match.
CASE-000633,CONSISTENT,,NONE,Normal dispute lifecycle; all physical telemetry and identity records match.
CASE-000634,CONSISTENT,,NONE,Normal dispute lifecycle; all physical telemetry and identity records match.
CASE-000635,CONSISTENT,,NONE,Normal dispute lifecycle; all physical telemetry and identity records match.
CASE-000636,CONSISTENT,,NONE,Normal dispute lifecycle; all physical telemetry and identity records match.
CASE-000637,CONSISTENT,,NONE,Normal dispute lifecycle; all physical telemetry and identity records match.
CASE-000638,CONSISTENT,,NONE,Normal dispute lifecycle; all physical telemetry and identity records match.
CASE-000639,CONSISTENT,,NONE,Normal dispute lifecycle; all physical telemetry and identity records match.
CASE-000640,CONSISTENT,,NONE,Normal dispute lifecycle; all physical telemetry and identity records match.
CASE-000641,CONSISTENT,,NONE,Normal dispute lifecycle; all physical telemetry and identity records match.
CASE-000642,CONSISTENT,,NONE,Normal dispute lifecycle; all physical telemetry and identity records match.
CASE-000643,CONSISTENT,,NONE,Normal dispute lifecycle; all physical telemetry and identity records match.
CASE-000644,CONSISTENT,,NONE,Normal dispute lifecycle; all physical telemetry and identity records match.
CASE-000645,CONSISTENT,,NONE,Normal dispute lifecycle; all physical telemetry and identity records match.
CASE-000646,CONSISTENT,,NONE,Normal dispute lifecycle; all physical telemetry and identity records match.
CASE-000647,CONSISTENT,,NONE,Normal dispute lifecycle; all physical telemetry and identity records match.
CASE-000648,CONSISTENT,,NONE,Normal dispute lifecycle; all physical telemetry and identity records match.
CASE-000649,CONSISTENT,,NONE,Normal dispute lifecycle; all physical telemetry and identity records match.
CASE-000650,CONSISTENT,,NONE,Normal dispute lifecycle; all physical telemetry and identity records match.
CASE-000651,CONSISTENT,,NONE,Normal dispute lifecycle; all physical telemetry and identity records match.
CASE-000652,CONSISTENT,,NONE,Normal dispute lifecycle; all physical telemetry and identity records match.
CASE-000653,CONSISTENT,,NONE,Normal dispute lifecycle; all physical telemetry and identity records match.
CASE-000654,CONSISTENT,,NONE,Normal dispute lifecycle; all physical telemetry and identity records match.
CASE-000655,CONSISTENT,,NONE,Normal dispute lifecycle; all physical telemetry and identity records match.
CASE-000656,CONSISTENT,,NONE,Normal dispute lifecycle; all physical telemetry and identity records match.
CASE-000657,CONSISTENT,,NONE,Normal dispute lifecycle; all physical telemetry and identity records match.
CASE-000658,CONSISTENT,,NONE,Normal dispute lifecycle; all physical telemetry and identity records match.
CASE-000659,CONSISTENT,,NONE,Normal dispute lifecycle; all physical telemetry and identity records match.
CASE-000660,CONSISTENT,,NONE,Normal dispute lifecycle; all physical telemetry and identity records match.
CASE-000661,CONSISTENT,,NONE,Normal dispute lifecycle; all physical telemetry and identity records match.
CASE-000662,CONSISTENT,,NONE,Normal dispute lifecycle; all physical telemetry and identity records match.
CASE-000663,CONSISTENT,,NONE,Normal dispute lifecycle; all physical telemetry and identity records match.
CASE-000664,CONSISTENT,,NONE,Normal dispute lifecycle; all physical telemetry and identity records match.
CASE-000665,CONSISTENT,,NONE,Normal dispute lifecycle; all physical telemetry and identity records match.
CASE-000666,CONSISTENT,,NONE,Normal dispute lifecycle; all physical telemetry and identity records match.
CASE-000667,CONSISTENT,,NONE,Normal dispute lifecycle; all physical telemetry and identity records match.
CASE-000668,CONSISTENT,,NONE,Normal dispute lifecycle; all physical telemetry and identity records match.
CASE-000669,CONSISTENT,,NONE,Normal dispute lifecycle; all physical telemetry and identity records match.
CASE-000670,CONSISTENT,,NONE,Normal dispute lifecycle; all physical telemetry and identity records match.
CASE-000671,CONSISTENT,,NONE,Normal dispute lifecycle; all physical telemetry and identity records match.
CASE-000672,CONSISTENT,,NONE,Normal dispute lifecycle; all physical telemetry and identity records match.
CASE-000673,CONSISTENT,,NONE,Normal dispute lifecycle; all physical telemetry and identity records match.
CASE-000674,CONSISTENT,,NONE,Normal dispute lifecycle; all physical telemetry and identity records match.
CASE-000675,CONSISTENT,,NONE,Normal dispute lifecycle; all physical telemetry and identity records match.
CASE-000676,CONSISTENT,,NONE,Normal dispute lifecycle; all physical telemetry and identity records match.
CASE-000677,CONSISTENT,,NONE,Normal dispute lifecycle; all physical telemetry and identity records match.
CASE-000678,CONSISTENT,,NONE,Normal dispute lifecycle; all physical telemetry and identity records match.
CASE-000679,CONSISTENT,,NONE,Normal dispute lifecycle; all physical telemetry and identity records match.
CASE-000680,CONSISTENT,,NONE,Normal dispute lifecycle; all physical telemetry and identity records match.
CASE-000681,CONSISTENT,,NONE,Normal dispute lifecycle; all physical telemetry and identity records match.
CASE-000682,CONSISTENT,,NONE,Normal dispute lifecycle; all physical telemetry and identity records match.
CASE-000683,CONSISTENT,,NONE,Normal dispute lifecycle; all physical telemetry and identity records match.
CASE-000684,CONSISTENT,,NONE,Normal dispute lifecycle; all physical telemetry and identity records match.
CASE-000685,CONSISTENT,,NONE,Normal dispute lifecycle; all physical telemetry and identity records match.
CASE-000686,CONSISTENT,,NONE,Normal dispute lifecycle; all physical telemetry and identity records match.
CASE-000687,CONSISTENT,,NONE,Normal dispute lifecycle; all physical telemetry and identity records match.
CASE-000688,CONSISTENT,,NONE,Normal dispute lifecycle; all physical telemetry and identity records match.
CASE-000689,CONSISTENT,,NONE,Normal dispute lifecycle; all physical telemetry and identity records match.
CASE-000690,CONSISTENT,,NONE,Normal dispute lifecycle; all physical telemetry and identity records match.
CASE-000691,CONSISTENT,,NONE,Normal dispute lifecycle; all physical telemetry and identity records match.
CASE-000692,CONSISTENT,,NONE,Normal dispute lifecycle; all physical telemetry and identity records match.
CASE-000693,CONSISTENT,,NONE,Normal dispute lifecycle; all physical telemetry and identity records match.
CASE-000694,CONSISTENT,,NONE,Normal dispute lifecycle; all physical telemetry and identity records match.
CASE-000695,CONSISTENT,,NONE,Normal dispute lifecycle; all physical telemetry and identity records match.
CASE-000696,CONSISTENT,,NONE,Normal dispute lifecycle; all physical telemetry and identity records match.
CASE-000697,CONSISTENT,,NONE,Normal dispute lifecycle; all physical telemetry and identity records match.
CASE-000698,CONSISTENT,,NONE,Normal dispute lifecycle; all physical telemetry and identity records match.
CASE-000699,CONSISTENT,,NONE,Normal dispute lifecycle; all physical telemetry and identity records match.
CASE-000700,CONSISTENT,,NONE,Normal dispute lifecycle; all physical telemetry and identity records match.
CASE-000701,CONSISTENT,,NONE,Normal dispute lifecycle; all physical telemetry and identity records match.
CASE-000702,CONSISTENT,,NONE,Normal dispute lifecycle; all physical telemetry and identity records match.
CASE-000703,CONSISTENT,,NONE,Normal dispute lifecycle; all physical telemetry and identity records match.
CASE-000704,CONSISTENT,,NONE,Normal dispute lifecycle; all physical telemetry and identity records match.
CASE-000705,CONSISTENT,,NONE,Normal dispute lifecycle; all physical telemetry and identity records match.
CASE-000706,CONSISTENT,,NONE,Normal dispute lifecycle; all physical telemetry and identity records match.
CASE-000707,CONSISTENT,,NONE,Normal dispute lifecycle; all physical telemetry and identity records match.
CASE-000708,CONSISTENT,,NONE,Normal dispute lifecycle; all physical telemetry and identity records match.
CASE-000709,CONSISTENT,,NONE,Normal dispute lifecycle; all physical telemetry and identity records match.
CASE-000710,CONSISTENT,,NONE,Normal dispute lifecycle; all physical telemetry and identity records match.
CASE-000711,CONSISTENT,,NONE,Normal dispute lifecycle; all physical telemetry and identity records match.
CASE-000712,CONSISTENT,,NONE,Normal dispute lifecycle; all physical telemetry and identity records match.
CASE-000713,CONSISTENT,,NONE,Normal dispute lifecycle; all physical telemetry and identity records match.
CASE-000714,CONSISTENT,,NONE,Normal dispute lifecycle; all physical telemetry and identity records match.
CASE-000715,CONSISTENT,,NONE,Normal dispute lifecycle; all physical telemetry and identity records match.
CASE-000716,CONSISTENT,,NONE,Normal dispute lifecycle; all physical telemetry and identity records match.
CASE-000717,CONSISTENT,,NONE,Normal dispute lifecycle; all physical telemetry and identity records match.
CASE-000718,CONSISTENT,,NONE,Normal dispute lifecycle; all physical telemetry and identity records match.
CASE-000719,CONSISTENT,,NONE,Normal dispute lifecycle; all physical telemetry and identity records match.
CASE-000720,CONSISTENT,,NONE,Normal dispute lifecycle; all physical telemetry and identity records match.
CASE-000721,CONSISTENT,,NONE,Normal dispute lifecycle; all physical telemetry and identity records match.
CASE-000722,CONSISTENT,,NONE,Normal dispute lifecycle; all physical telemetry and identity records match.
CASE-000723,CONSISTENT,,NONE,Normal dispute lifecycle; all physical telemetry and identity records match.
CASE-000724,CONSISTENT,,NONE,Normal dispute lifecycle; all physical telemetry and identity records match.
CASE-000725,CONSISTENT,,NONE,Normal dispute lifecycle; all physical telemetry and identity records match.
CASE-000726,CONSISTENT,,NONE,Normal dispute lifecycle; all physical telemetry and identity records match.
CASE-000727,CONSISTENT,,NONE,Normal dispute lifecycle; all physical telemetry and identity records match.
CASE-000728,CONSISTENT,,NONE,Normal dispute lifecycle; all physical telemetry and identity records match.
CASE-000729,CONSISTENT,,NONE,Normal dispute lifecycle; all physical telemetry and identity records match.
CASE-000730,CONSISTENT,,NONE,Normal dispute lifecycle; all physical telemetry and identity records match.
CASE-000731,CONSISTENT,,NONE,Normal dispute lifecycle; all physical telemetry and identity records match.
CASE-000732,CONSISTENT,,NONE,Normal dispute lifecycle; all physical telemetry and identity records match.
CASE-000733,CONSISTENT,,NONE,Normal dispute lifecycle; all physical telemetry and identity records match.
CASE-000734,CONSISTENT,,NONE,Normal dispute lifecycle; all physical telemetry and identity records match.
CASE-000735,CONSISTENT,,NONE,Normal dispute lifecycle; all physical telemetry and identity records match.
CASE-000736,CONSISTENT,,NONE,Normal dispute lifecycle; all physical telemetry and identity records match.
CASE-000737,CONSISTENT,,NONE,Normal dispute lifecycle; all physical telemetry and identity records match.
CASE-000738,CONSISTENT,,NONE,Normal dispute lifecycle; all physical telemetry and identity records match.
CASE-000739,CONSISTENT,,NONE,Normal dispute lifecycle; all physical telemetry and identity records match.
CASE-000740,CONSISTENT,,NONE,Normal dispute lifecycle; all physical telemetry and identity records match.
CASE-000741,CONSISTENT,,NONE,Normal dispute lifecycle; all physical telemetry and identity records match.
CASE-000742,CONSISTENT,,NONE,Normal dispute lifecycle; all physical telemetry and identity records match.
CASE-000743,CONSISTENT,,NONE,Normal dispute lifecycle; all physical telemetry and identity records match.
CASE-000744,CONSISTENT,,NONE,Normal dispute lifecycle; all physical telemetry and identity records match.
CASE-000745,CONSISTENT,,NONE,Normal dispute lifecycle; all physical telemetry and identity records match.
CASE-000746,CONSISTENT,,NONE,Normal dispute lifecycle; all physical telemetry and identity records match.
CASE-000747,CONSISTENT,,NONE,Normal dispute lifecycle; all physical telemetry and identity records match.
CASE-000748,CONSISTENT,,NONE,Normal dispute lifecycle; all physical telemetry and identity records match.
CASE-000749,CONSISTENT,,NONE,Normal dispute lifecycle; all physical telemetry and identity records match.
CASE-000750,CONSISTENT,,NONE,Normal dispute lifecycle; all physical telemetry and identity records match.
CASE-000751,CONSISTENT,,NONE,Normal dispute lifecycle; all physical telemetry and identity records match.
CASE-000752,CONSISTENT,,NONE,Normal dispute lifecycle; all physical telemetry and identity records match.
CASE-000753,CONSISTENT,,NONE,Normal dispute lifecycle; all physical telemetry and identity records match.
CASE-000754,CONSISTENT,,NONE,Normal dispute lifecycle; all physical telemetry and identity records match.
CASE-000755,CONSISTENT,,NONE,Normal dispute lifecycle; all physical telemetry and identity records match.
CASE-000756,CONSISTENT,,NONE,Normal dispute lifecycle; all physical telemetry and identity records match.
CASE-000757,CONSISTENT,,NONE,Normal dispute lifecycle; all physical telemetry and identity records match.
CASE-000758,CONSISTENT,,NONE,Normal dispute lifecycle; all physical telemetry and identity records match.
CASE-000759,CONSISTENT,,NONE,Normal dispute lifecycle; all physical telemetry and identity records match.
CASE-000760,CONSISTENT,,NONE,Normal dispute lifecycle; all physical telemetry and identity records match.
CASE-000761,CONSISTENT,,NONE,Normal dispute lifecycle; all physical telemetry and identity records match.
CASE-000762,CONSISTENT,,NONE,Normal dispute lifecycle; all physical telemetry and identity records match.
CASE-000763,CONSISTENT,,NONE,Normal dispute lifecycle; all physical telemetry and identity records match.
CASE-000764,CONSISTENT,,NONE,Normal dispute lifecycle; all physical telemetry and identity records match.
CASE-000765,CONSISTENT,,NONE,Normal dispute lifecycle; all physical telemetry and identity records match.
CASE-000766,CONSISTENT,,NONE,Normal dispute lifecycle; all physical telemetry and identity records match.
CASE-000767,CONSISTENT,,NONE,Normal dispute lifecycle; all physical telemetry and identity records match.
CASE-000768,CONSISTENT,,NONE,Normal dispute lifecycle; all physical telemetry and identity records match.
CASE-000769,CONSISTENT,,NONE,Normal dispute lifecycle; all physical telemetry and identity records match.
CASE-000770,CONSISTENT,,NONE,Normal dispute lifecycle; all physical telemetry and identity records match.
CASE-000771,CONSISTENT,,NONE,Normal dispute lifecycle; all physical telemetry and identity records match.
CASE-000772,CONSISTENT,,NONE,Normal dispute lifecycle; all physical telemetry and identity records match.
CASE-000773,CONSISTENT,,NONE,Normal dispute lifecycle; all physical telemetry and identity records match.
CASE-000774,CONSISTENT,,NONE,Normal dispute lifecycle; all physical telemetry and identity records match.
CASE-000775,CONSISTENT,,NONE,Normal dispute lifecycle; all physical telemetry and identity records match.
CASE-000776,CONSISTENT,,NONE,Normal dispute lifecycle; all physical telemetry and identity records match.
CASE-000777,CONSISTENT,,NONE,Normal dispute lifecycle; all physical telemetry and identity records match.
CASE-000778,CONSISTENT,,NONE,Normal dispute lifecycle; all physical telemetry and identity records match.
CASE-000779,CONSISTENT,,NONE,Normal dispute lifecycle; all physical telemetry and identity records match.
CASE-000780,CONSISTENT,,NONE,Normal dispute lifecycle; all physical telemetry and identity records match.
CASE-000781,CONSISTENT,,NONE,Normal dispute lifecycle; all physical telemetry and identity records match.
CASE-000782,CONSISTENT,,NONE,Normal dispute lifecycle; all physical telemetry and identity records match.
CASE-000783,CONSISTENT,,NONE,Normal dispute lifecycle; all physical telemetry and identity records match.
CASE-000784,CONSISTENT,,NONE,Normal dispute lifecycle; all physical telemetry and identity records match.
CASE-000785,CONSISTENT,,NONE,Normal dispute lifecycle; all physical telemetry and identity records match.
CASE-000786,CONSISTENT,,NONE,Normal dispute lifecycle; all physical telemetry and identity records match.
CASE-000787,CONSISTENT,,NONE,Normal dispute lifecycle; all physical telemetry and identity records match.
CASE-000788,CONSISTENT,,NONE,Normal dispute lifecycle; all physical telemetry and identity records match.
CASE-000789,CONSISTENT,,NONE,Normal dispute lifecycle; all physical telemetry and identity records match.
CASE-000790,CONSISTENT,,NONE,Normal dispute lifecycle; all physical telemetry and identity records match.
CASE-000791,CONSISTENT,,NONE,Normal dispute lifecycle; all physical telemetry and identity records match.
CASE-000792,CONSISTENT,,NONE,Normal dispute lifecycle; all physical telemetry and identity records match.
CASE-000793,CONSISTENT,,NONE,Normal dispute lifecycle; all physical telemetry and identity records match.
CASE-000794,CONSISTENT,,NONE,Normal dispute lifecycle; all physical telemetry and identity records match.
CASE-000795,CONSISTENT,,NONE,Normal dispute lifecycle; all physical telemetry and identity records match.
CASE-000796,CONSISTENT,,NONE,Normal dispute lifecycle; all physical telemetry and identity records match.
CASE-000797,CONSISTENT,,NONE,Normal dispute lifecycle; all physical telemetry and identity records match.
CASE-000798,CONSISTENT,,NONE,Normal dispute lifecycle; all physical telemetry and identity records match.
CASE-000799,CONSISTENT,,NONE,Normal dispute lifecycle; all physical telemetry and identity records match.
CASE-000800,CONSISTENT,,NONE,Normal dispute lifecycle; all physical telemetry and identity records match.
CASE-000801,CONSISTENT,,NONE,Normal dispute lifecycle; all physical telemetry and identity records match.
CASE-000802,CONSISTENT,,NONE,Normal dispute lifecycle; all physical telemetry and identity records match.
CASE-000803,CONSISTENT,,NONE,Normal dispute lifecycle; all physical telemetry and identity records match.
CASE-000804,CONSISTENT,,NONE,Normal dispute lifecycle; all physical telemetry and identity records match.
CASE-000805,CONSISTENT,,NONE,Normal dispute lifecycle; all physical telemetry and identity records match.
CASE-000806,CONSISTENT,,NONE,Normal dispute lifecycle; all physical telemetry and identity records match.
CASE-000807,CONSISTENT,,NONE,Normal dispute lifecycle; all physical telemetry and identity records match.
CASE-000808,CONSISTENT,,NONE,Normal dispute lifecycle; all physical telemetry and identity records match.
CASE-000809,CONSISTENT,,NONE,Normal dispute lifecycle; all physical telemetry and identity records match.
CASE-000810,CONSISTENT,,NONE,Normal dispute lifecycle; all physical telemetry and identity records match.
CASE-000811,CONSISTENT,,NONE,Normal dispute lifecycle; all physical telemetry and identity records match.
CASE-000812,CONSISTENT,,NONE,Normal dispute lifecycle; all physical telemetry and identity records match.
CASE-000813,CONSISTENT,,NONE,Normal dispute lifecycle; all physical telemetry and identity records match.
CASE-000814,CONSISTENT,,NONE,Normal dispute lifecycle; all physical telemetry and identity records match.
CASE-000815,CONSISTENT,,NONE,Normal dispute lifecycle; all physical telemetry and identity records match.
CASE-000816,CONSISTENT,,NONE,Normal dispute lifecycle; all physical telemetry and identity records match.
CASE-000817,CONSISTENT,,NONE,Normal dispute lifecycle; all physical telemetry and identity records match.
CASE-000818,CONSISTENT,,NONE,Normal dispute lifecycle; all physical telemetry and identity records match.
CASE-000819,CONSISTENT,,NONE,Normal dispute lifecycle; all physical telemetry and identity records match.
CASE-000820,CONSISTENT,,NONE,Normal dispute lifecycle; all physical telemetry and identity records match.
CASE-000821,CONSISTENT,,NONE,Normal dispute lifecycle; all physical telemetry and identity records match.
CASE-000822,CONSISTENT,,NONE,Normal dispute lifecycle; all physical telemetry and identity records match.
CASE-000823,CONSISTENT,,NONE,Normal dispute lifecycle; all physical telemetry and identity records match.
CASE-000824,CONSISTENT,,NONE,Normal dispute lifecycle; all physical telemetry and identity records match.
CASE-000825,CONSISTENT,,NONE,Normal dispute lifecycle; all physical telemetry and identity records match.
CASE-000826,CONSISTENT,,NONE,Normal dispute lifecycle; all physical telemetry and identity records match.
CASE-000827,CONSISTENT,,NONE,Normal dispute lifecycle; all physical telemetry and identity records match.
CASE-000828,CONSISTENT,,NONE,Normal dispute lifecycle; all physical telemetry and identity records match.
CASE-000829,CONSISTENT,,NONE,Normal dispute lifecycle; all physical telemetry and identity records match.
CASE-000830,CONSISTENT,,NONE,Normal dispute lifecycle; all physical telemetry and identity records match.
CASE-000831,CONSISTENT,,NONE,Normal dispute lifecycle; all physical telemetry and identity records match.
CASE-000832,CONSISTENT,,NONE,Normal dispute lifecycle; all physical telemetry and identity records match.
CASE-000833,CONSISTENT,,NONE,Normal dispute lifecycle; all physical telemetry and identity records match.
CASE-000834,CONSISTENT,,NONE,Normal dispute lifecycle; all physical telemetry and identity records match.
CASE-000835,CONSISTENT,,NONE,Normal dispute lifecycle; all physical telemetry and identity records match.
CASE-000836,CONSISTENT,,NONE,Normal dispute lifecycle; all physical telemetry and identity records match.
CASE-000837,CONSISTENT,,NONE,Normal dispute lifecycle; all physical telemetry and identity records match.
CASE-000838,CONSISTENT,,NONE,Normal dispute lifecycle; all physical telemetry and identity records match.
CASE-000839,CONSISTENT,,NONE,Normal dispute lifecycle; all physical telemetry and identity records match.
CASE-000840,CONSISTENT,,NONE,Normal dispute lifecycle; all physical telemetry and identity records match.
CASE-000841,CONSISTENT,,NONE,Normal dispute lifecycle; all physical telemetry and identity records match.
CASE-000842,CONSISTENT,,NONE,Normal dispute lifecycle; all physical telemetry and identity records match.
CASE-000843,CONSISTENT,,NONE,Normal dispute lifecycle; all physical telemetry and identity records match.
CASE-000844,CONSISTENT,,NONE,Normal dispute lifecycle; all physical telemetry and identity records match.
CASE-000845,CONSISTENT,,NONE,Normal dispute lifecycle; all physical telemetry and identity records match.
CASE-000846,CONSISTENT,,NONE,Normal dispute lifecycle; all physical telemetry and identity records match.
CASE-000847,CONSISTENT,,NONE,Normal dispute lifecycle; all physical telemetry and identity records match.
CASE-000848,CONSISTENT,,NONE,Normal dispute lifecycle; all physical telemetry and identity records match.
CASE-000849,CONSISTENT,,NONE,Normal dispute lifecycle; all physical telemetry and identity records match.
CASE-000850,CONSISTENT,,NONE,Normal dispute lifecycle; all physical telemetry and identity records match.
CASE-000851,CONSISTENT,,NONE,Normal dispute lifecycle; all physical telemetry and identity records match.
CASE-000852,CONSISTENT,,NONE,Normal dispute lifecycle; all physical telemetry and identity records match.
CASE-000853,CONSISTENT,,NONE,Normal dispute lifecycle; all physical telemetry and identity records match.
CASE-000854,CONSISTENT,,NONE,Normal dispute lifecycle; all physical telemetry and identity records match.
CASE-000855,CONSISTENT,,NONE,Normal dispute lifecycle; all physical telemetry and identity records match.
CASE-000856,CONSISTENT,,NONE,Normal dispute lifecycle; all physical telemetry and identity records match.
CASE-000857,CONSISTENT,,NONE,Normal dispute lifecycle; all physical telemetry and identity records match.
CASE-000858,CONSISTENT,,NONE,Normal dispute lifecycle; all physical telemetry and identity records match.
CASE-000859,CONSISTENT,,NONE,Normal dispute lifecycle; all physical telemetry and identity records match.
CASE-000860,CONSISTENT,,NONE,Normal dispute lifecycle; all physical telemetry and identity records match.
CASE-000861,CONSISTENT,,NONE,Normal dispute lifecycle; all physical telemetry and identity records match.
CASE-000862,CONSISTENT,,NONE,Normal dispute lifecycle; all physical telemetry and identity records match.
CASE-000863,CONSISTENT,,NONE,Normal dispute lifecycle; all physical telemetry and identity records match.
CASE-000864,CONSISTENT,,NONE,Normal dispute lifecycle; all physical telemetry and identity records match.
CASE-000865,CONSISTENT,,NONE,Normal dispute lifecycle; all physical telemetry and identity records match.
CASE-000866,CONSISTENT,,NONE,Normal dispute lifecycle; all physical telemetry and identity records match.
CASE-000867,CONSISTENT,,NONE,Normal dispute lifecycle; all physical telemetry and identity records match.
CASE-000868,CONSISTENT,,NONE,Normal dispute lifecycle; all physical telemetry and identity records match.
CASE-000869,CONSISTENT,,NONE,Normal dispute lifecycle; all physical telemetry and identity records match.
CASE-000870,CONSISTENT,,NONE,Normal dispute lifecycle; all physical telemetry and identity records match.
CASE-000871,CONSISTENT,,NONE,Normal dispute lifecycle; all physical telemetry and identity records match.
CASE-000872,CONSISTENT,,NONE,Normal dispute lifecycle; all physical telemetry and identity records match.
CASE-000873,CONSISTENT,,NONE,Normal dispute lifecycle; all physical telemetry and identity records match.
CASE-000874,CONSISTENT,,NONE,Normal dispute lifecycle; all physical telemetry and identity records match.
CASE-000875,CONSISTENT,,NONE,Normal dispute lifecycle; all physical telemetry and identity records match.
CASE-000876,CONSISTENT,,NONE,Normal dispute lifecycle; all physical telemetry and identity records match.
CASE-000877,CONSISTENT,,NONE,Normal dispute lifecycle; all physical telemetry and identity records match.
CASE-000878,CONSISTENT,,NONE,Normal dispute lifecycle; all physical telemetry and identity records match.
CASE-000879,CONSISTENT,,NONE,Normal dispute lifecycle; all physical telemetry and identity records match.
CASE-000880,CONSISTENT,,NONE,Normal dispute lifecycle; all physical telemetry and identity records match.
CASE-000881,CONSISTENT,,NONE,Normal dispute lifecycle; all physical telemetry and identity records match.
CASE-000882,CONSISTENT,,NONE,Normal dispute lifecycle; all physical telemetry and identity records match.
CASE-000883,CONSISTENT,,NONE,Normal dispute lifecycle; all physical telemetry and identity records match.
CASE-000884,CONSISTENT,,NONE,Normal dispute lifecycle; all physical telemetry and identity records match.
CASE-000885,CONSISTENT,,NONE,Normal dispute lifecycle; all physical telemetry and identity records match.
CASE-000886,CONSISTENT,,NONE,Normal dispute lifecycle; all physical telemetry and identity records match.
CASE-000887,CONSISTENT,,NONE,Normal dispute lifecycle; all physical telemetry and identity records match.
CASE-000888,CONSISTENT,,NONE,Normal dispute lifecycle; all physical telemetry and identity records match.
CASE-000889,CONSISTENT,,NONE,Normal dispute lifecycle; all physical telemetry and identity records match.
CASE-000890,CONSISTENT,,NONE,Normal dispute lifecycle; all physical telemetry and identity records match.
CASE-000891,CONSISTENT,,NONE,Normal dispute lifecycle; all physical telemetry and identity records match.
CASE-000892,CONSISTENT,,NONE,Normal dispute lifecycle; all physical telemetry and identity records match.
CASE-000893,CONSISTENT,,NONE,Normal dispute lifecycle; all physical telemetry and identity records match.
CASE-000894,CONSISTENT,,NONE,Normal dispute lifecycle; all physical telemetry and identity records match.
CASE-000895,CONSISTENT,,NONE,Normal dispute lifecycle; all physical telemetry and identity records match.
CASE-000896,CONSISTENT,,NONE,Normal dispute lifecycle; all physical telemetry and identity records match.
CASE-000897,CONSISTENT,,NONE,Normal dispute lifecycle; all physical telemetry and identity records match.
CASE-000898,CONSISTENT,,NONE,Normal dispute lifecycle; all physical telemetry and identity records match.
CASE-000899,CONSISTENT,,NONE,Normal dispute lifecycle; all physical telemetry and identity records match.
CASE-000900,CONSISTENT,,NONE,Normal dispute lifecycle; all physical telemetry and identity records match.
CASE-000901,CONFLICT,IDENTITY_CONFLICT,HIGH,Seller dispatched wrong product SKU (TS-203 instead of ordered TS-204).
CASE-000902,CONFLICT,IDENTITY_CONFLICT,HIGH,Seller dispatched wrong product SKU (TS-203 instead of ordered TS-204).
CASE-000903,CONFLICT,IDENTITY_CONFLICT,HIGH,Seller dispatched wrong product SKU (TS-203 instead of ordered TS-204).
CASE-000904,CONFLICT,IDENTITY_CONFLICT,HIGH,Seller dispatched wrong product SKU (TS-203 instead of ordered TS-204).
CASE-000905,CONFLICT,IDENTITY_CONFLICT,HIGH,Seller dispatched wrong product SKU (TS-203 instead of ordered TS-204).
CASE-000906,CONFLICT,IDENTITY_CONFLICT,HIGH,Seller dispatched wrong product SKU (TS-203 instead of ordered TS-204).
CASE-000907,CONFLICT,IDENTITY_CONFLICT,HIGH,Seller dispatched wrong product SKU (TS-203 instead of ordered TS-204).
CASE-000908,CONFLICT,IDENTITY_CONFLICT,HIGH,Seller dispatched wrong product SKU (TS-203 instead of ordered TS-204).
CASE-000909,CONFLICT,IDENTITY_CONFLICT,HIGH,Seller dispatched wrong product SKU (TS-203 instead of ordered TS-204).
CASE-000910,CONFLICT,IDENTITY_CONFLICT,HIGH,Seller dispatched wrong product SKU (TS-203 instead of ordered TS-204).
CASE-000911,CONFLICT,IDENTITY_CONFLICT,HIGH,Seller dispatched wrong product SKU (TS-203 instead of ordered TS-204).
CASE-000912,CONFLICT,IDENTITY_CONFLICT,HIGH,Seller dispatched wrong product SKU (TS-203 instead of ordered TS-204).
CASE-000913,CONFLICT,IDENTITY_CONFLICT,HIGH,Seller dispatched wrong product SKU (TS-203 instead of ordered TS-204).
CASE-000914,CONFLICT,IDENTITY_CONFLICT,HIGH,Seller dispatched wrong product SKU (TS-203 instead of ordered TS-204).
CASE-000915,CONFLICT,IDENTITY_CONFLICT,HIGH,Seller dispatched wrong product SKU (TS-203 instead of ordered TS-204).
CASE-000916,CONFLICT,IDENTITY_CONFLICT,HIGH,Seller dispatched wrong product SKU (TS-203 instead of ordered TS-204).
CASE-000917,CONFLICT,IDENTITY_CONFLICT,HIGH,Seller dispatched wrong product SKU (TS-203 instead of ordered TS-204).
CASE-000918,CONFLICT,IDENTITY_CONFLICT,HIGH,Seller dispatched wrong product SKU (TS-203 instead of ordered TS-204).
CASE-000919,CONFLICT,IDENTITY_CONFLICT,HIGH,Seller dispatched wrong product SKU (TS-203 instead of ordered TS-204).
CASE-000920,CONFLICT,IDENTITY_CONFLICT,HIGH,Seller dispatched wrong product SKU (TS-203 instead of ordered TS-204).
CASE-000921,CONFLICT,IDENTITY_CONFLICT,HIGH,Seller dispatched wrong product SKU (TS-203 instead of ordered TS-204).
CASE-000922,CONFLICT,IDENTITY_CONFLICT,HIGH,Seller dispatched wrong product SKU (TS-203 instead of ordered TS-204).
CASE-000923,CONFLICT,IDENTITY_CONFLICT,HIGH,Seller dispatched wrong product SKU (TS-203 instead of ordered TS-204).
CASE-000924,CONFLICT,IDENTITY_CONFLICT,HIGH,Seller dispatched wrong product SKU (TS-203 instead of ordered TS-204).
CASE-000925,CONFLICT,IDENTITY_CONFLICT,HIGH,Seller dispatched wrong product SKU (TS-203 instead of ordered TS-204).
CASE-000926,CONFLICT,IDENTITY_CONFLICT,HIGH,Seller dispatched wrong product SKU (TS-203 instead of ordered TS-204).
CASE-000927,CONFLICT,IDENTITY_CONFLICT,HIGH,Seller dispatched wrong product SKU (TS-203 instead of ordered TS-204).
CASE-000928,CONFLICT,IDENTITY_CONFLICT,HIGH,Seller dispatched wrong product SKU (TS-203 instead of ordered TS-204).
CASE-000929,CONFLICT,IDENTITY_CONFLICT,HIGH,Seller dispatched wrong product SKU (TS-203 instead of ordered TS-204).
CASE-000930,CONFLICT,IDENTITY_CONFLICT,HIGH,Seller dispatched wrong product SKU (TS-203 instead of ordered TS-204).
CASE-000931,CONFLICT,WEIGHT_ANOMALY,HIGH,Product missing from return package (weight dropped from 505g outbound to 210g return).
CASE-000932,CONFLICT,WEIGHT_ANOMALY,HIGH,Product missing from return package (weight dropped from 505g outbound to 210g return).
CASE-000933,CONFLICT,WEIGHT_ANOMALY,HIGH,Product missing from return package (weight dropped from 505g outbound to 210g return).
CASE-000934,CONFLICT,WEIGHT_ANOMALY,HIGH,Product missing from return package (weight dropped from 505g outbound to 210g return).
CASE-000935,CONFLICT,WEIGHT_ANOMALY,HIGH,Product missing from return package (weight dropped from 505g outbound to 210g return).
CASE-000936,CONFLICT,WEIGHT_ANOMALY,HIGH,Product missing from return package (weight dropped from 505g outbound to 210g return).
CASE-000937,CONFLICT,WEIGHT_ANOMALY,HIGH,Product missing from return package (weight dropped from 505g outbound to 210g return).
CASE-000938,CONFLICT,WEIGHT_ANOMALY,HIGH,Product missing from return package (weight dropped from 505g outbound to 210g return).
CASE-000939,CONFLICT,WEIGHT_ANOMALY,HIGH,Product missing from return package (weight dropped from 505g outbound to 210g return).
CASE-000940,CONFLICT,WEIGHT_ANOMALY,HIGH,Product missing from return package (weight dropped from 505g outbound to 210g return).
CASE-000941,CONFLICT,WEIGHT_ANOMALY,HIGH,Product missing from return package (weight dropped from 505g outbound to 210g return).
CASE-000942,CONFLICT,WEIGHT_ANOMALY,HIGH,Product missing from return package (weight dropped from 505g outbound to 210g return).
CASE-000943,CONFLICT,WEIGHT_ANOMALY,HIGH,Product missing from return package (weight dropped from 505g outbound to 210g return).
CASE-000944,CONFLICT,WEIGHT_ANOMALY,HIGH,Product missing from return package (weight dropped from 505g outbound to 210g return).
CASE-000945,CONFLICT,WEIGHT_ANOMALY,HIGH,Product missing from return package (weight dropped from 505g outbound to 210g return).
CASE-000946,CONFLICT,WEIGHT_ANOMALY,HIGH,Product missing from return package (weight dropped from 505g outbound to 210g return).
CASE-000947,CONFLICT,WEIGHT_ANOMALY,HIGH,Product missing from return package (weight dropped from 505g outbound to 210g return).
CASE-000948,CONFLICT,WEIGHT_ANOMALY,HIGH,Product missing from return package (weight dropped from 505g outbound to 210g return).
CASE-000949,CONFLICT,WEIGHT_ANOMALY,HIGH,Product missing from return package (weight dropped from 505g outbound to 210g return).
CASE-000950,CONFLICT,WEIGHT_ANOMALY,HIGH,Product missing from return package (weight dropped from 505g outbound to 210g return).
CASE-000951,CONFLICT,WEIGHT_ANOMALY,HIGH,Product missing from return package (weight dropped from 505g outbound to 210g return).
CASE-000952,CONFLICT,WEIGHT_ANOMALY,HIGH,Product missing from return package (weight dropped from 505g outbound to 210g return).
CASE-000953,CONFLICT,WEIGHT_ANOMALY,HIGH,Product missing from return package (weight dropped from 505g outbound to 210g return).
CASE-000954,CONFLICT,WEIGHT_ANOMALY,HIGH,Product missing from return package (weight dropped from 505g outbound to 210g return).
CASE-000955,CONFLICT,WEIGHT_ANOMALY,HIGH,Product missing from return package (weight dropped from 505g outbound to 210g return).
CASE-000956,CONFLICT,WEIGHT_ANOMALY,HIGH,Product missing from return package (weight dropped from 505g outbound to 210g return).
CASE-000957,CONFLICT,WEIGHT_ANOMALY,HIGH,Product missing from return package (weight dropped from 505g outbound to 210g return).
CASE-000958,CONFLICT,WEIGHT_ANOMALY,HIGH,Product missing from return package (weight dropped from 505g outbound to 210g return).
CASE-000959,CONFLICT,WEIGHT_ANOMALY,HIGH,Product missing from return package (weight dropped from 505g outbound to 210g return).
CASE-000960,CONFLICT,WEIGHT_ANOMALY,HIGH,Product missing from return package (weight dropped from 505g outbound to 210g return).
CASE-000961,CONFLICT,WEIGHT_ANOMALY,HIGH,Product missing from return package (weight dropped from 505g outbound to 210g return).
CASE-000962,CONFLICT,WEIGHT_ANOMALY,HIGH,Product missing from return package (weight dropped from 505g outbound to 210g return).
CASE-000963,CONFLICT,WEIGHT_ANOMALY,HIGH,Product missing from return package (weight dropped from 505g outbound to 210g return).
CASE-000964,CONFLICT,WEIGHT_ANOMALY,HIGH,Product missing from return package (weight dropped from 505g outbound to 210g return).
CASE-000965,CONFLICT,WEIGHT_ANOMALY,HIGH,Product missing from return package (weight dropped from 505g outbound to 210g return).
CASE-000966,CONFLICT,WEIGHT_ANOMALY,HIGH,Product missing from return package (weight dropped from 505g outbound to 210g return).
CASE-000967,CONFLICT,WEIGHT_ANOMALY,HIGH,Product missing from return package (weight dropped from 505g outbound to 210g return).
CASE-000968,CONFLICT,WEIGHT_ANOMALY,HIGH,Product missing from return package (weight dropped from 505g outbound to 210g return).
CASE-000969,CONFLICT,WEIGHT_ANOMALY,HIGH,Product missing from return package (weight dropped from 505g outbound to 210g return).
CASE-000970,CONFLICT,WEIGHT_ANOMALY,HIGH,Product missing from return package (weight dropped from 505g outbound to 210g return).
CASE-000971,CONFLICT,TEMPORAL_CONFLICT,MEDIUM,Warehouse receiving timestamp occurs before order placement timestamp.
CASE-000972,CONFLICT,TEMPORAL_CONFLICT,MEDIUM,Warehouse receiving timestamp occurs before order placement timestamp.
CASE-000973,CONFLICT,TEMPORAL_CONFLICT,MEDIUM,Warehouse receiving timestamp occurs before order placement timestamp.
CASE-000974,CONFLICT,TEMPORAL_CONFLICT,MEDIUM,Warehouse receiving timestamp occurs before order placement timestamp.
CASE-000975,CONFLICT,TEMPORAL_CONFLICT,MEDIUM,Warehouse receiving timestamp occurs before order placement timestamp.
CASE-000976,CONFLICT,TEMPORAL_CONFLICT,MEDIUM,Warehouse receiving timestamp occurs before order placement timestamp.
CASE-000977,CONFLICT,TEMPORAL_CONFLICT,MEDIUM,Warehouse receiving timestamp occurs before order placement timestamp.
CASE-000978,CONFLICT,TEMPORAL_CONFLICT,MEDIUM,Warehouse receiving timestamp occurs before order placement timestamp.
CASE-000979,CONFLICT,TEMPORAL_CONFLICT,MEDIUM,Warehouse receiving timestamp occurs before order placement timestamp.
CASE-000980,CONFLICT,TEMPORAL_CONFLICT,MEDIUM,Warehouse receiving timestamp occurs before order placement timestamp.
CASE-000981,CONFLICT,TEMPORAL_CONFLICT,MEDIUM,Warehouse receiving timestamp occurs before order placement timestamp.
CASE-000982,CONFLICT,TEMPORAL_CONFLICT,MEDIUM,Warehouse receiving timestamp occurs before order placement timestamp.
CASE-000983,CONFLICT,TEMPORAL_CONFLICT,MEDIUM,Warehouse receiving timestamp occurs before order placement timestamp.
CASE-000984,CONFLICT,TEMPORAL_CONFLICT,MEDIUM,Warehouse receiving timestamp occurs before order placement timestamp.
CASE-000985,CONFLICT,TEMPORAL_CONFLICT,MEDIUM,Warehouse receiving timestamp occurs before order placement timestamp.
CASE-000986,CONFLICT,VARIANT_CONFLICT,HIGH,"Variant mismatch: Customer ordered XL, Warehouse fulfilled size M."
CASE-000987,CONFLICT,VARIANT_CONFLICT,HIGH,"Variant mismatch: Customer ordered XL, Warehouse fulfilled size M."
CASE-000988,CONFLICT,VARIANT_CONFLICT,HIGH,"Variant mismatch: Customer ordered XL, Warehouse fulfilled size M."
CASE-000989,CONFLICT,VARIANT_CONFLICT,HIGH,"Variant mismatch: Customer ordered XL, Warehouse fulfilled size M."
CASE-000990,CONFLICT,VARIANT_CONFLICT,HIGH,"Variant mismatch: Customer ordered XL, Warehouse fulfilled size M."
CASE-000991,CONFLICT,VARIANT_CONFLICT,HIGH,"Variant mismatch: Customer ordered XL, Warehouse fulfilled size M."
CASE-000992,CONFLICT,VARIANT_CONFLICT,HIGH,"Variant mismatch: Customer ordered XL, Warehouse fulfilled size M."
CASE-000993,CONFLICT,VARIANT_CONFLICT,HIGH,"Variant mismatch: Customer ordered XL, Warehouse fulfilled size M."
CASE-000994,CONFLICT,VARIANT_CONFLICT,HIGH,"Variant mismatch: Customer ordered XL, Warehouse fulfilled size M."
CASE-000995,CONFLICT,VARIANT_CONFLICT,HIGH,"Variant mismatch: Customer ordered XL, Warehouse fulfilled size M."
CASE-000996,INCONCLUSIVE,MISSING_EVIDENCE,LOW-MEDIUM,Incomplete chain of custody; Carrier and Warehouse checkpoints missing.
CASE-000997,INCONCLUSIVE,MISSING_EVIDENCE,LOW-MEDIUM,Incomplete chain of custody; Carrier and Warehouse checkpoints missing.
CASE-000998,INCONCLUSIVE,MISSING_EVIDENCE,LOW-MEDIUM,Incomplete chain of custody; Carrier and Warehouse checkpoints missing.
CASE-000999,INCONCLUSIVE,MISSING_EVIDENCE,LOW-MEDIUM,Incomplete chain of custody; Carrier and Warehouse checkpoints missing.
CASE-001000,INCONCLUSIVE,MISSING_EVIDENCE,LOW-MEDIUM,Incomplete chain of custody; Carrier and Warehouse checkpoints missing.
