case_id,expected_status,conflict_types,baseline_1_prediction,baseline_2_prediction,baseline_3_prediction,trinetra_prediction,trinetra_confidence,trinetra_conflicts_count,trinetra_conflicts
CASE-000001,CONSISTENT,,CONSISTENT,CONSISTENT,CONSISTENT,CONSISTENT,0.98,0,[]
CASE-000002,CONSISTENT,,CONSISTENT,CONSISTENT,CONSISTENT,CONSISTENT,0.98,0,[]
CASE-000003,CONSISTENT,,CONSISTENT,CONSISTENT,CONSISTENT,CONSISTENT,0.98,0,[]
CASE-000004,CONSISTENT,,CONSISTENT,CONSISTENT,CONSISTENT,CONSISTENT,0.98,0,[]
CASE-000005,CONSISTENT,,CONSISTENT,CONSISTENT,CONSISTENT,CONSISTENT,0.98,0,[]
CASE-000006,CONSISTENT,,CONSISTENT,CONSISTENT,CONSISTENT,CONSISTENT,0.98,0,[]
CASE-000007,CONSISTENT,,CONSISTENT,CONSISTENT,CONSISTENT,CONSISTENT,0.98,0,[]
CASE-000008,CONSISTENT,,CONSISTENT,CONSISTENT,CONSISTENT,CONSISTENT,0.98,0,[]
CASE-000009,CONSISTENT,,CONSISTENT,CONSISTENT,CONSISTENT,CONSISTENT,0.98,0,[]
CASE-000010,CONSISTENT,,CONSISTENT,CONSISTENT,CONSISTENT,CONSISTENT,0.98,0,[]
CASE-000011,CONSISTENT,,CONSISTENT,CONSISTENT,CONSISTENT,CONSISTENT,0.98,0,[]
CASE-000012,CONSISTENT,,CONSISTENT,CONSISTENT,CONSISTENT,CONSISTENT,0.98,0,[]
CASE-000013,CONSISTENT,,CONSISTENT,CONSISTENT,CONSISTENT,CONSISTENT,0.98,0,[]
CASE-000014,CONSISTENT,,CONSISTENT,CONSISTENT,CONSISTENT,CONSISTENT,0.98,0,[]
CASE-000015,CONSISTENT,,CONSISTENT,CONSISTENT,CONSISTENT,CONSISTENT,0.98,0,[]
CASE-000016,CONSISTENT,,CONSISTENT,CONSISTENT,CONSISTENT,CONSISTENT,0.98,0,[]
CASE-000017,CONSISTENT,,CONSISTENT,CONSISTENT,CONSISTENT,CONSISTENT,0.98,0,[]
CASE-000018,CONSISTENT,,CONSISTENT,CONSISTENT,CONSISTENT,CONSISTENT,0.98,0,[]
CASE-000019,CONSISTENT,,CONSISTENT,CONSISTENT,CONSISTENT,CONSISTENT,0.98,0,[]
CASE-000020,CONSISTENT,,CONSISTENT,CONSISTENT,CONSISTENT,CONSISTENT,0.98,0,[]
CASE-000021,CONSISTENT,,CONSISTENT,CONSISTENT,CONSISTENT,CONSISTENT,0.98,0,[]
CASE-000022,CONSISTENT,,CONSISTENT,CONSISTENT,CONSISTENT,CONSISTENT,0.98,0,[]
CASE-000023,CONSISTENT,,CONSISTENT,CONSISTENT,CONSISTENT,CONSISTENT,0.98,0,[]
CASE-000024,CONSISTENT,,CONSISTENT,CONSISTENT,CONSISTENT,CONSISTENT,0.98,0,[]
CASE-000025,CONSISTENT,,CONSISTENT,CONSISTENT,CONSISTENT,CONSISTENT,0.98,0,[]
CASE-000026,CONSISTENT,,CONSISTENT,CONSISTENT,CONSISTENT,CONSISTENT,0.98,0,[]
CASE-000027,CONSISTENT,,CONSISTENT,CONSISTENT,CONSISTENT,CONSISTENT,0.98,0,[]
CASE-000028,CONSISTENT,,CONSISTENT,CONSISTENT,CONSISTENT,CONSISTENT,0.98,0,[]
CASE-000029,CONSISTENT,,CONSISTENT,CONSISTENT,CONSISTENT,CONSISTENT,0.98,0,[]
CASE-000030,CONSISTENT,,CONSISTENT,CONSISTENT,CONSISTENT,CONSISTENT,0.98,0,[]
CASE-000031,CONSISTENT,,CONSISTENT,CONSISTENT,CONSISTENT,CONSISTENT,0.98,0,[]
CASE-000032,CONSISTENT,,CONSISTENT,CONSISTENT,CONSISTENT,CONSISTENT,0.98,0,[]
CASE-000033,CONSISTENT,,CONSISTENT,CONSISTENT,CONSISTENT,CONSISTENT,0.98,0,[]
CASE-000034,CONSISTENT,,CONSISTENT,CONSISTENT,CONSISTENT,CONSISTENT,0.98,0,[]
CASE-000035,CONSISTENT,,CONSISTENT,CONSISTENT,CONSISTENT,CONSISTENT,0.98,0,[]
CASE-000036,CONSISTENT,,CONSISTENT,CONSISTENT,CONSISTENT,CONSISTENT,0.98,0,[]
CASE-000037,CONSISTENT,,CONSISTENT,CONSISTENT,CONSISTENT,CONSISTENT,0.98,0,[]
CASE-000038,CONSISTENT,,CONSISTENT,CONSISTENT,CONSISTENT,CONSISTENT,0.98,0,[]
CASE-000039,CONSISTENT,,CONSISTENT,CONSISTENT,CONSISTENT,CONSISTENT,0.98,0,[]
CASE-000040,CONSISTENT,,CONSISTENT,CONSISTENT,CONSISTENT,CONSISTENT,0.98,0,[]
CASE-000041,CONSISTENT,,CONSISTENT,CONSISTENT,CONSISTENT,CONSISTENT,0.98,0,[]
CASE-000042,CONSISTENT,,CONSISTENT,CONSISTENT,CONSISTENT,CONSISTENT,0.98,0,[]
CASE-000043,CONSISTENT,,CONSISTENT,CONSISTENT,CONSISTENT,CONSISTENT,0.98,0,[]
CASE-000044,CONSISTENT,,CONSISTENT,CONSISTENT,CONSISTENT,CONSISTENT,0.98,0,[]
CASE-000045,CONSISTENT,,CONSISTENT,CONSISTENT,CONSISTENT,CONSISTENT,0.98,0,[]
CASE-000046,CONSISTENT,,CONSISTENT,CONSISTENT,CONSISTENT,CONSISTENT,0.98,0,[]
CASE-000047,CONSISTENT,,CONSISTENT,CONSISTENT,CONSISTENT,CONSISTENT,0.98,0,[]
CASE-000048,CONSISTENT,,CONSISTENT,CONSISTENT,CONSISTENT,CONSISTENT,0.98,0,[]
CASE-000049,CONSISTENT,,CONSISTENT,CONSISTENT,CONSISTENT,CONSISTENT,0.98,0,[]
CASE-000050,CONSISTENT,,CONSISTENT,CONSISTENT,CONSISTENT,CONSISTENT,0.98,0,[]
CASE-000051,CONSISTENT,,CONSISTENT,CONSISTENT,CONSISTENT,CONSISTENT,0.98,0,[]
CASE-000052,CONSISTENT,,CONSISTENT,CONSISTENT,CONSISTENT,CONSISTENT,0.98,0,[]
CASE-000053,CONSISTENT,,CONSISTENT,CONSISTENT,CONSISTENT,CONSISTENT,0.98,0,[]
CASE-000054,CONSISTENT,,CONSISTENT,CONSISTENT,CONSISTENT,CONSISTENT,0.98,0,[]
CASE-000055,CONSISTENT,,CONSISTENT,CONSISTENT,CONSISTENT,CONSISTENT,0.98,0,[]
CASE-000056,CONSISTENT,,CONSISTENT,CONSISTENT,CONSISTENT,CONSISTENT,0.98,0,[]
CASE-000057,CONSISTENT,,CONSISTENT,CONSISTENT,CONSISTENT,CONSISTENT,0.98,0,[]
CASE-000058,CONSISTENT,,CONSISTENT,CONSISTENT,CONSISTENT,CONSISTENT,0.98,0,[]
CASE-000059,CONSISTENT,,CONSISTENT,CONSISTENT,CONSISTENT,CONSISTENT,0.98,0,[]
CASE-000060,CONSISTENT,,CONSISTENT,CONSISTENT,CONSISTENT,CONSISTENT,0.98,0,[]
CASE-000061,CONSISTENT,,CONSISTENT,CONSISTENT,CONSISTENT,CONSISTENT,0.98,0,[]
CASE-000062,CONSISTENT,,CONSISTENT,CONSISTENT,CONSISTENT,CONSISTENT,0.98,0,[]
CASE-000063,CONSISTENT,,CONSISTENT,CONSISTENT,CONSISTENT,CONSISTENT,0.98,0,[]
CASE-000064,CONSISTENT,,CONSISTENT,CONSISTENT,CONSISTENT,CONSISTENT,0.98,0,[]
CASE-000065,CONSISTENT,,CONSISTENT,CONSISTENT,CONSISTENT,CONSISTENT,0.98,0,[]
CASE-000066,CONSISTENT,,CONSISTENT,CONSISTENT,CONSISTENT,CONSISTENT,0.98,0,[]
CASE-000067,CONSISTENT,,CONSISTENT,CONSISTENT,CONSISTENT,CONSISTENT,0.98,0,[]
CASE-000068,CONSISTENT,,CONSISTENT,CONSISTENT,CONSISTENT,CONSISTENT,0.98,0,[]
CASE-000069,CONSISTENT,,CONSISTENT,CONSISTENT,CONSISTENT,CONSISTENT,0.98,0,[]
CASE-000070,CONSISTENT,,CONSISTENT,CONSISTENT,CONSISTENT,CONSISTENT,0.98,0,[]
CASE-000071,CONSISTENT,,CONSISTENT,CONSISTENT,CONSISTENT,CONSISTENT,0.98,0,[]
CASE-000072,CONSISTENT,,CONSISTENT,CONSISTENT,CONSISTENT,CONSISTENT,0.98,0,[]
CASE-000073,CONSISTENT,,CONSISTENT,CONSISTENT,CONSISTENT,CONSISTENT,0.98,0,[]
CASE-000074,CONSISTENT,,CONSISTENT,CONSISTENT,CONSISTENT,CONSISTENT,0.98,0,[]
CASE-000075,CONSISTENT,,CONSISTENT,CONSISTENT,CONSISTENT,CONSISTENT,0.98,0,[]
CASE-000076,CONSISTENT,,CONSISTENT,CONSISTENT,CONSISTENT,CONSISTENT,0.98,0,[]
CASE-000077,CONSISTENT,,CONSISTENT,CONSISTENT,CONSISTENT,CONSISTENT,0.98,0,[]
CASE-000078,CONSISTENT,,CONSISTENT,CONSISTENT,CONSISTENT,CONSISTENT,0.98,0,[]
CASE-000079,CONSISTENT,,CONSISTENT,CONSISTENT,CONSISTENT,CONSISTENT,0.98,0,[]
CASE-000080,CONSISTENT,,CONSISTENT,CONSISTENT,CONSISTENT,CONSISTENT,0.98,0,[]
CASE-000081,CONSISTENT,,CONSISTENT,CONSISTENT,CONSISTENT,CONSISTENT,0.98,0,[]
CASE-000082,CONSISTENT,,CONSISTENT,CONSISTENT,CONSISTENT,CONSISTENT,0.98,0,[]
CASE-000083,CONSISTENT,,CONSISTENT,CONSISTENT,CONSISTENT,CONSISTENT,0.98,0,[]
CASE-000084,CONSISTENT,,CONSISTENT,CONSISTENT,CONSISTENT,CONSISTENT,0.98,0,[]
CASE-000085,CONSISTENT,,CONSISTENT,CONSISTENT,CONSISTENT,CONSISTENT,0.98,0,[]
CASE-000086,CONSISTENT,,CONSISTENT,CONSISTENT,CONSISTENT,CONSISTENT,0.98,0,[]
CASE-000087,CONSISTENT,,CONSISTENT,CONSISTENT,CONSISTENT,CONSISTENT,0.98,0,[]
CASE-000088,CONSISTENT,,CONSISTENT,CONSISTENT,CONSISTENT,CONSISTENT,0.98,0,[]
CASE-000089,CONSISTENT,,CONSISTENT,CONSISTENT,CONSISTENT,CONSISTENT,0.98,0,[]
CASE-000090,CONSISTENT,,CONSISTENT,CONSISTENT,CONSISTENT,CONSISTENT,0.98,0,[]
CASE-000091,CONSISTENT,,CONSISTENT,CONSISTENT,CONSISTENT,CONSISTENT,0.98,0,[]
CASE-000092,CONSISTENT,,CONSISTENT,CONSISTENT,CONSISTENT,CONSISTENT,0.98,0,[]
CASE-000093,CONSISTENT,,CONSISTENT,CONSISTENT,CONSISTENT,CONSISTENT,0.98,0,[]
CASE-000094,CONSISTENT,,CONSISTENT,CONSISTENT,CONSISTENT,CONSISTENT,0.98,0,[]
CASE-000095,CONSISTENT,,CONSISTENT,CONSISTENT,CONSISTENT,CONSISTENT,0.98,0,[]
CASE-000096,CONSISTENT,,CONSISTENT,CONSISTENT,CONSISTENT,CONSISTENT,0.98,0,[]
CASE-000097,CONSISTENT,,CONSISTENT,CONSISTENT,CONSISTENT,CONSISTENT,0.98,0,[]
CASE-000098,CONSISTENT,,CONSISTENT,CONSISTENT,CONSISTENT,CONSISTENT,0.98,0,[]
CASE-000099,CONSISTENT,,CONSISTENT,CONSISTENT,CONSISTENT,CONSISTENT,0.98,0,[]
CASE-000100,CONSISTENT,,CONSISTENT,CONSISTENT,CONSISTENT,CONSISTENT,0.98,0,[]
CASE-000101,CONSISTENT,,CONSISTENT,CONSISTENT,CONSISTENT,CONSISTENT,0.98,0,[]
CASE-000102,CONSISTENT,,CONSISTENT,CONSISTENT,CONSISTENT,CONSISTENT,0.98,0,[]
CASE-000103,CONSISTENT,,CONSISTENT,CONSISTENT,CONSISTENT,CONSISTENT,0.98,0,[]
CASE-000104,CONSISTENT,,CONSISTENT,CONSISTENT,CONSISTENT,CONSISTENT,0.98,0,[]
CASE-000105,CONSISTENT,,CONSISTENT,CONSISTENT,CONSISTENT,CONSISTENT,0.98,0,[]
CASE-000106,CONSISTENT,,CONSISTENT,CONSISTENT,CONSISTENT,CONSISTENT,0.98,0,[]
CASE-000107,CONSISTENT,,CONSISTENT,CONSISTENT,CONSISTENT,CONSISTENT,0.98,0,[]
CASE-000108,CONSISTENT,,CONSISTENT,CONSISTENT,CONSISTENT,CONSISTENT,0.98,0,[]
CASE-000109,CONSISTENT,,CONSISTENT,CONSISTENT,CONSISTENT,CONSISTENT,0.98,0,[]
CASE-000110,CONSISTENT,,CONSISTENT,CONSISTENT,CONSISTENT,CONSISTENT,0.98,0,[]
CASE-000111,CONSISTENT,,CONSISTENT,CONSISTENT,CONSISTENT,CONSISTENT,0.98,0,[]
CASE-000112,CONSISTENT,,CONSISTENT,CONSISTENT,CONSISTENT,CONSISTENT,0.98,0,[]
CASE-000113,CONSISTENT,,CONSISTENT,CONSISTENT,CONSISTENT,CONSISTENT,0.98,0,[]
CASE-000114,CONSISTENT,,CONSISTENT,CONSISTENT,CONSISTENT,CONSISTENT,0.98,0,[]
CASE-000115,CONSISTENT,,CONSISTENT,CONSISTENT,CONSISTENT,CONSISTENT,0.98,0,[]
CASE-000116,CONSISTENT,,CONSISTENT,CONSISTENT,CONSISTENT,CONSISTENT,0.98,0,[]
CASE-000117,CONSISTENT,,CONSISTENT,CONSISTENT,CONSISTENT,CONSISTENT,0.98,0,[]
CASE-000118,CONSISTENT,,CONSISTENT,CONSISTENT,CONSISTENT,CONSISTENT,0.98,0,[]
CASE-000119,CONSISTENT,,CONSISTENT,CONSISTENT,CONSISTENT,CONSISTENT,0.98,0,[]
CASE-000120,CONSISTENT,,CONSISTENT,CONSISTENT,CONSISTENT,CONSISTENT,0.98,0,[]
CASE-000121,CONSISTENT,,CONSISTENT,CONSISTENT,CONSISTENT,CONSISTENT,0.98,0,[]
CASE-000122,CONSISTENT,,CONSISTENT,CONSISTENT,CONSISTENT,CONSISTENT,0.98,0,[]
CASE-000123,CONSISTENT,,CONSISTENT,CONSISTENT,CONSISTENT,CONSISTENT,0.98,0,[]
CASE-000124,CONSISTENT,,CONSISTENT,CONSISTENT,CONSISTENT,CONSISTENT,0.98,0,[]
CASE-000125,CONSISTENT,,CONSISTENT,CONSISTENT,CONSISTENT,CONSISTENT,0.98,0,[]
CASE-000126,CONSISTENT,,CONSISTENT,CONSISTENT,CONSISTENT,CONSISTENT,0.98,0,[]
CASE-000127,CONSISTENT,,CONSISTENT,CONSISTENT,CONSISTENT,CONSISTENT,0.98,0,[]
CASE-000128,CONSISTENT,,CONSISTENT,CONSISTENT,CONSISTENT,CONSISTENT,0.98,0,[]
CASE-000129,CONSISTENT,,CONSISTENT,CONSISTENT,CONSISTENT,CONSISTENT,0.98,0,[]
CASE-000130,CONSISTENT,,CONSISTENT,CONSISTENT,CONSISTENT,CONSISTENT,0.98,0,[]
CASE-000131,CONSISTENT,,CONSISTENT,CONSISTENT,CONSISTENT,CONSISTENT,0.98,0,[]
CASE-000132,CONSISTENT,,CONSISTENT,CONSISTENT,CONSISTENT,CONSISTENT,0.98,0,[]
CASE-000133,CONSISTENT,,CONSISTENT,CONSISTENT,CONSISTENT,CONSISTENT,0.98,0,[]
CASE-000134,CONSISTENT,,CONSISTENT,CONSISTENT,CONSISTENT,CONSISTENT,0.98,0,[]
CASE-000135,CONSISTENT,,CONSISTENT,CONSISTENT,CONSISTENT,CONSISTENT,0.98,0,[]
CASE-000136,CONSISTENT,,CONSISTENT,CONSISTENT,CONSISTENT,CONSISTENT,0.98,0,[]
CASE-000137,CONSISTENT,,CONSISTENT,CONSISTENT,CONSISTENT,CONSISTENT,0.98,0,[]
CASE-000138,CONSISTENT,,CONSISTENT,CONSISTENT,CONSISTENT,CONSISTENT,0.98,0,[]
CASE-000139,CONSISTENT,,CONSISTENT,CONSISTENT,CONSISTENT,CONSISTENT,0.98,0,[]
CASE-000140,CONSISTENT,,CONSISTENT,CONSISTENT,CONSISTENT,CONSISTENT,0.98,0,[]
CASE-000141,CONSISTENT,,CONSISTENT,CONSISTENT,CONSISTENT,CONSISTENT,0.98,0,[]
CASE-000142,CONSISTENT,,CONSISTENT,CONSISTENT,CONSISTENT,CONSISTENT,0.98,0,[]
CASE-000143,CONSISTENT,,CONSISTENT,CONSISTENT,CONSISTENT,CONSISTENT,0.98,0,[]
CASE-000144,CONSISTENT,,CONSISTENT,CONSISTENT,CONSISTENT,CONSISTENT,0.98,0,[]
CASE-000145,CONSISTENT,,CONSISTENT,CONSISTENT,CONSISTENT,CONSISTENT,0.98,0,[]
CASE-000146,CONSISTENT,,CONSISTENT,CONSISTENT,CONSISTENT,CONSISTENT,0.98,0,[]
CASE-000147,CONSISTENT,,CONSISTENT,CONSISTENT,CONSISTENT,CONSISTENT,0.98,0,[]
CASE-000148,CONSISTENT,,CONSISTENT,CONSISTENT,CONSISTENT,CONSISTENT,0.98,0,[]
CASE-000149,CONSISTENT,,CONSISTENT,CONSISTENT,CONSISTENT,CONSISTENT,0.98,0,[]
CASE-000150,CONSISTENT,,CONSISTENT,CONSISTENT,CONSISTENT,CONSISTENT,0.98,0,[]
CASE-000151,CONSISTENT,,CONSISTENT,CONSISTENT,CONSISTENT,CONSISTENT,0.98,0,[]
CASE-000152,CONSISTENT,,CONSISTENT,CONSISTENT,CONSISTENT,CONSISTENT,0.98,0,[]
CASE-000153,CONSISTENT,,CONSISTENT,CONSISTENT,CONSISTENT,CONSISTENT,0.98,0,[]
CASE-000154,CONSISTENT,,CONSISTENT,CONSISTENT,CONSISTENT,CONSISTENT,0.98,0,[]
CASE-000155,CONSISTENT,,CONSISTENT,CONSISTENT,CONSISTENT,CONSISTENT,0.98,0,[]
CASE-000156,CONSISTENT,,CONSISTENT,CONSISTENT,CONSISTENT,CONSISTENT,0.98,0,[]
CASE-000157,CONSISTENT,,CONSISTENT,CONSISTENT,CONSISTENT,CONSISTENT,0.98,0,[]
CASE-000158,CONSISTENT,,CONSISTENT,CONSISTENT,CONSISTENT,CONSISTENT,0.98,0,[]
CASE-000159,CONSISTENT,,CONSISTENT,CONSISTENT,CONSISTENT,CONSISTENT,0.98,0,[]
CASE-000160,CONSISTENT,,CONSISTENT,CONSISTENT,CONSISTENT,CONSISTENT,0.98,0,[]
CASE-000161,CONSISTENT,,CONSISTENT,CONSISTENT,CONSISTENT,CONSISTENT,0.98,0,[]
CASE-000162,CONSISTENT,,CONSISTENT,CONSISTENT,CONSISTENT,CONSISTENT,0.98,0,[]
CASE-000163,CONSISTENT,,CONSISTENT,CONSISTENT,CONSISTENT,CONSISTENT,0.98,0,[]
CASE-000164,CONSISTENT,,CONSISTENT,CONSISTENT,CONSISTENT,CONSISTENT,0.98,0,[]
CASE-000165,CONSISTENT,,CONSISTENT,CONSISTENT,CONSISTENT,CONSISTENT,0.98,0,[]
CASE-000166,CONSISTENT,,CONSISTENT,CONSISTENT,CONSISTENT,CONSISTENT,0.98,0,[]
CASE-000167,CONSISTENT,,CONSISTENT,CONSISTENT,CONSISTENT,CONSISTENT,0.98,0,[]
CASE-000168,CONSISTENT,,CONSISTENT,CONSISTENT,CONSISTENT,CONSISTENT,0.98,0,[]
CASE-000169,CONSISTENT,,CONSISTENT,CONSISTENT,CONSISTENT,CONSISTENT,0.98,0,[]
CASE-000170,CONSISTENT,,CONSISTENT,CONSISTENT,CONSISTENT,CONSISTENT,0.98,0,[]
CASE-000171,CONSISTENT,,CONSISTENT,CONSISTENT,CONSISTENT,CONSISTENT,0.98,0,[]
CASE-000172,CONSISTENT,,CONSISTENT,CONSISTENT,CONSISTENT,CONSISTENT,0.98,0,[]
CASE-000173,CONSISTENT,,CONSISTENT,CONSISTENT,CONSISTENT,CONSISTENT,0.98,0,[]
CASE-000174,CONSISTENT,,CONSISTENT,CONSISTENT,CONSISTENT,CONSISTENT,0.98,0,[]
CASE-000175,CONSISTENT,,CONSISTENT,CONSISTENT,CONSISTENT,CONSISTENT,0.98,0,[]
CASE-000176,CONSISTENT,,CONSISTENT,CONSISTENT,CONSISTENT,CONSISTENT,0.98,0,[]
CASE-000177,CONSISTENT,,CONSISTENT,CONSISTENT,CONSISTENT,CONSISTENT,0.98,0,[]
CASE-000178,CONSISTENT,,CONSISTENT,CONSISTENT,CONSISTENT,CONSISTENT,0.98,0,[]
CASE-000179,CONSISTENT,,CONSISTENT,CONSISTENT,CONSISTENT,CONSISTENT,0.98,0,[]
CASE-000180,CONSISTENT,,CONSISTENT,CONSISTENT,CONSISTENT,CONSISTENT,0.98,0,[]
CASE-000181,CONSISTENT,,CONSISTENT,CONSISTENT,CONSISTENT,CONSISTENT,0.98,0,[]
CASE-000182,CONSISTENT,,CONSISTENT,CONSISTENT,CONSISTENT,CONSISTENT,0.98,0,[]
CASE-000183,CONSISTENT,,CONSISTENT,CONSISTENT,CONSISTENT,CONSISTENT,0.98,0,[]
CASE-000184,CONSISTENT,,CONSISTENT,CONSISTENT,CONSISTENT,CONSISTENT,0.98,0,[]
CASE-000185,CONSISTENT,,CONSISTENT,CONSISTENT,CONSISTENT,CONSISTENT,0.98,0,[]
CASE-000186,CONSISTENT,,CONSISTENT,CONSISTENT,CONSISTENT,CONSISTENT,0.98,0,[]
CASE-000187,CONSISTENT,,CONSISTENT,CONSISTENT,CONSISTENT,CONSISTENT,0.98,0,[]
CASE-000188,CONSISTENT,,CONSISTENT,CONSISTENT,CONSISTENT,CONSISTENT,0.98,0,[]
CASE-000189,CONSISTENT,,CONSISTENT,CONSISTENT,CONSISTENT,CONSISTENT,0.98,0,[]
CASE-000190,CONSISTENT,,CONSISTENT,CONSISTENT,CONSISTENT,CONSISTENT,0.98,0,[]
CASE-000191,CONSISTENT,,CONSISTENT,CONSISTENT,CONSISTENT,CONSISTENT,0.98,0,[]
CASE-000192,CONSISTENT,,CONSISTENT,CONSISTENT,CONSISTENT,CONSISTENT,0.98,0,[]
CASE-000193,CONSISTENT,,CONSISTENT,CONSISTENT,CONSISTENT,CONSISTENT,0.98,0,[]
CASE-000194,CONSISTENT,,CONSISTENT,CONSISTENT,CONSISTENT,CONSISTENT,0.98,0,[]
CASE-000195,CONSISTENT,,CONSISTENT,CONSISTENT,CONSISTENT,CONSISTENT,0.98,0,[]
CASE-000196,CONSISTENT,,CONSISTENT,CONSISTENT,CONSISTENT,CONSISTENT,0.98,0,[]
CASE-000197,CONSISTENT,,CONSISTENT,CONSISTENT,CONSISTENT,CONSISTENT,0.98,0,[]
CASE-000198,CONSISTENT,,CONSISTENT,CONSISTENT,CONSISTENT,CONSISTENT,0.98,0,[]
CASE-000199,CONSISTENT,,CONSISTENT,CONSISTENT,CONSISTENT,CONSISTENT,0.98,0,[]
CASE-000200,CONSISTENT,,CONSISTENT,CONSISTENT,CONSISTENT,CONSISTENT,0.98,0,[]
CASE-000201,CONSISTENT,,CONSISTENT,CONSISTENT,CONSISTENT,CONSISTENT,0.98,0,[]
CASE-000202,CONSISTENT,,CONSISTENT,CONSISTENT,CONSISTENT,CONSISTENT,0.98,0,[]
CASE-000203,CONSISTENT,,CONSISTENT,CONSISTENT,CONSISTENT,CONSISTENT,0.98,0,[]
CASE-000204,CONSISTENT,,CONSISTENT,CONSISTENT,CONSISTENT,CONSISTENT,0.98,0,[]
CASE-000205,CONSISTENT,,CONSISTENT,CONSISTENT,CONSISTENT,CONSISTENT,0.98,0,[]
CASE-000206,CONSISTENT,,CONSISTENT,CONSISTENT,CONSISTENT,CONSISTENT,0.98,0,[]
CASE-000207,CONSISTENT,,CONSISTENT,CONSISTENT,CONSISTENT,CONSISTENT,0.98,0,[]
CASE-000208,CONSISTENT,,CONSISTENT,CONSISTENT,CONSISTENT,CONSISTENT,0.98,0,[]
CASE-000209,CONSISTENT,,CONSISTENT,CONSISTENT,CONSISTENT,CONSISTENT,0.98,0,[]
CASE-000210,CONSISTENT,,CONSISTENT,CONSISTENT,CONSISTENT,CONSISTENT,0.98,0,[]
CASE-000211,CONSISTENT,,CONSISTENT,CONSISTENT,CONSISTENT,CONSISTENT,0.98,0,[]
CASE-000212,CONSISTENT,,CONSISTENT,CONSISTENT,CONSISTENT,CONSISTENT,0.98,0,[]
CASE-000213,CONSISTENT,,CONSISTENT,CONSISTENT,CONSISTENT,CONSISTENT,0.98,0,[]
CASE-000214,CONSISTENT,,CONSISTENT,CONSISTENT,CONSISTENT,CONSISTENT,0.98,0,[]
CASE-000215,CONSISTENT,,CONSISTENT,CONSISTENT,CONSISTENT,CONSISTENT,0.98,0,[]
CASE-000216,CONSISTENT,,CONSISTENT,CONSISTENT,CONSISTENT,CONSISTENT,0.98,0,[]
CASE-000217,CONSISTENT,,CONSISTENT,CONSISTENT,CONSISTENT,CONSISTENT,0.98,0,[]
CASE-000218,CONSISTENT,,CONSISTENT,CONSISTENT,CONSISTENT,CONSISTENT,0.98,0,[]
CASE-000219,CONSISTENT,,CONSISTENT,CONSISTENT,CONSISTENT,CONSISTENT,0.98,0,[]
CASE-000220,CONSISTENT,,CONSISTENT,CONSISTENT,CONSISTENT,CONSISTENT,0.98,0,[]
CASE-000221,CONSISTENT,,CONSISTENT,CONSISTENT,CONSISTENT,CONSISTENT,0.98,0,[]
CASE-000222,CONSISTENT,,CONSISTENT,CONSISTENT,CONSISTENT,CONSISTENT,0.98,0,[]
CASE-000223,CONSISTENT,,CONSISTENT,CONSISTENT,CONSISTENT,CONSISTENT,0.98,0,[]
CASE-000224,CONSISTENT,,CONSISTENT,CONSISTENT,CONSISTENT,CONSISTENT,0.98,0,[]
CASE-000225,CONSISTENT,,CONSISTENT,CONSISTENT,CONSISTENT,CONSISTENT,0.98,0,[]
CASE-000226,CONSISTENT,,CONSISTENT,CONSISTENT,CONSISTENT,CONSISTENT,0.98,0,[]
CASE-000227,CONSISTENT,,CONSISTENT,CONSISTENT,CONSISTENT,CONSISTENT,0.98,0,[]
CASE-000228,CONSISTENT,,CONSISTENT,CONSISTENT,CONSISTENT,CONSISTENT,0.98,0,[]
CASE-000229,CONSISTENT,,CONSISTENT,CONSISTENT,CONSISTENT,CONSISTENT,0.98,0,[]
CASE-000230,CONSISTENT,,CONSISTENT,CONSISTENT,CONSISTENT,CONSISTENT,0.98,0,[]
CASE-000231,CONSISTENT,,CONSISTENT,CONSISTENT,CONSISTENT,CONSISTENT,0.98,0,[]
CASE-000232,CONSISTENT,,CONSISTENT,CONSISTENT,CONSISTENT,CONSISTENT,0.98,0,[]
CASE-000233,CONSISTENT,,CONSISTENT,CONSISTENT,CONSISTENT,CONSISTENT,0.98,0,[]
CASE-000234,CONSISTENT,,CONSISTENT,CONSISTENT,CONSISTENT,CONSISTENT,0.98,0,[]
CASE-000235,CONSISTENT,,CONSISTENT,CONSISTENT,CONSISTENT,CONSISTENT,0.98,0,[]
CASE-000236,CONSISTENT,,CONSISTENT,CONSISTENT,CONSISTENT,CONSISTENT,0.98,0,[]
CASE-000237,CONSISTENT,,CONSISTENT,CONSISTENT,CONSISTENT,CONSISTENT,0.98,0,[]
CASE-000238,CONSISTENT,,CONSISTENT,CONSISTENT,CONSISTENT,CONSISTENT,0.98,0,[]
CASE-000239,CONSISTENT,,CONSISTENT,CONSISTENT,CONSISTENT,CONSISTENT,0.98,0,[]
CASE-000240,CONSISTENT,,CONSISTENT,CONSISTENT,CONSISTENT,CONSISTENT,0.98,0,[]
CASE-000241,CONSISTENT,,CONSISTENT,CONSISTENT,CONSISTENT,CONSISTENT,0.98,0,[]
CASE-000242,CONSISTENT,,CONSISTENT,CONSISTENT,CONSISTENT,CONSISTENT,0.98,0,[]
CASE-000243,CONSISTENT,,CONSISTENT,CONSISTENT,CONSISTENT,CONSISTENT,0.98,0,[]
CASE-000244,CONSISTENT,,CONSISTENT,CONSISTENT,CONSISTENT,CONSISTENT,0.98,0,[]
CASE-000245,CONSISTENT,,CONSISTENT,CONSISTENT,CONSISTENT,CONSISTENT,0.98,0,[]
CASE-000246,CONSISTENT,,CONSISTENT,CONSISTENT,CONSISTENT,CONSISTENT,0.98,0,[]
CASE-000247,CONSISTENT,,CONSISTENT,CONSISTENT,CONSISTENT,CONSISTENT,0.98,0,[]
CASE-000248,CONSISTENT,,CONSISTENT,CONSISTENT,CONSISTENT,CONSISTENT,0.98,0,[]
CASE-000249,CONSISTENT,,CONSISTENT,CONSISTENT,CONSISTENT,CONSISTENT,0.98,0,[]
CASE-000250,CONSISTENT,,CONSISTENT,CONSISTENT,CONSISTENT,CONSISTENT,0.98,0,[]
CASE-000251,CONSISTENT,,CONSISTENT,CONSISTENT,CONSISTENT,CONSISTENT,0.98,0,[]
CASE-000252,CONSISTENT,,CONSISTENT,CONSISTENT,CONSISTENT,CONSISTENT,0.98,0,[]
CASE-000253,CONSISTENT,,CONSISTENT,CONSISTENT,CONSISTENT,CONSISTENT,0.98,0,[]
CASE-000254,CONSISTENT,,CONSISTENT,CONSISTENT,CONSISTENT,CONSISTENT,0.98,0,[]
CASE-000255,CONSISTENT,,CONSISTENT,CONSISTENT,CONSISTENT,CONSISTENT,0.98,0,[]
CASE-000256,CONSISTENT,,CONSISTENT,CONSISTENT,CONSISTENT,CONSISTENT,0.98,0,[]
CASE-000257,CONSISTENT,,CONSISTENT,CONSISTENT,CONSISTENT,CONSISTENT,0.98,0,[]
CASE-000258,CONSISTENT,,CONSISTENT,CONSISTENT,CONSISTENT,CONSISTENT,0.98,0,[]
CASE-000259,CONSISTENT,,CONSISTENT,CONSISTENT,CONSISTENT,CONSISTENT,0.98,0,[]
CASE-000260,CONSISTENT,,CONSISTENT,CONSISTENT,CONSISTENT,CONSISTENT,0.98,0,[]
CASE-000261,CONSISTENT,,CONSISTENT,CONSISTENT,CONSISTENT,CONSISTENT,0.98,0,[]
CASE-000262,CONSISTENT,,CONSISTENT,CONSISTENT,CONSISTENT,CONSISTENT,0.98,0,[]
CASE-000263,CONSISTENT,,CONSISTENT,CONSISTENT,CONSISTENT,CONSISTENT,0.98,0,[]
CASE-000264,CONSISTENT,,CONSISTENT,CONSISTENT,CONSISTENT,CONSISTENT,0.98,0,[]
CASE-000265,CONSISTENT,,CONSISTENT,CONSISTENT,CONSISTENT,CONSISTENT,0.98,0,[]
CASE-000266,CONSISTENT,,CONSISTENT,CONSISTENT,CONSISTENT,CONSISTENT,0.98,0,[]
CASE-000267,CONSISTENT,,CONSISTENT,CONSISTENT,CONSISTENT,CONSISTENT,0.98,0,[]
CASE-000268,CONSISTENT,,CONSISTENT,CONSISTENT,CONSISTENT,CONSISTENT,0.98,0,[]
CASE-000269,CONSISTENT,,CONSISTENT,CONSISTENT,CONSISTENT,CONSISTENT,0.98,0,[]
CASE-000270,CONSISTENT,,CONSISTENT,CONSISTENT,CONSISTENT,CONSISTENT,0.98,0,[]
CASE-000271,CONSISTENT,,CONSISTENT,CONSISTENT,CONSISTENT,CONSISTENT,0.98,0,[]
CASE-000272,CONSISTENT,,CONSISTENT,CONSISTENT,CONSISTENT,CONSISTENT,0.98,0,[]
CASE-000273,CONSISTENT,,CONSISTENT,CONSISTENT,CONSISTENT,CONSISTENT,0.98,0,[]
CASE-000274,CONSISTENT,,CONSISTENT,CONSISTENT,CONSISTENT,CONSISTENT,0.98,0,[]
CASE-000275,CONSISTENT,,CONSISTENT,CONSISTENT,CONSISTENT,CONSISTENT,0.98,0,[]
CASE-000276,CONSISTENT,,CONSISTENT,CONSISTENT,CONSISTENT,CONSISTENT,0.98,0,[]
CASE-000277,CONSISTENT,,CONSISTENT,CONSISTENT,CONSISTENT,CONSISTENT,0.98,0,[]
CASE-000278,CONSISTENT,,CONSISTENT,CONSISTENT,CONSISTENT,CONSISTENT,0.98,0,[]
CASE-000279,CONSISTENT,,CONSISTENT,CONSISTENT,CONSISTENT,CONSISTENT,0.98,0,[]
CASE-000280,CONSISTENT,,CONSISTENT,CONSISTENT,CONSISTENT,CONSISTENT,0.98,0,[]
CASE-000281,CONSISTENT,,CONSISTENT,CONSISTENT,CONSISTENT,CONSISTENT,0.98,0,[]
CASE-000282,CONSISTENT,,CONSISTENT,CONSISTENT,CONSISTENT,CONSISTENT,0.98,0,[]
CASE-000283,CONSISTENT,,CONSISTENT,CONSISTENT,CONSISTENT,CONSISTENT,0.98,0,[]
CASE-000284,CONSISTENT,,CONSISTENT,CONSISTENT,CONSISTENT,CONSISTENT,0.98,0,[]
CASE-000285,CONSISTENT,,CONSISTENT,CONSISTENT,CONSISTENT,CONSISTENT,0.98,0,[]
CASE-000286,CONSISTENT,,CONSISTENT,CONSISTENT,CONSISTENT,CONSISTENT,0.98,0,[]
CASE-000287,CONSISTENT,,CONSISTENT,CONSISTENT,CONSISTENT,CONSISTENT,0.98,0,[]
CASE-000288,CONSISTENT,,CONSISTENT,CONSISTENT,CONSISTENT,CONSISTENT,0.98,0,[]
CASE-000289,CONSISTENT,,CONSISTENT,CONSISTENT,CONSISTENT,CONSISTENT,0.98,0,[]
CASE-000290,CONSISTENT,,CONSISTENT,CONSISTENT,CONSISTENT,CONSISTENT,0.98,0,[]
CASE-000291,CONSISTENT,,CONSISTENT,CONSISTENT,CONSISTENT,CONSISTENT,0.98,0,[]
CASE-000292,CONSISTENT,,CONSISTENT,CONSISTENT,CONSISTENT,CONSISTENT,0.98,0,[]
CASE-000293,CONSISTENT,,CONSISTENT,CONSISTENT,CONSISTENT,CONSISTENT,0.98,0,[]
CASE-000294,CONSISTENT,,CONSISTENT,CONSISTENT,CONSISTENT,CONSISTENT,0.98,0,[]
CASE-000295,CONSISTENT,,CONSISTENT,CONSISTENT,CONSISTENT,CONSISTENT,0.98,0,[]
CASE-000296,CONSISTENT,,CONSISTENT,CONSISTENT,CONSISTENT,CONSISTENT,0.98,0,[]
CASE-000297,CONSISTENT,,CONSISTENT,CONSISTENT,CONSISTENT,CONSISTENT,0.98,0,[]
CASE-000298,CONSISTENT,,CONSISTENT,CONSISTENT,CONSISTENT,CONSISTENT,0.98,0,[]
CASE-000299,CONSISTENT,,CONSISTENT,CONSISTENT,CONSISTENT,CONSISTENT,0.98,0,[]
CASE-000300,CONSISTENT,,CONSISTENT,CONSISTENT,CONSISTENT,CONSISTENT,0.98,0,[]
CASE-000301,CONSISTENT,,CONSISTENT,CONSISTENT,CONSISTENT,CONSISTENT,0.98,0,[]
CASE-000302,CONSISTENT,,CONSISTENT,CONSISTENT,CONSISTENT,CONSISTENT,0.98,0,[]
CASE-000303,CONSISTENT,,CONSISTENT,CONSISTENT,CONSISTENT,CONSISTENT,0.98,0,[]
CASE-000304,CONSISTENT,,CONSISTENT,CONSISTENT,CONSISTENT,CONSISTENT,0.98,0,[]
CASE-000305,CONSISTENT,,CONSISTENT,CONSISTENT,CONSISTENT,CONSISTENT,0.98,0,[]
CASE-000306,CONSISTENT,,CONSISTENT,CONSISTENT,CONSISTENT,CONSISTENT,0.98,0,[]
CASE-000307,CONSISTENT,,CONSISTENT,CONSISTENT,CONSISTENT,CONSISTENT,0.98,0,[]
CASE-000308,CONSISTENT,,CONSISTENT,CONSISTENT,CONSISTENT,CONSISTENT,0.98,0,[]
CASE-000309,CONSISTENT,,CONSISTENT,CONSISTENT,CONSISTENT,CONSISTENT,0.98,0,[]
CASE-000310,CONSISTENT,,CONSISTENT,CONSISTENT,CONSISTENT,CONSISTENT,0.98,0,[]
CASE-000311,CONSISTENT,,CONSISTENT,CONSISTENT,CONSISTENT,CONSISTENT,0.98,0,[]
CASE-000312,CONSISTENT,,CONSISTENT,CONSISTENT,CONSISTENT,CONSISTENT,0.98,0,[]
CASE-000313,CONSISTENT,,CONSISTENT,CONSISTENT,CONSISTENT,CONSISTENT,0.98,0,[]
CASE-000314,CONSISTENT,,CONSISTENT,CONSISTENT,CONSISTENT,CONSISTENT,0.98,0,[]
CASE-000315,CONSISTENT,,CONSISTENT,CONSISTENT,CONSISTENT,CONSISTENT,0.98,0,[]
CASE-000316,CONSISTENT,,CONSISTENT,CONSISTENT,CONSISTENT,CONSISTENT,0.98,0,[]
CASE-000317,CONSISTENT,,CONSISTENT,CONSISTENT,CONSISTENT,CONSISTENT,0.98,0,[]
CASE-000318,CONSISTENT,,CONSISTENT,CONSISTENT,CONSISTENT,CONSISTENT,0.98,0,[]
CASE-000319,CONSISTENT,,CONSISTENT,CONSISTENT,CONSISTENT,CONSISTENT,0.98,0,[]
CASE-000320,CONSISTENT,,CONSISTENT,CONSISTENT,CONSISTENT,CONSISTENT,0.98,0,[]
CASE-000321,CONSISTENT,,CONSISTENT,CONSISTENT,CONSISTENT,CONSISTENT,0.98,0,[]
CASE-000322,CONSISTENT,,CONSISTENT,CONSISTENT,CONSISTENT,CONSISTENT,0.98,0,[]
CASE-000323,CONSISTENT,,CONSISTENT,CONSISTENT,CONSISTENT,CONSISTENT,0.98,0,[]
CASE-000324,CONSISTENT,,CONSISTENT,CONSISTENT,CONSISTENT,CONSISTENT,0.98,0,[]
CASE-000325,CONSISTENT,,CONSISTENT,CONSISTENT,CONSISTENT,CONSISTENT,0.98,0,[]
CASE-000326,CONSISTENT,,CONSISTENT,CONSISTENT,CONSISTENT,CONSISTENT,0.98,0,[]
CASE-000327,CONSISTENT,,CONSISTENT,CONSISTENT,CONSISTENT,CONSISTENT,0.98,0,[]
CASE-000328,CONSISTENT,,CONSISTENT,CONSISTENT,CONSISTENT,CONSISTENT,0.98,0,[]
CASE-000329,CONSISTENT,,CONSISTENT,CONSISTENT,CONSISTENT,CONSISTENT,0.98,0,[]
CASE-000330,CONSISTENT,,CONSISTENT,CONSISTENT,CONSISTENT,CONSISTENT,0.98,0,[]
CASE-000331,CONSISTENT,,CONSISTENT,CONSISTENT,CONSISTENT,CONSISTENT,0.98,0,[]
CASE-000332,CONSISTENT,,CONSISTENT,CONSISTENT,CONSISTENT,CONSISTENT,0.98,0,[]
CASE-000333,CONSISTENT,,CONSISTENT,CONSISTENT,CONSISTENT,CONSISTENT,0.98,0,[]
CASE-000334,CONSISTENT,,CONSISTENT,CONSISTENT,CONSISTENT,CONSISTENT,0.98,0,[]
CASE-000335,CONSISTENT,,CONSISTENT,CONSISTENT,CONSISTENT,CONSISTENT,0.98,0,[]
CASE-000336,CONSISTENT,,CONSISTENT,CONSISTENT,CONSISTENT,CONSISTENT,0.98,0,[]
CASE-000337,CONSISTENT,,CONSISTENT,CONSISTENT,CONSISTENT,CONSISTENT,0.98,0,[]
CASE-000338,CONSISTENT,,CONSISTENT,CONSISTENT,CONSISTENT,CONSISTENT,0.98,0,[]
CASE-000339,CONSISTENT,,CONSISTENT,CONSISTENT,CONSISTENT,CONSISTENT,0.98,0,[]
CASE-000340,CONSISTENT,,CONSISTENT,CONSISTENT,CONSISTENT,CONSISTENT,0.98,0,[]
CASE-000341,CONSISTENT,,CONSISTENT,CONSISTENT,CONSISTENT,CONSISTENT,0.98,0,[]
CASE-000342,CONSISTENT,,CONSISTENT,CONSISTENT,CONSISTENT,CONSISTENT,0.98,0,[]
CASE-000343,CONSISTENT,,CONSISTENT,CONSISTENT,CONSISTENT,CONSISTENT,0.98,0,[]
CASE-000344,CONSISTENT,,CONSISTENT,CONSISTENT,CONSISTENT,CONSISTENT,0.98,0,[]
CASE-000345,CONSISTENT,,CONSISTENT,CONSISTENT,CONSISTENT,CONSISTENT,0.98,0,[]
CASE-000346,CONSISTENT,,CONSISTENT,CONSISTENT,CONSISTENT,CONSISTENT,0.98,0,[]
CASE-000347,CONSISTENT,,CONSISTENT,CONSISTENT,CONSISTENT,CONSISTENT,0.98,0,[]
CASE-000348,CONSISTENT,,CONSISTENT,CONSISTENT,CONSISTENT,CONSISTENT,0.98,0,[]
CASE-000349,CONSISTENT,,CONSISTENT,CONSISTENT,CONSISTENT,CONSISTENT,0.98,0,[]
CASE-000350,CONSISTENT,,CONSISTENT,CONSISTENT,CONSISTENT,CONSISTENT,0.98,0,[]
CASE-000351,CONSISTENT,,CONSISTENT,CONSISTENT,CONSISTENT,CONSISTENT,0.98,0,[]
CASE-000352,CONSISTENT,,CONSISTENT,CONSISTENT,CONSISTENT,CONSISTENT,0.98,0,[]
CASE-000353,CONSISTENT,,CONSISTENT,CONSISTENT,CONSISTENT,CONSISTENT,0.98,0,[]
CASE-000354,CONSISTENT,,CONSISTENT,CONSISTENT,CONSISTENT,CONSISTENT,0.98,0,[]
CASE-000355,CONSISTENT,,CONSISTENT,CONSISTENT,CONSISTENT,CONSISTENT,0.98,0,[]
CASE-000356,CONSISTENT,,CONSISTENT,CONSISTENT,CONSISTENT,CONSISTENT,0.98,0,[]
CASE-000357,CONSISTENT,,CONSISTENT,CONSISTENT,CONSISTENT,CONSISTENT,0.98,0,[]
CASE-000358,CONSISTENT,,CONSISTENT,CONSISTENT,CONSISTENT,CONSISTENT,0.98,0,[]
CASE-000359,CONSISTENT,,CONSISTENT,CONSISTENT,CONSISTENT,CONSISTENT,0.98,0,[]
CASE-000360,CONSISTENT,,CONSISTENT,CONSISTENT,CONSISTENT,CONSISTENT,0.98,0,[]
CASE-000361,CONSISTENT,,CONSISTENT,CONSISTENT,CONSISTENT,CONSISTENT,0.98,0,[]
CASE-000362,CONSISTENT,,CONSISTENT,CONSISTENT,CONSISTENT,CONSISTENT,0.98,0,[]
CASE-000363,CONSISTENT,,CONSISTENT,CONSISTENT,CONSISTENT,CONSISTENT,0.98,0,[]
CASE-000364,CONSISTENT,,CONSISTENT,CONSISTENT,CONSISTENT,CONSISTENT,0.98,0,[]
CASE-000365,CONSISTENT,,CONSISTENT,CONSISTENT,CONSISTENT,CONSISTENT,0.98,0,[]
CASE-000366,CONSISTENT,,CONSISTENT,CONSISTENT,CONSISTENT,CONSISTENT,0.98,0,[]
CASE-000367,CONSISTENT,,CONSISTENT,CONSISTENT,CONSISTENT,CONSISTENT,0.98,0,[]
CASE-000368,CONSISTENT,,CONSISTENT,CONSISTENT,CONSISTENT,CONSISTENT,0.98,0,[]
CASE-000369,CONSISTENT,,CONSISTENT,CONSISTENT,CONSISTENT,CONSISTENT,0.98,0,[]
CASE-000370,CONSISTENT,,CONSISTENT,CONSISTENT,CONSISTENT,CONSISTENT,0.98,0,[]
CASE-000371,CONSISTENT,,CONSISTENT,CONSISTENT,CONSISTENT,CONSISTENT,0.98,0,[]
CASE-000372,CONSISTENT,,CONSISTENT,CONSISTENT,CONSISTENT,CONSISTENT,0.98,0,[]
CASE-000373,CONSISTENT,,CONSISTENT,CONSISTENT,CONSISTENT,CONSISTENT,0.98,0,[]
CASE-000374,CONSISTENT,,CONSISTENT,CONSISTENT,CONSISTENT,CONSISTENT,0.98,0,[]
CASE-000375,CONSISTENT,,CONSISTENT,CONSISTENT,CONSISTENT,CONSISTENT,0.98,0,[]
CASE-000376,CONSISTENT,,CONSISTENT,CONSISTENT,CONSISTENT,CONSISTENT,0.98,0,[]
CASE-000377,CONSISTENT,,CONSISTENT,CONSISTENT,CONSISTENT,CONSISTENT,0.98,0,[]
CASE-000378,CONSISTENT,,CONSISTENT,CONSISTENT,CONSISTENT,CONSISTENT,0.98,0,[]
CASE-000379,CONSISTENT,,CONSISTENT,CONSISTENT,CONSISTENT,CONSISTENT,0.98,0,[]
CASE-000380,CONSISTENT,,CONSISTENT,CONSISTENT,CONSISTENT,CONSISTENT,0.98,0,[]
CASE-000381,CONSISTENT,,CONSISTENT,CONSISTENT,CONSISTENT,CONSISTENT,0.98,0,[]
CASE-000382,CONSISTENT,,CONSISTENT,CONSISTENT,CONSISTENT,CONSISTENT,0.98,0,[]
CASE-000383,CONSISTENT,,CONSISTENT,CONSISTENT,CONSISTENT,CONSISTENT,0.98,0,[]
CASE-000384,CONSISTENT,,CONSISTENT,CONSISTENT,CONSISTENT,CONSISTENT,0.98,0,[]
CASE-000385,CONSISTENT,,CONSISTENT,CONSISTENT,CONSISTENT,CONSISTENT,0.98,0,[]
CASE-000386,CONSISTENT,,CONSISTENT,CONSISTENT,CONSISTENT,CONSISTENT,0.98,0,[]
CASE-000387,CONSISTENT,,CONSISTENT,CONSISTENT,CONSISTENT,CONSISTENT,0.98,0,[]
CASE-000388,CONSISTENT,,CONSISTENT,CONSISTENT,CONSISTENT,CONSISTENT,0.98,0,[]
CASE-000389,CONSISTENT,,CONSISTENT,CONSISTENT,CONSISTENT,CONSISTENT,0.98,0,[]
CASE-000390,CONSISTENT,,CONSISTENT,CONSISTENT,CONSISTENT,CONSISTENT,0.98,0,[]
CASE-000391,CONSISTENT,,CONSISTENT,CONSISTENT,CONSISTENT,CONSISTENT,0.98,0,[]
CASE-000392,CONSISTENT,,CONSISTENT,CONSISTENT,CONSISTENT,CONSISTENT,0.98,0,[]
CASE-000393,CONSISTENT,,CONSISTENT,CONSISTENT,CONSISTENT,CONSISTENT,0.98,0,[]
CASE-000394,CONSISTENT,,CONSISTENT,CONSISTENT,CONSISTENT,CONSISTENT,0.98,0,[]
CASE-000395,CONSISTENT,,CONSISTENT,CONSISTENT,CONSISTENT,CONSISTENT,0.98,0,[]
CASE-000396,CONSISTENT,,CONSISTENT,CONSISTENT,CONSISTENT,CONSISTENT,0.98,0,[]
CASE-000397,CONSISTENT,,CONSISTENT,CONSISTENT,CONSISTENT,CONSISTENT,0.98,0,[]
CASE-000398,CONSISTENT,,CONSISTENT,CONSISTENT,CONSISTENT,CONSISTENT,0.98,0,[]
CASE-000399,CONSISTENT,,CONSISTENT,CONSISTENT,CONSISTENT,CONSISTENT,0.98,0,[]
CASE-000400,CONSISTENT,,CONSISTENT,CONSISTENT,CONSISTENT,CONSISTENT,0.98,0,[]
CASE-000401,CONSISTENT,,CONSISTENT,CONSISTENT,CONSISTENT,CONSISTENT,0.98,0,[]
CASE-000402,CONSISTENT,,CONSISTENT,CONSISTENT,CONSISTENT,CONSISTENT,0.98,0,[]
CASE-000403,CONSISTENT,,CONSISTENT,CONSISTENT,CONSISTENT,CONSISTENT,0.98,0,[]
CASE-000404,CONSISTENT,,CONSISTENT,CONSISTENT,CONSISTENT,CONSISTENT,0.98,0,[]
CASE-000405,CONSISTENT,,CONSISTENT,CONSISTENT,CONSISTENT,CONSISTENT,0.98,0,[]
CASE-000406,CONSISTENT,,CONSISTENT,CONSISTENT,CONSISTENT,CONSISTENT,0.98,0,[]
CASE-000407,CONSISTENT,,CONSISTENT,CONSISTENT,CONSISTENT,CONSISTENT,0.98,0,[]
CASE-000408,CONSISTENT,,CONSISTENT,CONSISTENT,CONSISTENT,CONSISTENT,0.98,0,[]
CASE-000409,CONSISTENT,,CONSISTENT,CONSISTENT,CONSISTENT,CONSISTENT,0.98,0,[]
CASE-000410,CONSISTENT,,CONSISTENT,CONSISTENT,CONSISTENT,CONSISTENT,0.98,0,[]
CASE-000411,CONSISTENT,,CONSISTENT,CONSISTENT,CONSISTENT,CONSISTENT,0.98,0,[]
CASE-000412,CONSISTENT,,CONSISTENT,CONSISTENT,CONSISTENT,CONSISTENT,0.98,0,[]
CASE-000413,CONSISTENT,,CONSISTENT,CONSISTENT,CONSISTENT,CONSISTENT,0.98,0,[]
CASE-000414,CONSISTENT,,CONSISTENT,CONSISTENT,CONSISTENT,CONSISTENT,0.98,0,[]
CASE-000415,CONSISTENT,,CONSISTENT,CONSISTENT,CONSISTENT,CONSISTENT,0.98,0,[]
CASE-000416,CONSISTENT,,CONSISTENT,CONSISTENT,CONSISTENT,CONSISTENT,0.98,0,[]
CASE-000417,CONSISTENT,,CONSISTENT,CONSISTENT,CONSISTENT,CONSISTENT,0.98,0,[]
CASE-000418,CONSISTENT,,CONSISTENT,CONSISTENT,CONSISTENT,CONSISTENT,0.98,0,[]
CASE-000419,CONSISTENT,,CONSISTENT,CONSISTENT,CONSISTENT,CONSISTENT,0.98,0,[]
CASE-000420,CONSISTENT,,CONSISTENT,CONSISTENT,CONSISTENT,CONSISTENT,0.98,0,[]
CASE-000421,CONSISTENT,,CONSISTENT,CONSISTENT,CONSISTENT,CONSISTENT,0.98,0,[]
CASE-000422,CONSISTENT,,CONSISTENT,CONSISTENT,CONSISTENT,CONSISTENT,0.98,0,[]
CASE-000423,CONSISTENT,,CONSISTENT,CONSISTENT,CONSISTENT,CONSISTENT,0.98,0,[]
CASE-000424,CONSISTENT,,CONSISTENT,CONSISTENT,CONSISTENT,CONSISTENT,0.98,0,[]
CASE-000425,CONSISTENT,,CONSISTENT,CONSISTENT,CONSISTENT,CONSISTENT,0.98,0,[]
CASE-000426,CONSISTENT,,CONSISTENT,CONSISTENT,CONSISTENT,CONSISTENT,0.98,0,[]
CASE-000427,CONSISTENT,,CONSISTENT,CONSISTENT,CONSISTENT,CONSISTENT,0.98,0,[]
CASE-000428,CONSISTENT,,CONSISTENT,CONSISTENT,CONSISTENT,CONSISTENT,0.98,0,[]
CASE-000429,CONSISTENT,,CONSISTENT,CONSISTENT,CONSISTENT,CONSISTENT,0.98,0,[]
CASE-000430,CONSISTENT,,CONSISTENT,CONSISTENT,CONSISTENT,CONSISTENT,0.98,0,[]
CASE-000431,CONSISTENT,,CONSISTENT,CONSISTENT,CONSISTENT,CONSISTENT,0.98,0,[]
CASE-000432,CONSISTENT,,CONSISTENT,CONSISTENT,CONSISTENT,CONSISTENT,0.98,0,[]
CASE-000433,CONSISTENT,,CONSISTENT,CONSISTENT,CONSISTENT,CONSISTENT,0.98,0,[]
CASE-000434,CONSISTENT,,CONSISTENT,CONSISTENT,CONSISTENT,CONSISTENT,0.98,0,[]
CASE-000435,CONSISTENT,,CONSISTENT,CONSISTENT,CONSISTENT,CONSISTENT,0.98,0,[]
CASE-000436,CONSISTENT,,CONSISTENT,CONSISTENT,CONSISTENT,CONSISTENT,0.98,0,[]
CASE-000437,CONSISTENT,,CONSISTENT,CONSISTENT,CONSISTENT,CONSISTENT,0.98,0,[]
CASE-000438,CONSISTENT,,CONSISTENT,CONSISTENT,CONSISTENT,CONSISTENT,0.98,0,[]
CASE-000439,CONSISTENT,,CONSISTENT,CONSISTENT,CONSISTENT,CONSISTENT,0.98,0,[]
CASE-000440,CONSISTENT,,CONSISTENT,CONSISTENT,CONSISTENT,CONSISTENT,0.98,0,[]
CASE-000441,CONSISTENT,,CONSISTENT,CONSISTENT,CONSISTENT,CONSISTENT,0.98,0,[]
CASE-000442,CONSISTENT,,CONSISTENT,CONSISTENT,CONSISTENT,CONSISTENT,0.98,0,[]
CASE-000443,CONSISTENT,,CONSISTENT,CONSISTENT,CONSISTENT,CONSISTENT,0.98,0,[]
CASE-000444,CONSISTENT,,CONSISTENT,CONSISTENT,CONSISTENT,CONSISTENT,0.98,0,[]
CASE-000445,CONSISTENT,,CONSISTENT,CONSISTENT,CONSISTENT,CONSISTENT,0.98,0,[]
CASE-000446,CONSISTENT,,CONSISTENT,CONSISTENT,CONSISTENT,CONSISTENT,0.98,0,[]
CASE-000447,CONSISTENT,,CONSISTENT,CONSISTENT,CONSISTENT,CONSISTENT,0.98,0,[]
CASE-000448,CONSISTENT,,CONSISTENT,CONSISTENT,CONSISTENT,CONSISTENT,0.98,0,[]
CASE-000449,CONSISTENT,,CONSISTENT,CONSISTENT,CONSISTENT,CONSISTENT,0.98,0,[]
CASE-000450,CONSISTENT,,CONSISTENT,CONSISTENT,CONSISTENT,CONSISTENT,0.98,0,[]
CASE-000451,CONSISTENT,,CONSISTENT,CONSISTENT,CONSISTENT,CONSISTENT,0.98,0,[]
CASE-000452,CONSISTENT,,CONSISTENT,CONSISTENT,CONSISTENT,CONSISTENT,0.98,0,[]
CASE-000453,CONSISTENT,,CONSISTENT,CONSISTENT,CONSISTENT,CONSISTENT,0.98,0,[]
CASE-000454,CONSISTENT,,CONSISTENT,CONSISTENT,CONSISTENT,CONSISTENT,0.98,0,[]
CASE-000455,CONSISTENT,,CONSISTENT,CONSISTENT,CONSISTENT,CONSISTENT,0.98,0,[]
CASE-000456,CONSISTENT,,CONSISTENT,CONSISTENT,CONSISTENT,CONSISTENT,0.98,0,[]
CASE-000457,CONSISTENT,,CONSISTENT,CONSISTENT,CONSISTENT,CONSISTENT,0.98,0,[]
CASE-000458,CONSISTENT,,CONSISTENT,CONSISTENT,CONSISTENT,CONSISTENT,0.98,0,[]
CASE-000459,CONSISTENT,,CONSISTENT,CONSISTENT,CONSISTENT,CONSISTENT,0.98,0,[]
CASE-000460,CONSISTENT,,CONSISTENT,CONSISTENT,CONSISTENT,CONSISTENT,0.98,0,[]
CASE-000461,CONSISTENT,,CONSISTENT,CONSISTENT,CONSISTENT,CONSISTENT,0.98,0,[]
CASE-000462,CONSISTENT,,CONSISTENT,CONSISTENT,CONSISTENT,CONSISTENT,0.98,0,[]
CASE-000463,CONSISTENT,,CONSISTENT,CONSISTENT,CONSISTENT,CONSISTENT,0.98,0,[]
CASE-000464,CONSISTENT,,CONSISTENT,CONSISTENT,CONSISTENT,CONSISTENT,0.98,0,[]
CASE-000465,CONSISTENT,,CONSISTENT,CONSISTENT,CONSISTENT,CONSISTENT,0.98,0,[]
CASE-000466,CONSISTENT,,CONSISTENT,CONSISTENT,CONSISTENT,CONSISTENT,0.98,0,[]
CASE-000467,CONSISTENT,,CONSISTENT,CONSISTENT,CONSISTENT,CONSISTENT,0.98,0,[]
CASE-000468,CONSISTENT,,CONSISTENT,CONSISTENT,CONSISTENT,CONSISTENT,0.98,0,[]
CASE-000469,CONSISTENT,,CONSISTENT,CONSISTENT,CONSISTENT,CONSISTENT,0.98,0,[]
CASE-000470,CONSISTENT,,CONSISTENT,CONSISTENT,CONSISTENT,CONSISTENT,0.98,0,[]
CASE-000471,CONSISTENT,,CONSISTENT,CONSISTENT,CONSISTENT,CONSISTENT,0.98,0,[]
CASE-000472,CONSISTENT,,CONSISTENT,CONSISTENT,CONSISTENT,CONSISTENT,0.98,0,[]
CASE-000473,CONSISTENT,,CONSISTENT,CONSISTENT,CONSISTENT,CONSISTENT,0.98,0,[]
CASE-000474,CONSISTENT,,CONSISTENT,CONSISTENT,CONSISTENT,CONSISTENT,0.98,0,[]
CASE-000475,CONSISTENT,,CONSISTENT,CONSISTENT,CONSISTENT,CONSISTENT,0.98,0,[]
CASE-000476,CONSISTENT,,CONSISTENT,CONSISTENT,CONSISTENT,CONSISTENT,0.98,0,[]
CASE-000477,CONSISTENT,,CONSISTENT,CONSISTENT,CONSISTENT,CONSISTENT,0.98,0,[]
CASE-000478,CONSISTENT,,CONSISTENT,CONSISTENT,CONSISTENT,CONSISTENT,0.98,0,[]
CASE-000479,CONSISTENT,,CONSISTENT,CONSISTENT,CONSISTENT,CONSISTENT,0.98,0,[]
CASE-000480,CONSISTENT,,CONSISTENT,CONSISTENT,CONSISTENT,CONSISTENT,0.98,0,[]
CASE-000481,CONSISTENT,,CONSISTENT,CONSISTENT,CONSISTENT,CONSISTENT,0.98,0,[]
CASE-000482,CONSISTENT,,CONSISTENT,CONSISTENT,CONSISTENT,CONSISTENT,0.98,0,[]
CASE-000483,CONSISTENT,,CONSISTENT,CONSISTENT,CONSISTENT,CONSISTENT,0.98,0,[]
CASE-000484,CONSISTENT,,CONSISTENT,CONSISTENT,CONSISTENT,CONSISTENT,0.98,0,[]
CASE-000485,CONSISTENT,,CONSISTENT,CONSISTENT,CONSISTENT,CONSISTENT,0.98,0,[]
CASE-000486,CONSISTENT,,CONSISTENT,CONSISTENT,CONSISTENT,CONSISTENT,0.98,0,[]
CASE-000487,CONSISTENT,,CONSISTENT,CONSISTENT,CONSISTENT,CONSISTENT,0.98,0,[]
CASE-000488,CONSISTENT,,CONSISTENT,CONSISTENT,CONSISTENT,CONSISTENT,0.98,0,[]
CASE-000489,CONSISTENT,,CONSISTENT,CONSISTENT,CONSISTENT,CONSISTENT,0.98,0,[]
CASE-000490,CONSISTENT,,CONSISTENT,CONSISTENT,CONSISTENT,CONSISTENT,0.98,0,[]
CASE-000491,CONSISTENT,,CONSISTENT,CONSISTENT,CONSISTENT,CONSISTENT,0.98,0,[]
CASE-000492,CONSISTENT,,CONSISTENT,CONSISTENT,CONSISTENT,CONSISTENT,0.98,0,[]
CASE-000493,CONSISTENT,,CONSISTENT,CONSISTENT,CONSISTENT,CONSISTENT,0.98,0,[]
CASE-000494,CONSISTENT,,CONSISTENT,CONSISTENT,CONSISTENT,CONSISTENT,0.98,0,[]
CASE-000495,CONSISTENT,,CONSISTENT,CONSISTENT,CONSISTENT,CONSISTENT,0.98,0,[]
CASE-000496,CONSISTENT,,CONSISTENT,CONSISTENT,CONSISTENT,CONSISTENT,0.98,0,[]
CASE-000497,CONSISTENT,,CONSISTENT,CONSISTENT,CONSISTENT,CONSISTENT,0.98,0,[]
CASE-000498,CONSISTENT,,CONSISTENT,CONSISTENT,CONSISTENT,CONSISTENT,0.98,0,[]
CASE-000499,CONSISTENT,,CONSISTENT,CONSISTENT,CONSISTENT,CONSISTENT,0.98,0,[]
CASE-000500,CONSISTENT,,CONSISTENT,CONSISTENT,CONSISTENT,CONSISTENT,0.98,0,[]
CASE-000501,CONSISTENT,,CONSISTENT,CONSISTENT,CONSISTENT,CONSISTENT,0.98,0,[]
CASE-000502,CONSISTENT,,CONSISTENT,CONSISTENT,CONSISTENT,CONSISTENT,0.98,0,[]
CASE-000503,CONSISTENT,,CONSISTENT,CONSISTENT,CONSISTENT,CONSISTENT,0.98,0,[]
CASE-000504,CONSISTENT,,CONSISTENT,CONSISTENT,CONSISTENT,CONSISTENT,0.98,0,[]
CASE-000505,CONSISTENT,,CONSISTENT,CONSISTENT,CONSISTENT,CONSISTENT,0.98,0,[]
CASE-000506,CONSISTENT,,CONSISTENT,CONSISTENT,CONSISTENT,CONSISTENT,0.98,0,[]
CASE-000507,CONSISTENT,,CONSISTENT,CONSISTENT,CONSISTENT,CONSISTENT,0.98,0,[]
CASE-000508,CONSISTENT,,CONSISTENT,CONSISTENT,CONSISTENT,CONSISTENT,0.98,0,[]
CASE-000509,CONSISTENT,,CONSISTENT,CONSISTENT,CONSISTENT,CONSISTENT,0.98,0,[]
CASE-000510,CONSISTENT,,CONSISTENT,CONSISTENT,CONSISTENT,CONSISTENT,0.98,0,[]
CASE-000511,CONSISTENT,,CONSISTENT,CONSISTENT,CONSISTENT,CONSISTENT,0.98,0,[]
CASE-000512,CONSISTENT,,CONSISTENT,CONSISTENT,CONSISTENT,CONSISTENT,0.98,0,[]
CASE-000513,CONSISTENT,,CONSISTENT,CONSISTENT,CONSISTENT,CONSISTENT,0.98,0,[]
CASE-000514,CONSISTENT,,CONSISTENT,CONSISTENT,CONSISTENT,CONSISTENT,0.98,0,[]
CASE-000515,CONSISTENT,,CONSISTENT,CONSISTENT,CONSISTENT,CONSISTENT,0.98,0,[]
CASE-000516,CONSISTENT,,CONSISTENT,CONSISTENT,CONSISTENT,CONSISTENT,0.98,0,[]
CASE-000517,CONSISTENT,,CONSISTENT,CONSISTENT,CONSISTENT,CONSISTENT,0.98,0,[]
CASE-000518,CONSISTENT,,CONSISTENT,CONSISTENT,CONSISTENT,CONSISTENT,0.98,0,[]
CASE-000519,CONSISTENT,,CONSISTENT,CONSISTENT,CONSISTENT,CONSISTENT,0.98,0,[]
CASE-000520,CONSISTENT,,CONSISTENT,CONSISTENT,CONSISTENT,CONSISTENT,0.98,0,[]
CASE-000521,CONSISTENT,,CONSISTENT,CONSISTENT,CONSISTENT,CONSISTENT,0.98,0,[]
CASE-000522,CONSISTENT,,CONSISTENT,CONSISTENT,CONSISTENT,CONSISTENT,0.98,0,[]
CASE-000523,CONSISTENT,,CONSISTENT,CONSISTENT,CONSISTENT,CONSISTENT,0.98,0,[]
CASE-000524,CONSISTENT,,CONSISTENT,CONSISTENT,CONSISTENT,CONSISTENT,0.98,0,[]
CASE-000525,CONSISTENT,,CONSISTENT,CONSISTENT,CONSISTENT,CONSISTENT,0.98,0,[]
CASE-000526,CONSISTENT,,CONSISTENT,CONSISTENT,CONSISTENT,CONSISTENT,0.98,0,[]
CASE-000527,CONSISTENT,,CONSISTENT,CONSISTENT,CONSISTENT,CONSISTENT,0.98,0,[]
CASE-000528,CONSISTENT,,CONSISTENT,CONSISTENT,CONSISTENT,CONSISTENT,0.98,0,[]
CASE-000529,CONSISTENT,,CONSISTENT,CONSISTENT,CONSISTENT,CONSISTENT,0.98,0,[]
CASE-000530,CONSISTENT,,CONSISTENT,CONSISTENT,CONSISTENT,CONSISTENT,0.98,0,[]
CASE-000531,CONSISTENT,,CONSISTENT,CONSISTENT,CONSISTENT,CONSISTENT,0.98,0,[]
CASE-000532,CONSISTENT,,CONSISTENT,CONSISTENT,CONSISTENT,CONSISTENT,0.98,0,[]
CASE-000533,CONSISTENT,,CONSISTENT,CONSISTENT,CONSISTENT,CONSISTENT,0.98,0,[]
CASE-000534,CONSISTENT,,CONSISTENT,CONSISTENT,CONSISTENT,CONSISTENT,0.98,0,[]
CASE-000535,CONSISTENT,,CONSISTENT,CONSISTENT,CONSISTENT,CONSISTENT,0.98,0,[]
CASE-000536,CONSISTENT,,CONSISTENT,CONSISTENT,CONSISTENT,CONSISTENT,0.98,0,[]
CASE-000537,CONSISTENT,,CONSISTENT,CONSISTENT,CONSISTENT,CONSISTENT,0.98,0,[]
CASE-000538,CONSISTENT,,CONSISTENT,CONSISTENT,CONSISTENT,CONSISTENT,0.98,0,[]
CASE-000539,CONSISTENT,,CONSISTENT,CONSISTENT,CONSISTENT,CONSISTENT,0.98,0,[]
CASE-000540,CONSISTENT,,CONSISTENT,CONSISTENT,CONSISTENT,CONSISTENT,0.98,0,[]
CASE-000541,CONSISTENT,,CONSISTENT,CONSISTENT,CONSISTENT,CONSISTENT,0.98,0,[]
CASE-000542,CONSISTENT,,CONSISTENT,CONSISTENT,CONSISTENT,CONSISTENT,0.98,0,[]
CASE-000543,CONSISTENT,,CONSISTENT,CONSISTENT,CONSISTENT,CONSISTENT,0.98,0,[]
CASE-000544,CONSISTENT,,CONSISTENT,CONSISTENT,CONSISTENT,CONSISTENT,0.98,0,[]
CASE-000545,CONSISTENT,,CONSISTENT,CONSISTENT,CONSISTENT,CONSISTENT,0.98,0,[]
CASE-000546,CONSISTENT,,CONSISTENT,CONSISTENT,CONSISTENT,CONSISTENT,0.98,0,[]
CASE-000547,CONSISTENT,,CONSISTENT,CONSISTENT,CONSISTENT,CONSISTENT,0.98,0,[]
CASE-000548,CONSISTENT,,CONSISTENT,CONSISTENT,CONSISTENT,CONSISTENT,0.98,0,[]
CASE-000549,CONSISTENT,,CONSISTENT,CONSISTENT,CONSISTENT,CONSISTENT,0.98,0,[]
CASE-000550,CONSISTENT,,CONSISTENT,CONSISTENT,CONSISTENT,CONSISTENT,0.98,0,[]
CASE-000551,CONSISTENT,,CONSISTENT,CONSISTENT,CONSISTENT,CONSISTENT,0.98,0,[]
CASE-000552,CONSISTENT,,CONSISTENT,CONSISTENT,CONSISTENT,CONSISTENT,0.98,0,[]
CASE-000553,CONSISTENT,,CONSISTENT,CONSISTENT,CONSISTENT,CONSISTENT,0.98,0,[]
CASE-000554,CONSISTENT,,CONSISTENT,CONSISTENT,CONSISTENT,CONSISTENT,0.98,0,[]
CASE-000555,CONSISTENT,,CONSISTENT,CONSISTENT,CONSISTENT,CONSISTENT,0.98,0,[]
CASE-000556,CONSISTENT,,CONSISTENT,CONSISTENT,CONSISTENT,CONSISTENT,0.98,0,[]
CASE-000557,CONSISTENT,,CONSISTENT,CONSISTENT,CONSISTENT,CONSISTENT,0.98,0,[]
CASE-000558,CONSISTENT,,CONSISTENT,CONSISTENT,CONSISTENT,CONSISTENT,0.98,0,[]
CASE-000559,CONSISTENT,,CONSISTENT,CONSISTENT,CONSISTENT,CONSISTENT,0.98,0,[]
CASE-000560,CONSISTENT,,CONSISTENT,CONSISTENT,CONSISTENT,CONSISTENT,0.98,0,[]
CASE-000561,CONSISTENT,,CONSISTENT,CONSISTENT,CONSISTENT,CONSISTENT,0.98,0,[]
CASE-000562,CONSISTENT,,CONSISTENT,CONSISTENT,CONSISTENT,CONSISTENT,0.98,0,[]
CASE-000563,CONSISTENT,,CONSISTENT,CONSISTENT,CONSISTENT,CONSISTENT,0.98,0,[]
CASE-000564,CONSISTENT,,CONSISTENT,CONSISTENT,CONSISTENT,CONSISTENT,0.98,0,[]
CASE-000565,CONSISTENT,,CONSISTENT,CONSISTENT,CONSISTENT,CONSISTENT,0.98,0,[]
CASE-000566,CONSISTENT,,CONSISTENT,CONSISTENT,CONSISTENT,CONSISTENT,0.98,0,[]
CASE-000567,CONSISTENT,,CONSISTENT,CONSISTENT,CONSISTENT,CONSISTENT,0.98,0,[]
CASE-000568,CONSISTENT,,CONSISTENT,CONSISTENT,CONSISTENT,CONSISTENT,0.98,0,[]
CASE-000569,CONSISTENT,,CONSISTENT,CONSISTENT,CONSISTENT,CONSISTENT,0.98,0,[]
CASE-000570,CONSISTENT,,CONSISTENT,CONSISTENT,CONSISTENT,CONSISTENT,0.98,0,[]
CASE-000571,CONSISTENT,,CONSISTENT,CONSISTENT,CONSISTENT,CONSISTENT,0.98,0,[]
CASE-000572,CONSISTENT,,CONSISTENT,CONSISTENT,CONSISTENT,CONSISTENT,0.98,0,[]
CASE-000573,CONSISTENT,,CONSISTENT,CONSISTENT,CONSISTENT,CONSISTENT,0.98,0,[]
CASE-000574,CONSISTENT,,CONSISTENT,CONSISTENT,CONSISTENT,CONSISTENT,0.98,0,[]
CASE-000575,CONSISTENT,,CONSISTENT,CONSISTENT,CONSISTENT,CONSISTENT,0.98,0,[]
CASE-000576,CONSISTENT,,CONSISTENT,CONSISTENT,CONSISTENT,CONSISTENT,0.98,0,[]
CASE-000577,CONSISTENT,,CONSISTENT,CONSISTENT,CONSISTENT,CONSISTENT,0.98,0,[]
CASE-000578,CONSISTENT,,CONSISTENT,CONSISTENT,CONSISTENT,CONSISTENT,0.98,0,[]
CASE-000579,CONSISTENT,,CONSISTENT,CONSISTENT,CONSISTENT,CONSISTENT,0.98,0,[]
CASE-000580,CONSISTENT,,CONSISTENT,CONSISTENT,CONSISTENT,CONSISTENT,0.98,0,[]
CASE-000581,CONSISTENT,,CONSISTENT,CONSISTENT,CONSISTENT,CONSISTENT,0.98,0,[]
CASE-000582,CONSISTENT,,CONSISTENT,CONSISTENT,CONSISTENT,CONSISTENT,0.98,0,[]
CASE-000583,CONSISTENT,,CONSISTENT,CONSISTENT,CONSISTENT,CONSISTENT,0.98,0,[]
CASE-000584,CONSISTENT,,CONSISTENT,CONSISTENT,CONSISTENT,CONSISTENT,0.98,0,[]
CASE-000585,CONSISTENT,,CONSISTENT,CONSISTENT,CONSISTENT,CONSISTENT,0.98,0,[]
CASE-000586,CONSISTENT,,CONSISTENT,CONSISTENT,CONSISTENT,CONSISTENT,0.98,0,[]
CASE-000587,CONSISTENT,,CONSISTENT,CONSISTENT,CONSISTENT,CONSISTENT,0.98,0,[]
CASE-000588,CONSISTENT,,CONSISTENT,CONSISTENT,CONSISTENT,CONSISTENT,0.98,0,[]
CASE-000589,CONSISTENT,,CONSISTENT,CONSISTENT,CONSISTENT,CONSISTENT,0.98,0,[]
CASE-000590,CONSISTENT,,CONSISTENT,CONSISTENT,CONSISTENT,CONSISTENT,0.98,0,[]
CASE-000591,CONSISTENT,,CONSISTENT,CONSISTENT,CONSISTENT,CONSISTENT,0.98,0,[]
CASE-000592,CONSISTENT,,CONSISTENT,CONSISTENT,CONSISTENT,CONSISTENT,0.98,0,[]
CASE-000593,CONSISTENT,,CONSISTENT,CONSISTENT,CONSISTENT,CONSISTENT,0.98,0,[]
CASE-000594,CONSISTENT,,CONSISTENT,CONSISTENT,CONSISTENT,CONSISTENT,0.98,0,[]
CASE-000595,CONSISTENT,,CONSISTENT,CONSISTENT,CONSISTENT,CONSISTENT,0.98,0,[]
CASE-000596,CONSISTENT,,CONSISTENT,CONSISTENT,CONSISTENT,CONSISTENT,0.98,0,[]
CASE-000597,CONSISTENT,,CONSISTENT,CONSISTENT,CONSISTENT,CONSISTENT,0.98,0,[]
CASE-000598,CONSISTENT,,CONSISTENT,CONSISTENT,CONSISTENT,CONSISTENT,0.98,0,[]
CASE-000599,CONSISTENT,,CONSISTENT,CONSISTENT,CONSISTENT,CONSISTENT,0.98,0,[]
CASE-000600,CONSISTENT,,CONSISTENT,CONSISTENT,CONSISTENT,CONSISTENT,0.98,0,[]
CASE-000601,CONSISTENT,,CONSISTENT,CONSISTENT,CONSISTENT,CONSISTENT,0.98,0,[]
CASE-000602,CONSISTENT,,CONSISTENT,CONSISTENT,CONSISTENT,CONSISTENT,0.98,0,[]
CASE-000603,CONSISTENT,,CONSISTENT,CONSISTENT,CONSISTENT,CONSISTENT,0.98,0,[]
CASE-000604,CONSISTENT,,CONSISTENT,CONSISTENT,CONSISTENT,CONSISTENT,0.98,0,[]
CASE-000605,CONSISTENT,,CONSISTENT,CONSISTENT,CONSISTENT,CONSISTENT,0.98,0,[]
CASE-000606,CONSISTENT,,CONSISTENT,CONSISTENT,CONSISTENT,CONSISTENT,0.98,0,[]
CASE-000607,CONSISTENT,,CONSISTENT,CONSISTENT,CONSISTENT,CONSISTENT,0.98,0,[]
CASE-000608,CONSISTENT,,CONSISTENT,CONSISTENT,CONSISTENT,CONSISTENT,0.98,0,[]
CASE-000609,CONSISTENT,,CONSISTENT,CONSISTENT,CONSISTENT,CONSISTENT,0.98,0,[]
CASE-000610,CONSISTENT,,CONSISTENT,CONSISTENT,CONSISTENT,CONSISTENT,0.98,0,[]
CASE-000611,CONSISTENT,,CONSISTENT,CONSISTENT,CONSISTENT,CONSISTENT,0.98,0,[]
CASE-000612,CONSISTENT,,CONSISTENT,CONSISTENT,CONSISTENT,CONSISTENT,0.98,0,[]
CASE-000613,CONSISTENT,,CONSISTENT,CONSISTENT,CONSISTENT,CONSISTENT,0.98,0,[]
CASE-000614,CONSISTENT,,CONSISTENT,CONSISTENT,CONSISTENT,CONSISTENT,0.98,0,[]
CASE-000615,CONSISTENT,,CONSISTENT,CONSISTENT,CONSISTENT,CONSISTENT,0.98,0,[]
CASE-000616,CONSISTENT,,CONSISTENT,CONSISTENT,CONSISTENT,CONSISTENT,0.98,0,[]
CASE-000617,CONSISTENT,,CONSISTENT,CONSISTENT,CONSISTENT,CONSISTENT,0.98,0,[]
CASE-000618,CONSISTENT,,CONSISTENT,CONSISTENT,CONSISTENT,CONSISTENT,0.98,0,[]
CASE-000619,CONSISTENT,,CONSISTENT,CONSISTENT,CONSISTENT,CONSISTENT,0.98,0,[]
CASE-000620,CONSISTENT,,CONSISTENT,CONSISTENT,CONSISTENT,CONSISTENT,0.98,0,[]
CASE-000621,CONSISTENT,,CONSISTENT,CONSISTENT,CONSISTENT,CONSISTENT,0.98,0,[]
CASE-000622,CONSISTENT,,CONSISTENT,CONSISTENT,CONSISTENT,CONSISTENT,0.98,0,[]
CASE-000623,CONSISTENT,,CONSISTENT,CONSISTENT,CONSISTENT,CONSISTENT,0.98,0,[]
CASE-000624,CONSISTENT,,CONSISTENT,CONSISTENT,CONSISTENT,CONSISTENT,0.98,0,[]
CASE-000625,CONSISTENT,,CONSISTENT,CONSISTENT,CONSISTENT,CONSISTENT,0.98,0,[]
CASE-000626,CONSISTENT,,CONSISTENT,CONSISTENT,CONSISTENT,CONSISTENT,0.98,0,[]
CASE-000627,CONSISTENT,,CONSISTENT,CONSISTENT,CONSISTENT,CONSISTENT,0.98,0,[]
CASE-000628,CONSISTENT,,CONSISTENT,CONSISTENT,CONSISTENT,CONSISTENT,0.98,0,[]
CASE-000629,CONSISTENT,,CONSISTENT,CONSISTENT,CONSISTENT,CONSISTENT,0.98,0,[]
CASE-000630,CONSISTENT,,CONSISTENT,CONSISTENT,CONSISTENT,CONSISTENT,0.98,0,[]
CASE-000631,CONSISTENT,,CONSISTENT,CONSISTENT,CONSISTENT,CONSISTENT,0.98,0,[]
CASE-000632,CONSISTENT,,CONSISTENT,CONSISTENT,CONSISTENT,CONSISTENT,0.98,0,[]
CASE-000633,CONSISTENT,,CONSISTENT,CONSISTENT,CONSISTENT,CONSISTENT,0.98,0,[]
CASE-000634,CONSISTENT,,CONSISTENT,CONSISTENT,CONSISTENT,CONSISTENT,0.98,0,[]
CASE-000635,CONSISTENT,,CONSISTENT,CONSISTENT,CONSISTENT,CONSISTENT,0.98,0,[]
CASE-000636,CONSISTENT,,CONSISTENT,CONSISTENT,CONSISTENT,CONSISTENT,0.98,0,[]
CASE-000637,CONSISTENT,,CONSISTENT,CONSISTENT,CONSISTENT,CONSISTENT,0.98,0,[]
CASE-000638,CONSISTENT,,CONSISTENT,CONSISTENT,CONSISTENT,CONSISTENT,0.98,0,[]
CASE-000639,CONSISTENT,,CONSISTENT,CONSISTENT,CONSISTENT,CONSISTENT,0.98,0,[]
CASE-000640,CONSISTENT,,CONSISTENT,CONSISTENT,CONSISTENT,CONSISTENT,0.98,0,[]
CASE-000641,CONSISTENT,,CONSISTENT,CONSISTENT,CONSISTENT,CONSISTENT,0.98,0,[]
CASE-000642,CONSISTENT,,CONSISTENT,CONSISTENT,CONSISTENT,CONSISTENT,0.98,0,[]
CASE-000643,CONSISTENT,,CONSISTENT,CONSISTENT,CONSISTENT,CONSISTENT,0.98,0,[]
CASE-000644,CONSISTENT,,CONSISTENT,CONSISTENT,CONSISTENT,CONSISTENT,0.98,0,[]
CASE-000645,CONSISTENT,,CONSISTENT,CONSISTENT,CONSISTENT,CONSISTENT,0.98,0,[]
CASE-000646,CONSISTENT,,CONSISTENT,CONSISTENT,CONSISTENT,CONSISTENT,0.98,0,[]
CASE-000647,CONSISTENT,,CONSISTENT,CONSISTENT,CONSISTENT,CONSISTENT,0.98,0,[]
CASE-000648,CONSISTENT,,CONSISTENT,CONSISTENT,CONSISTENT,CONSISTENT,0.98,0,[]
CASE-000649,CONSISTENT,,CONSISTENT,CONSISTENT,CONSISTENT,CONSISTENT,0.98,0,[]
CASE-000650,CONSISTENT,,CONSISTENT,CONSISTENT,CONSISTENT,CONSISTENT,0.98,0,[]
CASE-000651,CONSISTENT,,CONSISTENT,CONSISTENT,CONSISTENT,CONSISTENT,0.98,0,[]
CASE-000652,CONSISTENT,,CONSISTENT,CONSISTENT,CONSISTENT,CONSISTENT,0.98,0,[]
CASE-000653,CONSISTENT,,CONSISTENT,CONSISTENT,CONSISTENT,CONSISTENT,0.98,0,[]
CASE-000654,CONSISTENT,,CONSISTENT,CONSISTENT,CONSISTENT,CONSISTENT,0.98,0,[]
CASE-000655,CONSISTENT,,CONSISTENT,CONSISTENT,CONSISTENT,CONSISTENT,0.98,0,[]
CASE-000656,CONSISTENT,,CONSISTENT,CONSISTENT,CONSISTENT,CONSISTENT,0.98,0,[]
CASE-000657,CONSISTENT,,CONSISTENT,CONSISTENT,CONSISTENT,CONSISTENT,0.98,0,[]
CASE-000658,CONSISTENT,,CONSISTENT,CONSISTENT,CONSISTENT,CONSISTENT,0.98,0,[]
CASE-000659,CONSISTENT,,CONSISTENT,CONSISTENT,CONSISTENT,CONSISTENT,0.98,0,[]
CASE-000660,CONSISTENT,,CONSISTENT,CONSISTENT,CONSISTENT,CONSISTENT,0.98,0,[]
CASE-000661,CONSISTENT,,CONSISTENT,CONSISTENT,CONSISTENT,CONSISTENT,0.98,0,[]
CASE-000662,CONSISTENT,,CONSISTENT,CONSISTENT,CONSISTENT,CONSISTENT,0.98,0,[]
CASE-000663,CONSISTENT,,CONSISTENT,CONSISTENT,CONSISTENT,CONSISTENT,0.98,0,[]
CASE-000664,CONSISTENT,,CONSISTENT,CONSISTENT,CONSISTENT,CONSISTENT,0.98,0,[]
CASE-000665,CONSISTENT,,CONSISTENT,CONSISTENT,CONSISTENT,CONSISTENT,0.98,0,[]
CASE-000666,CONSISTENT,,CONSISTENT,CONSISTENT,CONSISTENT,CONSISTENT,0.98,0,[]
CASE-000667,CONSISTENT,,CONSISTENT,CONSISTENT,CONSISTENT,CONSISTENT,0.98,0,[]
CASE-000668,CONSISTENT,,CONSISTENT,CONSISTENT,CONSISTENT,CONSISTENT,0.98,0,[]
CASE-000669,CONSISTENT,,CONSISTENT,CONSISTENT,CONSISTENT,CONSISTENT,0.98,0,[]
CASE-000670,CONSISTENT,,CONSISTENT,CONSISTENT,CONSISTENT,CONSISTENT,0.98,0,[]
CASE-000671,CONSISTENT,,CONSISTENT,CONSISTENT,CONSISTENT,CONSISTENT,0.98,0,[]
CASE-000672,CONSISTENT,,CONSISTENT,CONSISTENT,CONSISTENT,CONSISTENT,0.98,0,[]
CASE-000673,CONSISTENT,,CONSISTENT,CONSISTENT,CONSISTENT,CONSISTENT,0.98,0,[]
CASE-000674,CONSISTENT,,CONSISTENT,CONSISTENT,CONSISTENT,CONSISTENT,0.98,0,[]
CASE-000675,CONSISTENT,,CONSISTENT,CONSISTENT,CONSISTENT,CONSISTENT,0.98,0,[]
CASE-000676,CONSISTENT,,CONSISTENT,CONSISTENT,CONSISTENT,CONSISTENT,0.98,0,[]
CASE-000677,CONSISTENT,,CONSISTENT,CONSISTENT,CONSISTENT,CONSISTENT,0.98,0,[]
CASE-000678,CONSISTENT,,CONSISTENT,CONSISTENT,CONSISTENT,CONSISTENT,0.98,0,[]
CASE-000679,CONSISTENT,,CONSISTENT,CONSISTENT,CONSISTENT,CONSISTENT,0.98,0,[]
CASE-000680,CONSISTENT,,CONSISTENT,CONSISTENT,CONSISTENT,CONSISTENT,0.98,0,[]
CASE-000681,CONSISTENT,,CONSISTENT,CONSISTENT,CONSISTENT,CONSISTENT,0.98,0,[]
CASE-000682,CONSISTENT,,CONSISTENT,CONSISTENT,CONSISTENT,CONSISTENT,0.98,0,[]
CASE-000683,CONSISTENT,,CONSISTENT,CONSISTENT,CONSISTENT,CONSISTENT,0.98,0,[]
CASE-000684,CONSISTENT,,CONSISTENT,CONSISTENT,CONSISTENT,CONSISTENT,0.98,0,[]
CASE-000685,CONSISTENT,,CONSISTENT,CONSISTENT,CONSISTENT,CONSISTENT,0.98,0,[]
CASE-000686,CONSISTENT,,CONSISTENT,CONSISTENT,CONSISTENT,CONSISTENT,0.98,0,[]
CASE-000687,CONSISTENT,,CONSISTENT,CONSISTENT,CONSISTENT,CONSISTENT,0.98,0,[]
CASE-000688,CONSISTENT,,CONSISTENT,CONSISTENT,CONSISTENT,CONSISTENT,0.98,0,[]
CASE-000689,CONSISTENT,,CONSISTENT,CONSISTENT,CONSISTENT,CONSISTENT,0.98,0,[]
CASE-000690,CONSISTENT,,CONSISTENT,CONSISTENT,CONSISTENT,CONSISTENT,0.98,0,[]
CASE-000691,CONSISTENT,,CONSISTENT,CONSISTENT,CONSISTENT,CONSISTENT,0.98,0,[]
CASE-000692,CONSISTENT,,CONSISTENT,CONSISTENT,CONSISTENT,CONSISTENT,0.98,0,[]
CASE-000693,CONSISTENT,,CONSISTENT,CONSISTENT,CONSISTENT,CONSISTENT,0.98,0,[]
CASE-000694,CONSISTENT,,CONSISTENT,CONSISTENT,CONSISTENT,CONSISTENT,0.98,0,[]
CASE-000695,CONSISTENT,,CONSISTENT,CONSISTENT,CONSISTENT,CONSISTENT,0.98,0,[]
CASE-000696,CONSISTENT,,CONSISTENT,CONSISTENT,CONSISTENT,CONSISTENT,0.98,0,[]
CASE-000697,CONSISTENT,,CONSISTENT,CONSISTENT,CONSISTENT,CONSISTENT,0.98,0,[]
CASE-000698,CONSISTENT,,CONSISTENT,CONSISTENT,CONSISTENT,CONSISTENT,0.98,0,[]
CASE-000699,CONSISTENT,,CONSISTENT,CONSISTENT,CONSISTENT,CONSISTENT,0.98,0,[]
CASE-000700,CONSISTENT,,CONSISTENT,CONSISTENT,CONSISTENT,CONSISTENT,0.98,0,[]
CASE-000701,CONSISTENT,,CONSISTENT,CONSISTENT,CONSISTENT,CONSISTENT,0.98,0,[]
CASE-000702,CONSISTENT,,CONSISTENT,CONSISTENT,CONSISTENT,CONSISTENT,0.98,0,[]
CASE-000703,CONSISTENT,,CONSISTENT,CONSISTENT,CONSISTENT,CONSISTENT,0.98,0,[]
CASE-000704,CONSISTENT,,CONSISTENT,CONSISTENT,CONSISTENT,CONSISTENT,0.98,0,[]
CASE-000705,CONSISTENT,,CONSISTENT,CONSISTENT,CONSISTENT,CONSISTENT,0.98,0,[]
CASE-000706,CONSISTENT,,CONSISTENT,CONSISTENT,CONSISTENT,CONSISTENT,0.98,0,[]
CASE-000707,CONSISTENT,,CONSISTENT,CONSISTENT,CONSISTENT,CONSISTENT,0.98,0,[]
CASE-000708,CONSISTENT,,CONSISTENT,CONSISTENT,CONSISTENT,CONSISTENT,0.98,0,[]
CASE-000709,CONSISTENT,,CONSISTENT,CONSISTENT,CONSISTENT,CONSISTENT,0.98,0,[]
CASE-000710,CONSISTENT,,CONSISTENT,CONSISTENT,CONSISTENT,CONSISTENT,0.98,0,[]
CASE-000711,CONSISTENT,,CONSISTENT,CONSISTENT,CONSISTENT,CONSISTENT,0.98,0,[]
CASE-000712,CONSISTENT,,CONSISTENT,CONSISTENT,CONSISTENT,CONSISTENT,0.98,0,[]
CASE-000713,CONSISTENT,,CONSISTENT,CONSISTENT,CONSISTENT,CONSISTENT,0.98,0,[]
CASE-000714,CONSISTENT,,CONSISTENT,CONSISTENT,CONSISTENT,CONSISTENT,0.98,0,[]
CASE-000715,CONSISTENT,,CONSISTENT,CONSISTENT,CONSISTENT,CONSISTENT,0.98,0,[]
CASE-000716,CONSISTENT,,CONSISTENT,CONSISTENT,CONSISTENT,CONSISTENT,0.98,0,[]
CASE-000717,CONSISTENT,,CONSISTENT,CONSISTENT,CONSISTENT,CONSISTENT,0.98,0,[]
CASE-000718,CONSISTENT,,CONSISTENT,CONSISTENT,CONSISTENT,CONSISTENT,0.98,0,[]
CASE-000719,CONSISTENT,,CONSISTENT,CONSISTENT,CONSISTENT,CONSISTENT,0.98,0,[]
CASE-000720,CONSISTENT,,CONSISTENT,CONSISTENT,CONSISTENT,CONSISTENT,0.98,0,[]
CASE-000721,CONSISTENT,,CONSISTENT,CONSISTENT,CONSISTENT,CONSISTENT,0.98,0,[]
CASE-000722,CONSISTENT,,CONSISTENT,CONSISTENT,CONSISTENT,CONSISTENT,0.98,0,[]
CASE-000723,CONSISTENT,,CONSISTENT,CONSISTENT,CONSISTENT,CONSISTENT,0.98,0,[]
CASE-000724,CONSISTENT,,CONSISTENT,CONSISTENT,CONSISTENT,CONSISTENT,0.98,0,[]
CASE-000725,CONSISTENT,,CONSISTENT,CONSISTENT,CONSISTENT,CONSISTENT,0.98,0,[]
CASE-000726,CONSISTENT,,CONSISTENT,CONSISTENT,CONSISTENT,CONSISTENT,0.98,0,[]
CASE-000727,CONSISTENT,,CONSISTENT,CONSISTENT,CONSISTENT,CONSISTENT,0.98,0,[]
CASE-000728,CONSISTENT,,CONSISTENT,CONSISTENT,CONSISTENT,CONSISTENT,0.98,0,[]
CASE-000729,CONSISTENT,,CONSISTENT,CONSISTENT,CONSISTENT,CONSISTENT,0.98,0,[]
CASE-000730,CONSISTENT,,CONSISTENT,CONSISTENT,CONSISTENT,CONSISTENT,0.98,0,[]
CASE-000731,CONSISTENT,,CONSISTENT,CONSISTENT,CONSISTENT,CONSISTENT,0.98,0,[]
CASE-000732,CONSISTENT,,CONSISTENT,CONSISTENT,CONSISTENT,CONSISTENT,0.98,0,[]
CASE-000733,CONSISTENT,,CONSISTENT,CONSISTENT,CONSISTENT,CONSISTENT,0.98,0,[]
CASE-000734,CONSISTENT,,CONSISTENT,CONSISTENT,CONSISTENT,CONSISTENT,0.98,0,[]
CASE-000735,CONSISTENT,,CONSISTENT,CONSISTENT,CONSISTENT,CONSISTENT,0.98,0,[]
CASE-000736,CONSISTENT,,CONSISTENT,CONSISTENT,CONSISTENT,CONSISTENT,0.98,0,[]
CASE-000737,CONSISTENT,,CONSISTENT,CONSISTENT,CONSISTENT,CONSISTENT,0.98,0,[]
CASE-000738,CONSISTENT,,CONSISTENT,CONSISTENT,CONSISTENT,CONSISTENT,0.98,0,[]
CASE-000739,CONSISTENT,,CONSISTENT,CONSISTENT,CONSISTENT,CONSISTENT,0.98,0,[]
CASE-000740,CONSISTENT,,CONSISTENT,CONSISTENT,CONSISTENT,CONSISTENT,0.98,0,[]
CASE-000741,CONSISTENT,,CONSISTENT,CONSISTENT,CONSISTENT,CONSISTENT,0.98,0,[]
CASE-000742,CONSISTENT,,CONSISTENT,CONSISTENT,CONSISTENT,CONSISTENT,0.98,0,[]
CASE-000743,CONSISTENT,,CONSISTENT,CONSISTENT,CONSISTENT,CONSISTENT,0.98,0,[]
CASE-000744,CONSISTENT,,CONSISTENT,CONSISTENT,CONSISTENT,CONSISTENT,0.98,0,[]
CASE-000745,CONSISTENT,,CONSISTENT,CONSISTENT,CONSISTENT,CONSISTENT,0.98,0,[]
CASE-000746,CONSISTENT,,CONSISTENT,CONSISTENT,CONSISTENT,CONSISTENT,0.98,0,[]
CASE-000747,CONSISTENT,,CONSISTENT,CONSISTENT,CONSISTENT,CONSISTENT,0.98,0,[]
CASE-000748,CONSISTENT,,CONSISTENT,CONSISTENT,CONSISTENT,CONSISTENT,0.98,0,[]
CASE-000749,CONSISTENT,,CONSISTENT,CONSISTENT,CONSISTENT,CONSISTENT,0.98,0,[]
CASE-000750,CONSISTENT,,CONSISTENT,CONSISTENT,CONSISTENT,CONSISTENT,0.98,0,[]
CASE-000751,CONSISTENT,,CONSISTENT,CONSISTENT,CONSISTENT,CONSISTENT,0.98,0,[]
CASE-000752,CONSISTENT,,CONSISTENT,CONSISTENT,CONSISTENT,CONSISTENT,0.98,0,[]
CASE-000753,CONSISTENT,,CONSISTENT,CONSISTENT,CONSISTENT,CONSISTENT,0.98,0,[]
CASE-000754,CONSISTENT,,CONSISTENT,CONSISTENT,CONSISTENT,CONSISTENT,0.98,0,[]
CASE-000755,CONSISTENT,,CONSISTENT,CONSISTENT,CONSISTENT,CONSISTENT,0.98,0,[]
CASE-000756,CONSISTENT,,CONSISTENT,CONSISTENT,CONSISTENT,CONSISTENT,0.98,0,[]
CASE-000757,CONSISTENT,,CONSISTENT,CONSISTENT,CONSISTENT,CONSISTENT,0.98,0,[]
CASE-000758,CONSISTENT,,CONSISTENT,CONSISTENT,CONSISTENT,CONSISTENT,0.98,0,[]
CASE-000759,CONSISTENT,,CONSISTENT,CONSISTENT,CONSISTENT,CONSISTENT,0.98,0,[]
CASE-000760,CONSISTENT,,CONSISTENT,CONSISTENT,CONSISTENT,CONSISTENT,0.98,0,[]
CASE-000761,CONSISTENT,,CONSISTENT,CONSISTENT,CONSISTENT,CONSISTENT,0.98,0,[]
CASE-000762,CONSISTENT,,CONSISTENT,CONSISTENT,CONSISTENT,CONSISTENT,0.98,0,[]
CASE-000763,CONSISTENT,,CONSISTENT,CONSISTENT,CONSISTENT,CONSISTENT,0.98,0,[]
CASE-000764,CONSISTENT,,CONSISTENT,CONSISTENT,CONSISTENT,CONSISTENT,0.98,0,[]
CASE-000765,CONSISTENT,,CONSISTENT,CONSISTENT,CONSISTENT,CONSISTENT,0.98,0,[]
CASE-000766,CONSISTENT,,CONSISTENT,CONSISTENT,CONSISTENT,CONSISTENT,0.98,0,[]
CASE-000767,CONSISTENT,,CONSISTENT,CONSISTENT,CONSISTENT,CONSISTENT,0.98,0,[]
CASE-000768,CONSISTENT,,CONSISTENT,CONSISTENT,CONSISTENT,CONSISTENT,0.98,0,[]
CASE-000769,CONSISTENT,,CONSISTENT,CONSISTENT,CONSISTENT,CONSISTENT,0.98,0,[]
CASE-000770,CONSISTENT,,CONSISTENT,CONSISTENT,CONSISTENT,CONSISTENT,0.98,0,[]
CASE-000771,CONSISTENT,,CONSISTENT,CONSISTENT,CONSISTENT,CONSISTENT,0.98,0,[]
CASE-000772,CONSISTENT,,CONSISTENT,CONSISTENT,CONSISTENT,CONSISTENT,0.98,0,[]
CASE-000773,CONSISTENT,,CONSISTENT,CONSISTENT,CONSISTENT,CONSISTENT,0.98,0,[]
CASE-000774,CONSISTENT,,CONSISTENT,CONSISTENT,CONSISTENT,CONSISTENT,0.98,0,[]
CASE-000775,CONSISTENT,,CONSISTENT,CONSISTENT,CONSISTENT,CONSISTENT,0.98,0,[]
CASE-000776,CONSISTENT,,CONSISTENT,CONSISTENT,CONSISTENT,CONSISTENT,0.98,0,[]
CASE-000777,CONSISTENT,,CONSISTENT,CONSISTENT,CONSISTENT,CONSISTENT,0.98,0,[]
CASE-000778,CONSISTENT,,CONSISTENT,CONSISTENT,CONSISTENT,CONSISTENT,0.98,0,[]
CASE-000779,CONSISTENT,,CONSISTENT,CONSISTENT,CONSISTENT,CONSISTENT,0.98,0,[]
CASE-000780,CONSISTENT,,CONSISTENT,CONSISTENT,CONSISTENT,CONSISTENT,0.98,0,[]
CASE-000781,CONSISTENT,,CONSISTENT,CONSISTENT,CONSISTENT,CONSISTENT,0.98,0,[]
CASE-000782,CONSISTENT,,CONSISTENT,CONSISTENT,CONSISTENT,CONSISTENT,0.98,0,[]
CASE-000783,CONSISTENT,,CONSISTENT,CONSISTENT,CONSISTENT,CONSISTENT,0.98,0,[]
CASE-000784,CONSISTENT,,CONSISTENT,CONSISTENT,CONSISTENT,CONSISTENT,0.98,0,[]
CASE-000785,CONSISTENT,,CONSISTENT,CONSISTENT,CONSISTENT,CONSISTENT,0.98,0,[]
CASE-000786,CONSISTENT,,CONSISTENT,CONSISTENT,CONSISTENT,CONSISTENT,0.98,0,[]
CASE-000787,CONSISTENT,,CONSISTENT,CONSISTENT,CONSISTENT,CONSISTENT,0.98,0,[]
CASE-000788,CONSISTENT,,CONSISTENT,CONSISTENT,CONSISTENT,CONSISTENT,0.98,0,[]
CASE-000789,CONSISTENT,,CONSISTENT,CONSISTENT,CONSISTENT,CONSISTENT,0.98,0,[]
CASE-000790,CONSISTENT,,CONSISTENT,CONSISTENT,CONSISTENT,CONSISTENT,0.98,0,[]
CASE-000791,CONSISTENT,,CONSISTENT,CONSISTENT,CONSISTENT,CONSISTENT,0.98,0,[]
CASE-000792,CONSISTENT,,CONSISTENT,CONSISTENT,CONSISTENT,CONSISTENT,0.98,0,[]
CASE-000793,CONSISTENT,,CONSISTENT,CONSISTENT,CONSISTENT,CONSISTENT,0.98,0,[]
CASE-000794,CONSISTENT,,CONSISTENT,CONSISTENT,CONSISTENT,CONSISTENT,0.98,0,[]
CASE-000795,CONSISTENT,,CONSISTENT,CONSISTENT,CONSISTENT,CONSISTENT,0.98,0,[]
CASE-000796,CONSISTENT,,CONSISTENT,CONSISTENT,CONSISTENT,CONSISTENT,0.98,0,[]
CASE-000797,CONSISTENT,,CONSISTENT,CONSISTENT,CONSISTENT,CONSISTENT,0.98,0,[]
CASE-000798,CONSISTENT,,CONSISTENT,CONSISTENT,CONSISTENT,CONSISTENT,0.98,0,[]
CASE-000799,CONSISTENT,,CONSISTENT,CONSISTENT,CONSISTENT,CONSISTENT,0.98,0,[]
CASE-000800,CONSISTENT,,CONSISTENT,CONSISTENT,CONSISTENT,CONSISTENT,0.98,0,[]
CASE-000801,CONSISTENT,,CONSISTENT,CONSISTENT,CONSISTENT,CONSISTENT,0.98,0,[]
CASE-000802,CONSISTENT,,CONSISTENT,CONSISTENT,CONSISTENT,CONSISTENT,0.98,0,[]
CASE-000803,CONSISTENT,,CONSISTENT,CONSISTENT,CONSISTENT,CONSISTENT,0.98,0,[]
CASE-000804,CONSISTENT,,CONSISTENT,CONSISTENT,CONSISTENT,CONSISTENT,0.98,0,[]
CASE-000805,CONSISTENT,,CONSISTENT,CONSISTENT,CONSISTENT,CONSISTENT,0.98,0,[]
CASE-000806,CONSISTENT,,CONSISTENT,CONSISTENT,CONSISTENT,CONSISTENT,0.98,0,[]
CASE-000807,CONSISTENT,,CONSISTENT,CONSISTENT,CONSISTENT,CONSISTENT,0.98,0,[]
CASE-000808,CONSISTENT,,CONSISTENT,CONSISTENT,CONSISTENT,CONSISTENT,0.98,0,[]
CASE-000809,CONSISTENT,,CONSISTENT,CONSISTENT,CONSISTENT,CONSISTENT,0.98,0,[]
CASE-000810,CONSISTENT,,CONSISTENT,CONSISTENT,CONSISTENT,CONSISTENT,0.98,0,[]
CASE-000811,CONSISTENT,,CONSISTENT,CONSISTENT,CONSISTENT,CONSISTENT,0.98,0,[]
CASE-000812,CONSISTENT,,CONSISTENT,CONSISTENT,CONSISTENT,CONSISTENT,0.98,0,[]
CASE-000813,CONSISTENT,,CONSISTENT,CONSISTENT,CONSISTENT,CONSISTENT,0.98,0,[]
CASE-000814,CONSISTENT,,CONSISTENT,CONSISTENT,CONSISTENT,CONSISTENT,0.98,0,[]
CASE-000815,CONSISTENT,,CONSISTENT,CONSISTENT,CONSISTENT,CONSISTENT,0.98,0,[]
CASE-000816,CONSISTENT,,CONSISTENT,CONSISTENT,CONSISTENT,CONSISTENT,0.98,0,[]
CASE-000817,CONSISTENT,,CONSISTENT,CONSISTENT,CONSISTENT,CONSISTENT,0.98,0,[]
CASE-000818,CONSISTENT,,CONSISTENT,CONSISTENT,CONSISTENT,CONSISTENT,0.98,0,[]
CASE-000819,CONSISTENT,,CONSISTENT,CONSISTENT,CONSISTENT,CONSISTENT,0.98,0,[]
CASE-000820,CONSISTENT,,CONSISTENT,CONSISTENT,CONSISTENT,CONSISTENT,0.98,0,[]
CASE-000821,CONSISTENT,,CONSISTENT,CONSISTENT,CONSISTENT,CONSISTENT,0.98,0,[]
CASE-000822,CONSISTENT,,CONSISTENT,CONSISTENT,CONSISTENT,CONSISTENT,0.98,0,[]
CASE-000823,CONSISTENT,,CONSISTENT,CONSISTENT,CONSISTENT,CONSISTENT,0.98,0,[]
CASE-000824,CONSISTENT,,CONSISTENT,CONSISTENT,CONSISTENT,CONSISTENT,0.98,0,[]
CASE-000825,CONSISTENT,,CONSISTENT,CONSISTENT,CONSISTENT,CONSISTENT,0.98,0,[]
CASE-000826,CONSISTENT,,CONSISTENT,CONSISTENT,CONSISTENT,CONSISTENT,0.98,0,[]
CASE-000827,CONSISTENT,,CONSISTENT,CONSISTENT,CONSISTENT,CONSISTENT,0.98,0,[]
CASE-000828,CONSISTENT,,CONSISTENT,CONSISTENT,CONSISTENT,CONSISTENT,0.98,0,[]
CASE-000829,CONSISTENT,,CONSISTENT,CONSISTENT,CONSISTENT,CONSISTENT,0.98,0,[]
CASE-000830,CONSISTENT,,CONSISTENT,CONSISTENT,CONSISTENT,CONSISTENT,0.98,0,[]
CASE-000831,CONSISTENT,,CONSISTENT,CONSISTENT,CONSISTENT,CONSISTENT,0.98,0,[]
CASE-000832,CONSISTENT,,CONSISTENT,CONSISTENT,CONSISTENT,CONSISTENT,0.98,0,[]
CASE-000833,CONSISTENT,,CONSISTENT,CONSISTENT,CONSISTENT,CONSISTENT,0.98,0,[]
CASE-000834,CONSISTENT,,CONSISTENT,CONSISTENT,CONSISTENT,CONSISTENT,0.98,0,[]
CASE-000835,CONSISTENT,,CONSISTENT,CONSISTENT,CONSISTENT,CONSISTENT,0.98,0,[]
CASE-000836,CONSISTENT,,CONSISTENT,CONSISTENT,CONSISTENT,CONSISTENT,0.98,0,[]
CASE-000837,CONSISTENT,,CONSISTENT,CONSISTENT,CONSISTENT,CONSISTENT,0.98,0,[]
CASE-000838,CONSISTENT,,CONSISTENT,CONSISTENT,CONSISTENT,CONSISTENT,0.98,0,[]
CASE-000839,CONSISTENT,,CONSISTENT,CONSISTENT,CONSISTENT,CONSISTENT,0.98,0,[]
CASE-000840,CONSISTENT,,CONSISTENT,CONSISTENT,CONSISTENT,CONSISTENT,0.98,0,[]
CASE-000841,CONSISTENT,,CONSISTENT,CONSISTENT,CONSISTENT,CONSISTENT,0.98,0,[]
CASE-000842,CONSISTENT,,CONSISTENT,CONSISTENT,CONSISTENT,CONSISTENT,0.98,0,[]
CASE-000843,CONSISTENT,,CONSISTENT,CONSISTENT,CONSISTENT,CONSISTENT,0.98,0,[]
CASE-000844,CONSISTENT,,CONSISTENT,CONSISTENT,CONSISTENT,CONSISTENT,0.98,0,[]
CASE-000845,CONSISTENT,,CONSISTENT,CONSISTENT,CONSISTENT,CONSISTENT,0.98,0,[]
CASE-000846,CONSISTENT,,CONSISTENT,CONSISTENT,CONSISTENT,CONSISTENT,0.98,0,[]
CASE-000847,CONSISTENT,,CONSISTENT,CONSISTENT,CONSISTENT,CONSISTENT,0.98,0,[]
CASE-000848,CONSISTENT,,CONSISTENT,CONSISTENT,CONSISTENT,CONSISTENT,0.98,0,[]
CASE-000849,CONSISTENT,,CONSISTENT,CONSISTENT,CONSISTENT,CONSISTENT,0.98,0,[]
CASE-000850,CONSISTENT,,CONSISTENT,CONSISTENT,CONSISTENT,CONSISTENT,0.98,0,[]
CASE-000851,CONSISTENT,,CONSISTENT,CONSISTENT,CONSISTENT,CONSISTENT,0.98,0,[]
CASE-000852,CONSISTENT,,CONSISTENT,CONSISTENT,CONSISTENT,CONSISTENT,0.98,0,[]
CASE-000853,CONSISTENT,,CONSISTENT,CONSISTENT,CONSISTENT,CONSISTENT,0.98,0,[]
CASE-000854,CONSISTENT,,CONSISTENT,CONSISTENT,CONSISTENT,CONSISTENT,0.98,0,[]
CASE-000855,CONSISTENT,,CONSISTENT,CONSISTENT,CONSISTENT,CONSISTENT,0.98,0,[]
CASE-000856,CONSISTENT,,CONSISTENT,CONSISTENT,CONSISTENT,CONSISTENT,0.98,0,[]
CASE-000857,CONSISTENT,,CONSISTENT,CONSISTENT,CONSISTENT,CONSISTENT,0.98,0,[]
CASE-000858,CONSISTENT,,CONSISTENT,CONSISTENT,CONSISTENT,CONSISTENT,0.98,0,[]
CASE-000859,CONSISTENT,,CONSISTENT,CONSISTENT,CONSISTENT,CONSISTENT,0.98,0,[]
CASE-000860,CONSISTENT,,CONSISTENT,CONSISTENT,CONSISTENT,CONSISTENT,0.98,0,[]
CASE-000861,CONSISTENT,,CONSISTENT,CONSISTENT,CONSISTENT,CONSISTENT,0.98,0,[]
CASE-000862,CONSISTENT,,CONSISTENT,CONSISTENT,CONSISTENT,CONSISTENT,0.98,0,[]
CASE-000863,CONSISTENT,,CONSISTENT,CONSISTENT,CONSISTENT,CONSISTENT,0.98,0,[]
CASE-000864,CONSISTENT,,CONSISTENT,CONSISTENT,CONSISTENT,CONSISTENT,0.98,0,[]
CASE-000865,CONSISTENT,,CONSISTENT,CONSISTENT,CONSISTENT,CONSISTENT,0.98,0,[]
CASE-000866,CONSISTENT,,CONSISTENT,CONSISTENT,CONSISTENT,CONSISTENT,0.98,0,[]
CASE-000867,CONSISTENT,,CONSISTENT,CONSISTENT,CONSISTENT,CONSISTENT,0.98,0,[]
CASE-000868,CONSISTENT,,CONSISTENT,CONSISTENT,CONSISTENT,CONSISTENT,0.98,0,[]
CASE-000869,CONSISTENT,,CONSISTENT,CONSISTENT,CONSISTENT,CONSISTENT,0.98,0,[]
CASE-000870,CONSISTENT,,CONSISTENT,CONSISTENT,CONSISTENT,CONSISTENT,0.98,0,[]
CASE-000871,CONSISTENT,,CONSISTENT,CONSISTENT,CONSISTENT,CONSISTENT,0.98,0,[]
CASE-000872,CONSISTENT,,CONSISTENT,CONSISTENT,CONSISTENT,CONSISTENT,0.98,0,[]
CASE-000873,CONSISTENT,,CONSISTENT,CONSISTENT,CONSISTENT,CONSISTENT,0.98,0,[]
CASE-000874,CONSISTENT,,CONSISTENT,CONSISTENT,CONSISTENT,CONSISTENT,0.98,0,[]
CASE-000875,CONSISTENT,,CONSISTENT,CONSISTENT,CONSISTENT,CONSISTENT,0.98,0,[]
CASE-000876,CONSISTENT,,CONSISTENT,CONSISTENT,CONSISTENT,CONSISTENT,0.98,0,[]
CASE-000877,CONSISTENT,,CONSISTENT,CONSISTENT,CONSISTENT,CONSISTENT,0.98,0,[]
CASE-000878,CONSISTENT,,CONSISTENT,CONSISTENT,CONSISTENT,CONSISTENT,0.98,0,[]
CASE-000879,CONSISTENT,,CONSISTENT,CONSISTENT,CONSISTENT,CONSISTENT,0.98,0,[]
CASE-000880,CONSISTENT,,CONSISTENT,CONSISTENT,CONSISTENT,CONSISTENT,0.98,0,[]
CASE-000881,CONSISTENT,,CONSISTENT,CONSISTENT,CONSISTENT,CONSISTENT,0.98,0,[]
CASE-000882,CONSISTENT,,CONSISTENT,CONSISTENT,CONSISTENT,CONSISTENT,0.98,0,[]
CASE-000883,CONSISTENT,,CONSISTENT,CONSISTENT,CONSISTENT,CONSISTENT,0.98,0,[]
CASE-000884,CONSISTENT,,CONSISTENT,CONSISTENT,CONSISTENT,CONSISTENT,0.98,0,[]
CASE-000885,CONSISTENT,,CONSISTENT,CONSISTENT,CONSISTENT,CONSISTENT,0.98,0,[]
CASE-000886,CONSISTENT,,CONSISTENT,CONSISTENT,CONSISTENT,CONSISTENT,0.98,0,[]
CASE-000887,CONSISTENT,,CONSISTENT,CONSISTENT,CONSISTENT,CONSISTENT,0.98,0,[]
CASE-000888,CONSISTENT,,CONSISTENT,CONSISTENT,CONSISTENT,CONSISTENT,0.98,0,[]
CASE-000889,CONSISTENT,,CONSISTENT,CONSISTENT,CONSISTENT,CONSISTENT,0.98,0,[]
CASE-000890,CONSISTENT,,CONSISTENT,CONSISTENT,CONSISTENT,CONSISTENT,0.98,0,[]
CASE-000891,CONSISTENT,,CONSISTENT,CONSISTENT,CONSISTENT,CONSISTENT,0.98,0,[]
CASE-000892,CONSISTENT,,CONSISTENT,CONSISTENT,CONSISTENT,CONSISTENT,0.98,0,[]
CASE-000893,CONSISTENT,,CONSISTENT,CONSISTENT,CONSISTENT,CONSISTENT,0.98,0,[]
CASE-000894,CONSISTENT,,CONSISTENT,CONSISTENT,CONSISTENT,CONSISTENT,0.98,0,[]
CASE-000895,CONSISTENT,,CONSISTENT,CONSISTENT,CONSISTENT,CONSISTENT,0.98,0,[]
CASE-000896,CONSISTENT,,CONSISTENT,CONSISTENT,CONSISTENT,CONSISTENT,0.98,0,[]
CASE-000897,CONSISTENT,,CONSISTENT,CONSISTENT,CONSISTENT,CONSISTENT,0.98,0,[]
CASE-000898,CONSISTENT,,CONSISTENT,CONSISTENT,CONSISTENT,CONSISTENT,0.98,0,[]
CASE-000899,CONSISTENT,,CONSISTENT,CONSISTENT,CONSISTENT,CONSISTENT,0.98,0,[]
CASE-000900,CONSISTENT,,CONSISTENT,CONSISTENT,CONSISTENT,CONSISTENT,0.98,0,[]
CASE-000901,CONFLICT,IDENTITY_CONFLICT,CONFLICT,CONSISTENT,CONSISTENT,CONFLICT,0.9,1,"[{""conflict_type"": ""IDENTITY_CONFLICT"", ""severity"": ""HIGH"", ""evidence_sources"": [""ORDER"", ""SELLER"", ""WAREHOUSE"", ""RETURN""], ""interpretation"": ""Multi-source SKU mismatch: {'ORDER': 'TS-204', 'SELLER': 'TS-203', 'WAREHOUSE': 'TS-203', 'RETURN': 'TS-203'}""}]"
CASE-000902,CONFLICT,IDENTITY_CONFLICT,CONFLICT,CONSISTENT,CONSISTENT,CONFLICT,0.9,1,"[{""conflict_type"": ""IDENTITY_CONFLICT"", ""severity"": ""HIGH"", ""evidence_sources"": [""ORDER"", ""SELLER"", ""WAREHOUSE"", ""RETURN""], ""interpretation"": ""Multi-source SKU mismatch: {'ORDER': 'TS-204', 'SELLER': 'TS-203', 'WAREHOUSE': 'TS-203', 'RETURN': 'TS-203'}""}]"
CASE-000903,CONFLICT,IDENTITY_CONFLICT,CONFLICT,CONSISTENT,CONSISTENT,CONFLICT,0.9,1,"[{""conflict_type"": ""IDENTITY_CONFLICT"", ""severity"": ""HIGH"", ""evidence_sources"": [""ORDER"", ""SELLER"", ""WAREHOUSE"", ""RETURN""], ""interpretation"": ""Multi-source SKU mismatch: {'ORDER': 'TS-204', 'SELLER': 'TS-203', 'WAREHOUSE': 'TS-203', 'RETURN': 'TS-203'}""}]"
CASE-000904,CONFLICT,IDENTITY_CONFLICT,CONFLICT,CONSISTENT,CONSISTENT,CONFLICT,0.9,1,"[{""conflict_type"": ""IDENTITY_CONFLICT"", ""severity"": ""HIGH"", ""evidence_sources"": [""ORDER"", ""SELLER"", ""WAREHOUSE"", ""RETURN""], ""interpretation"": ""Multi-source SKU mismatch: {'ORDER': 'TS-204', 'SELLER': 'TS-203', 'WAREHOUSE': 'TS-203', 'RETURN': 'TS-203'}""}]"
CASE-000905,CONFLICT,IDENTITY_CONFLICT,CONFLICT,CONSISTENT,CONSISTENT,CONFLICT,0.9,1,"[{""conflict_type"": ""IDENTITY_CONFLICT"", ""severity"": ""HIGH"", ""evidence_sources"": [""ORDER"", ""SELLER"", ""WAREHOUSE"", ""RETURN""], ""interpretation"": ""Multi-source SKU mismatch: {'ORDER': 'TS-204', 'SELLER': 'TS-203', 'WAREHOUSE': 'TS-203', 'RETURN': 'TS-203'}""}]"
CASE-000906,CONFLICT,IDENTITY_CONFLICT,CONFLICT,CONSISTENT,CONSISTENT,CONFLICT,0.9,1,"[{""conflict_type"": ""IDENTITY_CONFLICT"", ""severity"": ""HIGH"", ""evidence_sources"": [""ORDER"", ""SELLER"", ""WAREHOUSE"", ""RETURN""], ""interpretation"": ""Multi-source SKU mismatch: {'ORDER': 'TS-204', 'SELLER': 'TS-203', 'WAREHOUSE': 'TS-203', 'RETURN': 'TS-203'}""}]"
CASE-000907,CONFLICT,IDENTITY_CONFLICT,CONFLICT,CONSISTENT,CONSISTENT,CONFLICT,0.9,1,"[{""conflict_type"": ""IDENTITY_CONFLICT"", ""severity"": ""HIGH"", ""evidence_sources"": [""ORDER"", ""SELLER"", ""WAREHOUSE"", ""RETURN""], ""interpretation"": ""Multi-source SKU mismatch: {'ORDER': 'TS-204', 'SELLER': 'TS-203', 'WAREHOUSE': 'TS-203', 'RETURN': 'TS-203'}""}]"
CASE-000908,CONFLICT,IDENTITY_CONFLICT,CONFLICT,CONSISTENT,CONSISTENT,CONFLICT,0.9,1,"[{""conflict_type"": ""IDENTITY_CONFLICT"", ""severity"": ""HIGH"", ""evidence_sources"": [""ORDER"", ""SELLER"", ""WAREHOUSE"", ""RETURN""], ""interpretation"": ""Multi-source SKU mismatch: {'ORDER': 'TS-204', 'SELLER': 'TS-203', 'WAREHOUSE': 'TS-203', 'RETURN': 'TS-203'}""}]"
CASE-000909,CONFLICT,IDENTITY_CONFLICT,CONFLICT,CONSISTENT,CONSISTENT,CONFLICT,0.9,1,"[{""conflict_type"": ""IDENTITY_CONFLICT"", ""severity"": ""HIGH"", ""evidence_sources"": [""ORDER"", ""SELLER"", ""WAREHOUSE"", ""RETURN""], ""interpretation"": ""Multi-source SKU mismatch: {'ORDER': 'TS-204', 'SELLER': 'TS-203', 'WAREHOUSE': 'TS-203', 'RETURN': 'TS-203'}""}]"
CASE-000910,CONFLICT,IDENTITY_CONFLICT,CONFLICT,CONSISTENT,CONSISTENT,CONFLICT,0.9,1,"[{""conflict_type"": ""IDENTITY_CONFLICT"", ""severity"": ""HIGH"", ""evidence_sources"": [""ORDER"", ""SELLER"", ""WAREHOUSE"", ""RETURN""], ""interpretation"": ""Multi-source SKU mismatch: {'ORDER': 'TS-204', 'SELLER': 'TS-203', 'WAREHOUSE': 'TS-203', 'RETURN': 'TS-203'}""}]"
CASE-000911,CONFLICT,IDENTITY_CONFLICT,CONFLICT,CONSISTENT,CONSISTENT,CONFLICT,0.9,1,"[{""conflict_type"": ""IDENTITY_CONFLICT"", ""severity"": ""HIGH"", ""evidence_sources"": [""ORDER"", ""SELLER"", ""WAREHOUSE"", ""RETURN""], ""interpretation"": ""Multi-source SKU mismatch: {'ORDER': 'TS-204', 'SELLER': 'TS-203', 'WAREHOUSE': 'TS-203', 'RETURN': 'TS-203'}""}]"
CASE-000912,CONFLICT,IDENTITY_CONFLICT,CONFLICT,CONSISTENT,CONSISTENT,CONFLICT,0.9,1,"[{""conflict_type"": ""IDENTITY_CONFLICT"", ""severity"": ""HIGH"", ""evidence_sources"": [""ORDER"", ""SELLER"", ""WAREHOUSE"", ""RETURN""], ""interpretation"": ""Multi-source SKU mismatch: {'ORDER': 'TS-204', 'SELLER': 'TS-203', 'WAREHOUSE': 'TS-203', 'RETURN': 'TS-203'}""}]"
CASE-000913,CONFLICT,IDENTITY_CONFLICT,CONFLICT,CONSISTENT,CONSISTENT,CONFLICT,0.9,1,"[{""conflict_type"": ""IDENTITY_CONFLICT"", ""severity"": ""HIGH"", ""evidence_sources"": [""ORDER"", ""SELLER"", ""WAREHOUSE"", ""RETURN""], ""interpretation"": ""Multi-source SKU mismatch: {'ORDER': 'TS-204', 'SELLER': 'TS-203', 'WAREHOUSE': 'TS-203', 'RETURN': 'TS-203'}""}]"
CASE-000914,CONFLICT,IDENTITY_CONFLICT,CONFLICT,CONSISTENT,CONSISTENT,CONFLICT,0.9,1,"[{""conflict_type"": ""IDENTITY_CONFLICT"", ""severity"": ""HIGH"", ""evidence_sources"": [""ORDER"", ""SELLER"", ""WAREHOUSE"", ""RETURN""], ""interpretation"": ""Multi-source SKU mismatch: {'ORDER': 'TS-204', 'SELLER': 'TS-203', 'WAREHOUSE': 'TS-203', 'RETURN': 'TS-203'}""}]"
CASE-000915,CONFLICT,IDENTITY_CONFLICT,CONFLICT,CONSISTENT,CONSISTENT,CONFLICT,0.9,1,"[{""conflict_type"": ""IDENTITY_CONFLICT"", ""severity"": ""HIGH"", ""evidence_sources"": [""ORDER"", ""SELLER"", ""WAREHOUSE"", ""RETURN""], ""interpretation"": ""Multi-source SKU mismatch: {'ORDER': 'TS-204', 'SELLER': 'TS-203', 'WAREHOUSE': 'TS-203', 'RETURN': 'TS-203'}""}]"
CASE-000916,CONFLICT,IDENTITY_CONFLICT,CONFLICT,CONSISTENT,CONSISTENT,CONFLICT,0.9,1,"[{""conflict_type"": ""IDENTITY_CONFLICT"", ""severity"": ""HIGH"", ""evidence_sources"": [""ORDER"", ""SELLER"", ""WAREHOUSE"", ""RETURN""], ""interpretation"": ""Multi-source SKU mismatch: {'ORDER': 'TS-204', 'SELLER': 'TS-203', 'WAREHOUSE': 'TS-203', 'RETURN': 'TS-203'}""}]"
CASE-000917,CONFLICT,IDENTITY_CONFLICT,CONFLICT,CONSISTENT,CONSISTENT,CONFLICT,0.9,1,"[{""conflict_type"": ""IDENTITY_CONFLICT"", ""severity"": ""HIGH"", ""evidence_sources"": [""ORDER"", ""SELLER"", ""WAREHOUSE"", ""RETURN""], ""interpretation"": ""Multi-source SKU mismatch: {'ORDER': 'TS-204', 'SELLER': 'TS-203', 'WAREHOUSE': 'TS-203', 'RETURN': 'TS-203'}""}]"
CASE-000918,CONFLICT,IDENTITY_CONFLICT,CONFLICT,CONSISTENT,CONSISTENT,CONFLICT,0.9,1,"[{""conflict_type"": ""IDENTITY_CONFLICT"", ""severity"": ""HIGH"", ""evidence_sources"": [""ORDER"", ""SELLER"", ""WAREHOUSE"", ""RETURN""], ""interpretation"": ""Multi-source SKU mismatch: {'ORDER': 'TS-204', 'SELLER': 'TS-203', 'WAREHOUSE': 'TS-203', 'RETURN': 'TS-203'}""}]"
CASE-000919,CONFLICT,IDENTITY_CONFLICT,CONFLICT,CONSISTENT,CONSISTENT,CONFLICT,0.9,1,"[{""conflict_type"": ""IDENTITY_CONFLICT"", ""severity"": ""HIGH"", ""evidence_sources"": [""ORDER"", ""SELLER"", ""WAREHOUSE"", ""RETURN""], ""interpretation"": ""Multi-source SKU mismatch: {'ORDER': 'TS-204', 'SELLER': 'TS-203', 'WAREHOUSE': 'TS-203', 'RETURN': 'TS-203'}""}]"
CASE-000920,CONFLICT,IDENTITY_CONFLICT,CONFLICT,CONSISTENT,CONSISTENT,CONFLICT,0.9,1,"[{""conflict_type"": ""IDENTITY_CONFLICT"", ""severity"": ""HIGH"", ""evidence_sources"": [""ORDER"", ""SELLER"", ""WAREHOUSE"", ""RETURN""], ""interpretation"": ""Multi-source SKU mismatch: {'ORDER': 'TS-204', 'SELLER': 'TS-203', 'WAREHOUSE': 'TS-203', 'RETURN': 'TS-203'}""}]"
CASE-000921,CONFLICT,IDENTITY_CONFLICT,CONFLICT,CONSISTENT,CONSISTENT,CONFLICT,0.9,1,"[{""conflict_type"": ""IDENTITY_CONFLICT"", ""severity"": ""HIGH"", ""evidence_sources"": [""ORDER"", ""SELLER"", ""WAREHOUSE"", ""RETURN""], ""interpretation"": ""Multi-source SKU mismatch: {'ORDER': 'TS-204', 'SELLER': 'TS-203', 'WAREHOUSE': 'TS-203', 'RETURN': 'TS-203'}""}]"
CASE-000922,CONFLICT,IDENTITY_CONFLICT,CONFLICT,CONSISTENT,CONSISTENT,CONFLICT,0.9,1,"[{""conflict_type"": ""IDENTITY_CONFLICT"", ""severity"": ""HIGH"", ""evidence_sources"": [""ORDER"", ""SELLER"", ""WAREHOUSE"", ""RETURN""], ""interpretation"": ""Multi-source SKU mismatch: {'ORDER': 'TS-204', 'SELLER': 'TS-203', 'WAREHOUSE': 'TS-203', 'RETURN': 'TS-203'}""}]"
CASE-000923,CONFLICT,IDENTITY_CONFLICT,CONFLICT,CONSISTENT,CONSISTENT,CONFLICT,0.9,1,"[{""conflict_type"": ""IDENTITY_CONFLICT"", ""severity"": ""HIGH"", ""evidence_sources"": [""ORDER"", ""SELLER"", ""WAREHOUSE"", ""RETURN""], ""interpretation"": ""Multi-source SKU mismatch: {'ORDER': 'TS-204', 'SELLER': 'TS-203', 'WAREHOUSE': 'TS-203', 'RETURN': 'TS-203'}""}]"
CASE-000924,CONFLICT,IDENTITY_CONFLICT,CONFLICT,CONSISTENT,CONSISTENT,CONFLICT,0.9,1,"[{""conflict_type"": ""IDENTITY_CONFLICT"", ""severity"": ""HIGH"", ""evidence_sources"": [""ORDER"", ""SELLER"", ""WAREHOUSE"", ""RETURN""], ""interpretation"": ""Multi-source SKU mismatch: {'ORDER': 'TS-204', 'SELLER': 'TS-203', 'WAREHOUSE': 'TS-203', 'RETURN': 'TS-203'}""}]"
CASE-000925,CONFLICT,IDENTITY_CONFLICT,CONFLICT,CONSISTENT,CONSISTENT,CONFLICT,0.9,1,"[{""conflict_type"": ""IDENTITY_CONFLICT"", ""severity"": ""HIGH"", ""evidence_sources"": [""ORDER"", ""SELLER"", ""WAREHOUSE"", ""RETURN""], ""interpretation"": ""Multi-source SKU mismatch: {'ORDER': 'TS-204', 'SELLER': 'TS-203', 'WAREHOUSE': 'TS-203', 'RETURN': 'TS-203'}""}]"
CASE-000926,CONFLICT,IDENTITY_CONFLICT,CONFLICT,CONSISTENT,CONSISTENT,CONFLICT,0.9,1,"[{""conflict_type"": ""IDENTITY_CONFLICT"", ""severity"": ""HIGH"", ""evidence_sources"": [""ORDER"", ""SELLER"", ""WAREHOUSE"", ""RETURN""], ""interpretation"": ""Multi-source SKU mismatch: {'ORDER': 'TS-204', 'SELLER': 'TS-203', 'WAREHOUSE': 'TS-203', 'RETURN': 'TS-203'}""}]"
CASE-000927,CONFLICT,IDENTITY_CONFLICT,CONFLICT,CONSISTENT,CONSISTENT,CONFLICT,0.9,1,"[{""conflict_type"": ""IDENTITY_CONFLICT"", ""severity"": ""HIGH"", ""evidence_sources"": [""ORDER"", ""SELLER"", ""WAREHOUSE"", ""RETURN""], ""interpretation"": ""Multi-source SKU mismatch: {'ORDER': 'TS-204', 'SELLER': 'TS-203', 'WAREHOUSE': 'TS-203', 'RETURN': 'TS-203'}""}]"
CASE-000928,CONFLICT,IDENTITY_CONFLICT,CONFLICT,CONSISTENT,CONSISTENT,CONFLICT,0.9,1,"[{""conflict_type"": ""IDENTITY_CONFLICT"", ""severity"": ""HIGH"", ""evidence_sources"": [""ORDER"", ""SELLER"", ""WAREHOUSE"", ""RETURN""], ""interpretation"": ""Multi-source SKU mismatch: {'ORDER': 'TS-204', 'SELLER': 'TS-203', 'WAREHOUSE': 'TS-203', 'RETURN': 'TS-203'}""}]"
CASE-000929,CONFLICT,IDENTITY_CONFLICT,CONFLICT,CONSISTENT,CONSISTENT,CONFLICT,0.9,1,"[{""conflict_type"": ""IDENTITY_CONFLICT"", ""severity"": ""HIGH"", ""evidence_sources"": [""ORDER"", ""SELLER"", ""WAREHOUSE"", ""RETURN""], ""interpretation"": ""Multi-source SKU mismatch: {'ORDER': 'TS-204', 'SELLER': 'TS-203', 'WAREHOUSE': 'TS-203', 'RETURN': 'TS-203'}""}]"
CASE-000930,CONFLICT,IDENTITY_CONFLICT,CONFLICT,CONSISTENT,CONSISTENT,CONFLICT,0.9,1,"[{""conflict_type"": ""IDENTITY_CONFLICT"", ""severity"": ""HIGH"", ""evidence_sources"": [""ORDER"", ""SELLER"", ""WAREHOUSE"", ""RETURN""], ""interpretation"": ""Multi-source SKU mismatch: {'ORDER': 'TS-204', 'SELLER': 'TS-203', 'WAREHOUSE': 'TS-203', 'RETURN': 'TS-203'}""}]"
CASE-000931,CONFLICT,WEIGHT_ANOMALY,CONSISTENT,CONFLICT,CONSISTENT,CONFLICT,0.9,1,"[{""conflict_type"": ""WEIGHT_ANOMALY"", ""severity"": ""HIGH"", ""evidence_sources"": [""WAREHOUSE"", ""RETURN""], ""measurement_outbound"": 500.0, ""measurement_return"": 210.0, ""variance"": ""58.0% drop"", ""interpretation"": ""Product weight loss of 58.0% between outbound (500.0g) and return (210.0g).""}]"
CASE-000932,CONFLICT,WEIGHT_ANOMALY,CONSISTENT,CONFLICT,CONSISTENT,CONFLICT,0.9,1,"[{""conflict_type"": ""WEIGHT_ANOMALY"", ""severity"": ""HIGH"", ""evidence_sources"": [""WAREHOUSE"", ""RETURN""], ""measurement_outbound"": 500.0, ""measurement_return"": 210.0, ""variance"": ""58.0% drop"", ""interpretation"": ""Product weight loss of 58.0% between outbound (500.0g) and return (210.0g).""}]"
CASE-000933,CONFLICT,WEIGHT_ANOMALY,CONSISTENT,CONFLICT,CONSISTENT,CONFLICT,0.9,1,"[{""conflict_type"": ""WEIGHT_ANOMALY"", ""severity"": ""HIGH"", ""evidence_sources"": [""WAREHOUSE"", ""RETURN""], ""measurement_outbound"": 500.0, ""measurement_return"": 210.0, ""variance"": ""58.0% drop"", ""interpretation"": ""Product weight loss of 58.0% between outbound (500.0g) and return (210.0g).""}]"
CASE-000934,CONFLICT,WEIGHT_ANOMALY,CONSISTENT,CONFLICT,CONSISTENT,CONFLICT,0.9,1,"[{""conflict_type"": ""WEIGHT_ANOMALY"", ""severity"": ""HIGH"", ""evidence_sources"": [""WAREHOUSE"", ""RETURN""], ""measurement_outbound"": 500.0, ""measurement_return"": 210.0, ""variance"": ""58.0% drop"", ""interpretation"": ""Product weight loss of 58.0% between outbound (500.0g) and return (210.0g).""}]"
CASE-000935,CONFLICT,WEIGHT_ANOMALY,CONSISTENT,CONFLICT,CONSISTENT,CONFLICT,0.9,1,"[{""conflict_type"": ""WEIGHT_ANOMALY"", ""severity"": ""HIGH"", ""evidence_sources"": [""WAREHOUSE"", ""RETURN""], ""measurement_outbound"": 500.0, ""measurement_return"": 210.0, ""variance"": ""58.0% drop"", ""interpretation"": ""Product weight loss of 58.0% between outbound (500.0g) and return (210.0g).""}]"
CASE-000936,CONFLICT,WEIGHT_ANOMALY,CONSISTENT,CONFLICT,CONSISTENT,CONFLICT,0.9,1,"[{""conflict_type"": ""WEIGHT_ANOMALY"", ""severity"": ""HIGH"", ""evidence_sources"": [""WAREHOUSE"", ""RETURN""], ""measurement_outbound"": 500.0, ""measurement_return"": 210.0, ""variance"": ""58.0% drop"", ""interpretation"": ""Product weight loss of 58.0% between outbound (500.0g) and return (210.0g).""}]"
CASE-000937,CONFLICT,WEIGHT_ANOMALY,CONSISTENT,CONFLICT,CONSISTENT,CONFLICT,0.9,1,"[{""conflict_type"": ""WEIGHT_ANOMALY"", ""severity"": ""HIGH"", ""evidence_sources"": [""WAREHOUSE"", ""RETURN""], ""measurement_outbound"": 500.0, ""measurement_return"": 210.0, ""variance"": ""58.0% drop"", ""interpretation"": ""Product weight loss of 58.0% between outbound (500.0g) and return (210.0g).""}]"
CASE-000938,CONFLICT,WEIGHT_ANOMALY,CONSISTENT,CONFLICT,CONSISTENT,CONFLICT,0.9,1,"[{""conflict_type"": ""WEIGHT_ANOMALY"", ""severity"": ""HIGH"", ""evidence_sources"": [""WAREHOUSE"", ""RETURN""], ""measurement_outbound"": 500.0, ""measurement_return"": 210.0, ""variance"": ""58.0% drop"", ""interpretation"": ""Product weight loss of 58.0% between outbound (500.0g) and return (210.0g).""}]"
CASE-000939,CONFLICT,WEIGHT_ANOMALY,CONSISTENT,CONFLICT,CONSISTENT,CONFLICT,0.9,1,"[{""conflict_type"": ""WEIGHT_ANOMALY"", ""severity"": ""HIGH"", ""evidence_sources"": [""WAREHOUSE"", ""RETURN""], ""measurement_outbound"": 500.0, ""measurement_return"": 210.0, ""variance"": ""58.0% drop"", ""interpretation"": ""Product weight loss of 58.0% between outbound (500.0g) and return (210.0g).""}]"
CASE-000940,CONFLICT,WEIGHT_ANOMALY,CONSISTENT,CONFLICT,CONSISTENT,CONFLICT,0.9,1,"[{""conflict_type"": ""WEIGHT_ANOMALY"", ""severity"": ""HIGH"", ""evidence_sources"": [""WAREHOUSE"", ""RETURN""], ""measurement_outbound"": 500.0, ""measurement_return"": 210.0, ""variance"": ""58.0% drop"", ""interpretation"": ""Product weight loss of 58.0% between outbound (500.0g) and return (210.0g).""}]"
CASE-000941,CONFLICT,WEIGHT_ANOMALY,CONSISTENT,CONFLICT,CONSISTENT,CONFLICT,0.9,1,"[{""conflict_type"": ""WEIGHT_ANOMALY"", ""severity"": ""HIGH"", ""evidence_sources"": [""WAREHOUSE"", ""RETURN""], ""measurement_outbound"": 500.0, ""measurement_return"": 210.0, ""variance"": ""58.0% drop"", ""interpretation"": ""Product weight loss of 58.0% between outbound (500.0g) and return (210.0g).""}]"
CASE-000942,CONFLICT,WEIGHT_ANOMALY,CONSISTENT,CONFLICT,CONSISTENT,CONFLICT,0.9,1,"[{""conflict_type"": ""WEIGHT_ANOMALY"", ""severity"": ""HIGH"", ""evidence_sources"": [""WAREHOUSE"", ""RETURN""], ""measurement_outbound"": 500.0, ""measurement_return"": 210.0, ""variance"": ""58.0% drop"", ""interpretation"": ""Product weight loss of 58.0% between outbound (500.0g) and return (210.0g).""}]"
CASE-000943,CONFLICT,WEIGHT_ANOMALY,CONSISTENT,CONFLICT,CONSISTENT,CONFLICT,0.9,1,"[{""conflict_type"": ""WEIGHT_ANOMALY"", ""severity"": ""HIGH"", ""evidence_sources"": [""WAREHOUSE"", ""RETURN""], ""measurement_outbound"": 500.0, ""measurement_return"": 210.0, ""variance"": ""58.0% drop"", ""interpretation"": ""Product weight loss of 58.0% between outbound (500.0g) and return (210.0g).""}]"
CASE-000944,CONFLICT,WEIGHT_ANOMALY,CONSISTENT,CONFLICT,CONSISTENT,CONFLICT,0.9,1,"[{""conflict_type"": ""WEIGHT_ANOMALY"", ""severity"": ""HIGH"", ""evidence_sources"": [""WAREHOUSE"", ""RETURN""], ""measurement_outbound"": 500.0, ""measurement_return"": 210.0, ""variance"": ""58.0% drop"", ""interpretation"": ""Product weight loss of 58.0% between outbound (500.0g) and return (210.0g).""}]"
CASE-000945,CONFLICT,WEIGHT_ANOMALY,CONSISTENT,CONFLICT,CONSISTENT,CONFLICT,0.9,1,"[{""conflict_type"": ""WEIGHT_ANOMALY"", ""severity"": ""HIGH"", ""evidence_sources"": [""WAREHOUSE"", ""RETURN""], ""measurement_outbound"": 500.0, ""measurement_return"": 210.0, ""variance"": ""58.0% drop"", ""interpretation"": ""Product weight loss of 58.0% between outbound (500.0g) and return (210.0g).""}]"
CASE-000946,CONFLICT,WEIGHT_ANOMALY,CONSISTENT,CONFLICT,CONSISTENT,CONFLICT,0.9,1,"[{""conflict_type"": ""WEIGHT_ANOMALY"", ""severity"": ""HIGH"", ""evidence_sources"": [""WAREHOUSE"", ""RETURN""], ""measurement_outbound"": 500.0, ""measurement_return"": 210.0, ""variance"": ""58.0% drop"", ""interpretation"": ""Product weight loss of 58.0% between outbound (500.0g) and return (210.0g).""}]"
CASE-000947,CONFLICT,WEIGHT_ANOMALY,CONSISTENT,CONFLICT,CONSISTENT,CONFLICT,0.9,1,"[{""conflict_type"": ""WEIGHT_ANOMALY"", ""severity"": ""HIGH"", ""evidence_sources"": [""WAREHOUSE"", ""RETURN""], ""measurement_outbound"": 500.0, ""measurement_return"": 210.0, ""variance"": ""58.0% drop"", ""interpretation"": ""Product weight loss of 58.0% between outbound (500.0g) and return (210.0g).""}]"
CASE-000948,CONFLICT,WEIGHT_ANOMALY,CONSISTENT,CONFLICT,CONSISTENT,CONFLICT,0.9,1,"[{""conflict_type"": ""WEIGHT_ANOMALY"", ""severity"": ""HIGH"", ""evidence_sources"": [""WAREHOUSE"", ""RETURN""], ""measurement_outbound"": 500.0, ""measurement_return"": 210.0, ""variance"": ""58.0% drop"", ""interpretation"": ""Product weight loss of 58.0% between outbound (500.0g) and return (210.0g).""}]"
CASE-000949,CONFLICT,WEIGHT_ANOMALY,CONSISTENT,CONFLICT,CONSISTENT,CONFLICT,0.9,1,"[{""conflict_type"": ""WEIGHT_ANOMALY"", ""severity"": ""HIGH"", ""evidence_sources"": [""WAREHOUSE"", ""RETURN""], ""measurement_outbound"": 500.0, ""measurement_return"": 210.0, ""variance"": ""58.0% drop"", ""interpretation"": ""Product weight loss of 58.0% between outbound (500.0g) and return (210.0g).""}]"
CASE-000950,CONFLICT,WEIGHT_ANOMALY,CONSISTENT,CONFLICT,CONSISTENT,CONFLICT,0.9,1,"[{""conflict_type"": ""WEIGHT_ANOMALY"", ""severity"": ""HIGH"", ""evidence_sources"": [""WAREHOUSE"", ""RETURN""], ""measurement_outbound"": 500.0, ""measurement_return"": 210.0, ""variance"": ""58.0% drop"", ""interpretation"": ""Product weight loss of 58.0% between outbound (500.0g) and return (210.0g).""}]"
CASE-000951,CONFLICT,WEIGHT_ANOMALY,CONSISTENT,CONFLICT,CONSISTENT,CONFLICT,0.9,1,"[{""conflict_type"": ""WEIGHT_ANOMALY"", ""severity"": ""HIGH"", ""evidence_sources"": [""WAREHOUSE"", ""RETURN""], ""measurement_outbound"": 500.0, ""measurement_return"": 210.0, ""variance"": ""58.0% drop"", ""interpretation"": ""Product weight loss of 58.0% between outbound (500.0g) and return (210.0g).""}]"
CASE-000952,CONFLICT,WEIGHT_ANOMALY,CONSISTENT,CONFLICT,CONSISTENT,CONFLICT,0.9,1,"[{""conflict_type"": ""WEIGHT_ANOMALY"", ""severity"": ""HIGH"", ""evidence_sources"": [""WAREHOUSE"", ""RETURN""], ""measurement_outbound"": 500.0, ""measurement_return"": 210.0, ""variance"": ""58.0% drop"", ""interpretation"": ""Product weight loss of 58.0% between outbound (500.0g) and return (210.0g).""}]"
CASE-000953,CONFLICT,WEIGHT_ANOMALY,CONSISTENT,CONFLICT,CONSISTENT,CONFLICT,0.9,1,"[{""conflict_type"": ""WEIGHT_ANOMALY"", ""severity"": ""HIGH"", ""evidence_sources"": [""WAREHOUSE"", ""RETURN""], ""measurement_outbound"": 500.0, ""measurement_return"": 210.0, ""variance"": ""58.0% drop"", ""interpretation"": ""Product weight loss of 58.0% between outbound (500.0g) and return (210.0g).""}]"
CASE-000954,CONFLICT,WEIGHT_ANOMALY,CONSISTENT,CONFLICT,CONSISTENT,CONFLICT,0.9,1,"[{""conflict_type"": ""WEIGHT_ANOMALY"", ""severity"": ""HIGH"", ""evidence_sources"": [""WAREHOUSE"", ""RETURN""], ""measurement_outbound"": 500.0, ""measurement_return"": 210.0, ""variance"": ""58.0% drop"", ""interpretation"": ""Product weight loss of 58.0% between outbound (500.0g) and return (210.0g).""}]"
CASE-000955,CONFLICT,WEIGHT_ANOMALY,CONSISTENT,CONFLICT,CONSISTENT,CONFLICT,0.9,1,"[{""conflict_type"": ""WEIGHT_ANOMALY"", ""severity"": ""HIGH"", ""evidence_sources"": [""WAREHOUSE"", ""RETURN""], ""measurement_outbound"": 500.0, ""measurement_return"": 210.0, ""variance"": ""58.0% drop"", ""interpretation"": ""Product weight loss of 58.0% between outbound (500.0g) and return (210.0g).""}]"
CASE-000956,CONFLICT,WEIGHT_ANOMALY,CONSISTENT,CONFLICT,CONSISTENT,CONFLICT,0.9,1,"[{""conflict_type"": ""WEIGHT_ANOMALY"", ""severity"": ""HIGH"", ""evidence_sources"": [""WAREHOUSE"", ""RETURN""], ""measurement_outbound"": 500.0, ""measurement_return"": 210.0, ""variance"": ""58.0% drop"", ""interpretation"": ""Product weight loss of 58.0% between outbound (500.0g) and return (210.0g).""}]"
CASE-000957,CONFLICT,WEIGHT_ANOMALY,CONSISTENT,CONFLICT,CONSISTENT,CONFLICT,0.9,1,"[{""conflict_type"": ""WEIGHT_ANOMALY"", ""severity"": ""HIGH"", ""evidence_sources"": [""WAREHOUSE"", ""RETURN""], ""measurement_outbound"": 500.0, ""measurement_return"": 210.0, ""variance"": ""58.0% drop"", ""interpretation"": ""Product weight loss of 58.0% between outbound (500.0g) and return (210.0g).""}]"
CASE-000958,CONFLICT,WEIGHT_ANOMALY,CONSISTENT,CONFLICT,CONSISTENT,CONFLICT,0.9,1,"[{""conflict_type"": ""WEIGHT_ANOMALY"", ""severity"": ""HIGH"", ""evidence_sources"": [""WAREHOUSE"", ""RETURN""], ""measurement_outbound"": 500.0, ""measurement_return"": 210.0, ""variance"": ""58.0% drop"", ""interpretation"": ""Product weight loss of 58.0% between outbound (500.0g) and return (210.0g).""}]"
CASE-000959,CONFLICT,WEIGHT_ANOMALY,CONSISTENT,CONFLICT,CONSISTENT,CONFLICT,0.9,1,"[{""conflict_type"": ""WEIGHT_ANOMALY"", ""severity"": ""HIGH"", ""evidence_sources"": [""WAREHOUSE"", ""RETURN""], ""measurement_outbound"": 500.0, ""measurement_return"": 210.0, ""variance"": ""58.0% drop"", ""interpretation"": ""Product weight loss of 58.0% between outbound (500.0g) and return (210.0g).""}]"
CASE-000960,CONFLICT,WEIGHT_ANOMALY,CONSISTENT,CONFLICT,CONSISTENT,CONFLICT,0.9,1,"[{""conflict_type"": ""WEIGHT_ANOMALY"", ""severity"": ""HIGH"", ""evidence_sources"": [""WAREHOUSE"", ""RETURN""], ""measurement_outbound"": 500.0, ""measurement_return"": 210.0, ""variance"": ""58.0% drop"", ""interpretation"": ""Product weight loss of 58.0% between outbound (500.0g) and return (210.0g).""}]"
CASE-000961,CONFLICT,WEIGHT_ANOMALY,CONSISTENT,CONFLICT,CONSISTENT,CONFLICT,0.9,1,"[{""conflict_type"": ""WEIGHT_ANOMALY"", ""severity"": ""HIGH"", ""evidence_sources"": [""WAREHOUSE"", ""RETURN""], ""measurement_outbound"": 500.0, ""measurement_return"": 210.0, ""variance"": ""58.0% drop"", ""interpretation"": ""Product weight loss of 58.0% between outbound (500.0g) and return (210.0g).""}]"
CASE-000962,CONFLICT,WEIGHT_ANOMALY,CONSISTENT,CONFLICT,CONSISTENT,CONFLICT,0.9,1,"[{""conflict_type"": ""WEIGHT_ANOMALY"", ""severity"": ""HIGH"", ""evidence_sources"": [""WAREHOUSE"", ""RETURN""], ""measurement_outbound"": 500.0, ""measurement_return"": 210.0, ""variance"": ""58.0% drop"", ""interpretation"": ""Product weight loss of 58.0% between outbound (500.0g) and return (210.0g).""}]"
CASE-000963,CONFLICT,WEIGHT_ANOMALY,CONSISTENT,CONFLICT,CONSISTENT,CONFLICT,0.9,1,"[{""conflict_type"": ""WEIGHT_ANOMALY"", ""severity"": ""HIGH"", ""evidence_sources"": [""WAREHOUSE"", ""RETURN""], ""measurement_outbound"": 500.0, ""measurement_return"": 210.0, ""variance"": ""58.0% drop"", ""interpretation"": ""Product weight loss of 58.0% between outbound (500.0g) and return (210.0g).""}]"
CASE-000964,CONFLICT,WEIGHT_ANOMALY,CONSISTENT,CONFLICT,CONSISTENT,CONFLICT,0.9,1,"[{""conflict_type"": ""WEIGHT_ANOMALY"", ""severity"": ""HIGH"", ""evidence_sources"": [""WAREHOUSE"", ""RETURN""], ""measurement_outbound"": 500.0, ""measurement_return"": 210.0, ""variance"": ""58.0% drop"", ""interpretation"": ""Product weight loss of 58.0% between outbound (500.0g) and return (210.0g).""}]"
CASE-000965,CONFLICT,WEIGHT_ANOMALY,CONSISTENT,CONFLICT,CONSISTENT,CONFLICT,0.9,1,"[{""conflict_type"": ""WEIGHT_ANOMALY"", ""severity"": ""HIGH"", ""evidence_sources"": [""WAREHOUSE"", ""RETURN""], ""measurement_outbound"": 500.0, ""measurement_return"": 210.0, ""variance"": ""58.0% drop"", ""interpretation"": ""Product weight loss of 58.0% between outbound (500.0g) and return (210.0g).""}]"
CASE-000966,CONFLICT,WEIGHT_ANOMALY,CONSISTENT,CONFLICT,CONSISTENT,CONFLICT,0.9,1,"[{""conflict_type"": ""WEIGHT_ANOMALY"", ""severity"": ""HIGH"", ""evidence_sources"": [""WAREHOUSE"", ""RETURN""], ""measurement_outbound"": 500.0, ""measurement_return"": 210.0, ""variance"": ""58.0% drop"", ""interpretation"": ""Product weight loss of 58.0% between outbound (500.0g) and return (210.0g).""}]"
CASE-000967,CONFLICT,WEIGHT_ANOMALY,CONSISTENT,CONFLICT,CONSISTENT,CONFLICT,0.9,1,"[{""conflict_type"": ""WEIGHT_ANOMALY"", ""severity"": ""HIGH"", ""evidence_sources"": [""WAREHOUSE"", ""RETURN""], ""measurement_outbound"": 500.0, ""measurement_return"": 210.0, ""variance"": ""58.0% drop"", ""interpretation"": ""Product weight loss of 58.0% between outbound (500.0g) and return (210.0g).""}]"
CASE-000968,CONFLICT,WEIGHT_ANOMALY,CONSISTENT,CONFLICT,CONSISTENT,CONFLICT,0.9,1,"[{""conflict_type"": ""WEIGHT_ANOMALY"", ""severity"": ""HIGH"", ""evidence_sources"": [""WAREHOUSE"", ""RETURN""], ""measurement_outbound"": 500.0, ""measurement_return"": 210.0, ""variance"": ""58.0% drop"", ""interpretation"": ""Product weight loss of 58.0% between outbound (500.0g) and return (210.0g).""}]"
CASE-000969,CONFLICT,WEIGHT_ANOMALY,CONSISTENT,CONFLICT,CONSISTENT,CONFLICT,0.9,1,"[{""conflict_type"": ""WEIGHT_ANOMALY"", ""severity"": ""HIGH"", ""evidence_sources"": [""WAREHOUSE"", ""RETURN""], ""measurement_outbound"": 500.0, ""measurement_return"": 210.0, ""variance"": ""58.0% drop"", ""interpretation"": ""Product weight loss of 58.0% between outbound (500.0g) and return (210.0g).""}]"
CASE-000970,CONFLICT,WEIGHT_ANOMALY,CONSISTENT,CONFLICT,CONSISTENT,CONFLICT,0.9,1,"[{""conflict_type"": ""WEIGHT_ANOMALY"", ""severity"": ""HIGH"", ""evidence_sources"": [""WAREHOUSE"", ""RETURN""], ""measurement_outbound"": 500.0, ""measurement_return"": 210.0, ""variance"": ""58.0% drop"", ""interpretation"": ""Product weight loss of 58.0% between outbound (500.0g) and return (210.0g).""}]"
CASE-000971,CONFLICT,TEMPORAL_CONFLICT,CONSISTENT,CONSISTENT,CONFLICT,CONFLICT,0.9,1,"[{""conflict_type"": ""TEMPORAL_CONFLICT"", ""severity"": ""MEDIUM"", ""evidence_sources"": [""ORDER"", ""WAREHOUSE""], ""interpretation"": ""Timeline inversion: ORDER (2026-08-30T03:23:00) occurred after WAREHOUSE (2026-08-30T02:53:00).""}]"
CASE-000972,CONFLICT,TEMPORAL_CONFLICT,CONSISTENT,CONSISTENT,CONFLICT,CONFLICT,0.9,1,"[{""conflict_type"": ""TEMPORAL_CONFLICT"", ""severity"": ""MEDIUM"", ""evidence_sources"": [""ORDER"", ""WAREHOUSE""], ""interpretation"": ""Timeline inversion: ORDER (2026-08-27T17:09:00) occurred after WAREHOUSE (2026-08-27T16:39:00).""}]"
CASE-000973,CONFLICT,TEMPORAL_CONFLICT,CONSISTENT,CONSISTENT,CONFLICT,CONFLICT,0.9,1,"[{""conflict_type"": ""TEMPORAL_CONFLICT"", ""severity"": ""MEDIUM"", ""evidence_sources"": [""ORDER"", ""WAREHOUSE""], ""interpretation"": ""Timeline inversion: ORDER (2026-08-27T10:19:00) occurred after WAREHOUSE (2026-08-27T09:49:00).""}]"
CASE-000974,CONFLICT,TEMPORAL_CONFLICT,CONSISTENT,CONSISTENT,CONFLICT,CONFLICT,0.9,1,"[{""conflict_type"": ""TEMPORAL_CONFLICT"", ""severity"": ""MEDIUM"", ""evidence_sources"": [""ORDER"", ""WAREHOUSE""], ""interpretation"": ""Timeline inversion: ORDER (2026-08-26T15:40:00) occurred after WAREHOUSE (2026-08-26T15:10:00).""}]"
CASE-000975,CONFLICT,TEMPORAL_CONFLICT,CONSISTENT,CONSISTENT,CONFLICT,CONFLICT,0.9,1,"[{""conflict_type"": ""TEMPORAL_CONFLICT"", ""severity"": ""MEDIUM"", ""evidence_sources"": [""ORDER"", ""WAREHOUSE""], ""interpretation"": ""Timeline inversion: ORDER (2026-08-27T01:30:00) occurred after WAREHOUSE (2026-08-27T01:00:00).""}]"
CASE-000976,CONFLICT,TEMPORAL_CONFLICT,CONSISTENT,CONSISTENT,CONFLICT,CONFLICT,0.9,1,"[{""conflict_type"": ""TEMPORAL_CONFLICT"", ""severity"": ""MEDIUM"", ""evidence_sources"": [""ORDER"", ""WAREHOUSE""], ""interpretation"": ""Timeline inversion: ORDER (2026-08-24T02:46:00) occurred after WAREHOUSE (2026-08-24T02:16:00).""}]"
CASE-000977,CONFLICT,TEMPORAL_CONFLICT,CONSISTENT,CONSISTENT,CONFLICT,CONFLICT,0.9,1,"[{""conflict_type"": ""TEMPORAL_CONFLICT"", ""severity"": ""MEDIUM"", ""evidence_sources"": [""ORDER"", ""WAREHOUSE""], ""interpretation"": ""Timeline inversion: ORDER (2026-08-23T17:41:00) occurred after WAREHOUSE (2026-08-23T17:11:00).""}]"
CASE-000978,CONFLICT,TEMPORAL_CONFLICT,CONSISTENT,CONSISTENT,CONFLICT,CONFLICT,0.9,1,"[{""conflict_type"": ""TEMPORAL_CONFLICT"", ""severity"": ""MEDIUM"", ""evidence_sources"": [""ORDER"", ""WAREHOUSE""], ""interpretation"": ""Timeline inversion: ORDER (2026-08-30T03:14:00) occurred after WAREHOUSE (2026-08-30T02:44:00).""}]"
CASE-000979,CONFLICT,TEMPORAL_CONFLICT,CONSISTENT,CONSISTENT,CONFLICT,CONFLICT,0.9,1,"[{""conflict_type"": ""TEMPORAL_CONFLICT"", ""severity"": ""MEDIUM"", ""evidence_sources"": [""ORDER"", ""WAREHOUSE""], ""interpretation"": ""Timeline inversion: ORDER (2026-08-23T22:19:00) occurred after WAREHOUSE (2026-08-23T21:49:00).""}]"
CASE-000980,CONFLICT,TEMPORAL_CONFLICT,CONSISTENT,CONSISTENT,CONFLICT,CONFLICT,0.9,1,"[{""conflict_type"": ""TEMPORAL_CONFLICT"", ""severity"": ""MEDIUM"", ""evidence_sources"": [""ORDER"", ""WAREHOUSE""], ""interpretation"": ""Timeline inversion: ORDER (2026-08-24T21:00:00) occurred after WAREHOUSE (2026-08-24T20:30:00).""}]"
CASE-000981,CONFLICT,TEMPORAL_CONFLICT,CONSISTENT,CONSISTENT,CONFLICT,CONFLICT,0.9,1,"[{""conflict_type"": ""TEMPORAL_CONFLICT"", ""severity"": ""MEDIUM"", ""evidence_sources"": [""ORDER"", ""WAREHOUSE""], ""interpretation"": ""Timeline inversion: ORDER (2026-08-27T14:03:00) occurred after WAREHOUSE (2026-08-27T13:33:00).""}]"
CASE-000982,CONFLICT,TEMPORAL_CONFLICT,CONSISTENT,CONSISTENT,CONFLICT,CONFLICT,0.9,1,"[{""conflict_type"": ""TEMPORAL_CONFLICT"", ""severity"": ""MEDIUM"", ""evidence_sources"": [""ORDER"", ""WAREHOUSE""], ""interpretation"": ""Timeline inversion: ORDER (2026-08-27T09:15:00) occurred after WAREHOUSE (2026-08-27T08:45:00).""}]"
CASE-000983,CONFLICT,TEMPORAL_CONFLICT,CONSISTENT,CONSISTENT,CONFLICT,CONFLICT,0.9,1,"[{""conflict_type"": ""TEMPORAL_CONFLICT"", ""severity"": ""MEDIUM"", ""evidence_sources"": [""ORDER"", ""WAREHOUSE""], ""interpretation"": ""Timeline inversion: ORDER (2026-08-30T01:27:00) occurred after WAREHOUSE (2026-08-30T00:57:00).""}]"
CASE-000984,CONFLICT,TEMPORAL_CONFLICT,CONSISTENT,CONSISTENT,CONFLICT,CONFLICT,0.9,1,"[{""conflict_type"": ""TEMPORAL_CONFLICT"", ""severity"": ""MEDIUM"", ""evidence_sources"": [""ORDER"", ""WAREHOUSE""], ""interpretation"": ""Timeline inversion: ORDER (2026-08-23T17:20:00) occurred after WAREHOUSE (2026-08-23T16:50:00).""}]"
CASE-000985,CONFLICT,TEMPORAL_CONFLICT,CONSISTENT,CONSISTENT,CONFLICT,CONFLICT,0.9,1,"[{""conflict_type"": ""TEMPORAL_CONFLICT"", ""severity"": ""MEDIUM"", ""evidence_sources"": [""ORDER"", ""WAREHOUSE""], ""interpretation"": ""Timeline inversion: ORDER (2026-08-27T07:11:00) occurred after WAREHOUSE (2026-08-27T06:41:00).""}]"
CASE-000986,CONFLICT,VARIANT_CONFLICT,CONSISTENT,CONSISTENT,CONSISTENT,CONFLICT,0.9,1,"[{""conflict_type"": ""VARIANT_CONFLICT"", ""severity"": ""HIGH"", ""evidence_sources"": [""ORDER"", ""WAREHOUSE"", ""RETURN""], ""interpretation"": ""Size variant mismatch across sources: {'ORDER': 'XL', 'WAREHOUSE': 'M', 'RETURN': 'M'}""}]"
CASE-000987,CONFLICT,VARIANT_CONFLICT,CONSISTENT,CONSISTENT,CONSISTENT,CONFLICT,0.9,1,"[{""conflict_type"": ""VARIANT_CONFLICT"", ""severity"": ""HIGH"", ""evidence_sources"": [""ORDER"", ""WAREHOUSE"", ""RETURN""], ""interpretation"": ""Size variant mismatch across sources: {'ORDER': 'XL', 'WAREHOUSE': 'M', 'RETURN': 'M'}""}]"
CASE-000988,CONFLICT,VARIANT_CONFLICT,CONSISTENT,CONSISTENT,CONSISTENT,CONFLICT,0.9,1,"[{""conflict_type"": ""VARIANT_CONFLICT"", ""severity"": ""HIGH"", ""evidence_sources"": [""ORDER"", ""WAREHOUSE"", ""RETURN""], ""interpretation"": ""Size variant mismatch across sources: {'ORDER': 'XL', 'WAREHOUSE': 'M', 'RETURN': 'M'}""}]"
CASE-000989,CONFLICT,VARIANT_CONFLICT,CONSISTENT,CONSISTENT,CONSISTENT,CONFLICT,0.9,1,"[{""conflict_type"": ""VARIANT_CONFLICT"", ""severity"": ""HIGH"", ""evidence_sources"": [""ORDER"", ""WAREHOUSE"", ""RETURN""], ""interpretation"": ""Size variant mismatch across sources: {'ORDER': 'XL', 'WAREHOUSE': 'M', 'RETURN': 'M'}""}]"
CASE-000990,CONFLICT,VARIANT_CONFLICT,CONSISTENT,CONSISTENT,CONSISTENT,CONFLICT,0.9,1,"[{""conflict_type"": ""VARIANT_CONFLICT"", ""severity"": ""HIGH"", ""evidence_sources"": [""ORDER"", ""WAREHOUSE"", ""RETURN""], ""interpretation"": ""Size variant mismatch across sources: {'ORDER': 'XL', 'WAREHOUSE': 'M', 'RETURN': 'M'}""}]"
CASE-000991,CONFLICT,VARIANT_CONFLICT,CONSISTENT,CONSISTENT,CONSISTENT,CONFLICT,0.9,1,"[{""conflict_type"": ""VARIANT_CONFLICT"", ""severity"": ""HIGH"", ""evidence_sources"": [""ORDER"", ""WAREHOUSE"", ""RETURN""], ""interpretation"": ""Size variant mismatch across sources: {'ORDER': 'XL', 'WAREHOUSE': 'M', 'RETURN': 'M'}""}]"
CASE-000992,CONFLICT,VARIANT_CONFLICT,CONSISTENT,CONSISTENT,CONSISTENT,CONFLICT,0.9,1,"[{""conflict_type"": ""VARIANT_CONFLICT"", ""severity"": ""HIGH"", ""evidence_sources"": [""ORDER"", ""WAREHOUSE"", ""RETURN""], ""interpretation"": ""Size variant mismatch across sources: {'ORDER': 'XL', 'WAREHOUSE': 'M', 'RETURN': 'M'}""}]"
CASE-000993,CONFLICT,VARIANT_CONFLICT,CONSISTENT,CONSISTENT,CONSISTENT,CONFLICT,0.9,1,"[{""conflict_type"": ""VARIANT_CONFLICT"", ""severity"": ""HIGH"", ""evidence_sources"": [""ORDER"", ""WAREHOUSE"", ""RETURN""], ""interpretation"": ""Size variant mismatch across sources: {'ORDER': 'XL', 'WAREHOUSE': 'M', 'RETURN': 'M'}""}]"
CASE-000994,CONFLICT,VARIANT_CONFLICT,CONSISTENT,CONSISTENT,CONSISTENT,CONFLICT,0.9,1,"[{""conflict_type"": ""VARIANT_CONFLICT"", ""severity"": ""HIGH"", ""evidence_sources"": [""ORDER"", ""WAREHOUSE"", ""RETURN""], ""interpretation"": ""Size variant mismatch across sources: {'ORDER': 'XL', 'WAREHOUSE': 'M', 'RETURN': 'M'}""}]"
CASE-000995,CONFLICT,VARIANT_CONFLICT,CONSISTENT,CONSISTENT,CONSISTENT,CONFLICT,0.9,1,"[{""conflict_type"": ""VARIANT_CONFLICT"", ""severity"": ""HIGH"", ""evidence_sources"": [""ORDER"", ""WAREHOUSE"", ""RETURN""], ""interpretation"": ""Size variant mismatch across sources: {'ORDER': 'XL', 'WAREHOUSE': 'M', 'RETURN': 'M'}""}]"
CASE-000996,INCONCLUSIVE,MISSING_EVIDENCE,CONSISTENT,CONSISTENT,CONSISTENT,INCONCLUSIVE,0.65,1,"[{""conflict_type"": ""MISSING_EVIDENCE"", ""severity"": ""LOW-MEDIUM"", ""evidence_sources"": [""ORDER"", ""RETURN"", ""SELLER""], ""interpretation"": ""Missing critical custody records: CARRIER, WAREHOUSE.""}]"
CASE-000997,INCONCLUSIVE,MISSING_EVIDENCE,CONSISTENT,CONSISTENT,CONSISTENT,INCONCLUSIVE,0.65,1,"[{""conflict_type"": ""MISSING_EVIDENCE"", ""severity"": ""LOW-MEDIUM"", ""evidence_sources"": [""ORDER"", ""RETURN"", ""SELLER""], ""interpretation"": ""Missing critical custody records: CARRIER, WAREHOUSE.""}]"
CASE-000998,INCONCLUSIVE,MISSING_EVIDENCE,CONSISTENT,CONSISTENT,CONSISTENT,INCONCLUSIVE,0.65,1,"[{""conflict_type"": ""MISSING_EVIDENCE"", ""severity"": ""LOW-MEDIUM"", ""evidence_sources"": [""ORDER"", ""RETURN"", ""SELLER""], ""interpretation"": ""Missing critical custody records: CARRIER, WAREHOUSE.""}]"
CASE-000999,INCONCLUSIVE,MISSING_EVIDENCE,CONSISTENT,CONSISTENT,CONSISTENT,INCONCLUSIVE,0.65,1,"[{""conflict_type"": ""MISSING_EVIDENCE"", ""severity"": ""LOW-MEDIUM"", ""evidence_sources"": [""ORDER"", ""RETURN"", ""SELLER""], ""interpretation"": ""Missing critical custody records: CARRIER, WAREHOUSE.""}]"
CASE-001000,INCONCLUSIVE,MISSING_EVIDENCE,CONSISTENT,CONSISTENT,CONSISTENT,INCONCLUSIVE,0.65,1,"[{""conflict_type"": ""MISSING_EVIDENCE"", ""severity"": ""LOW-MEDIUM"", ""evidence_sources"": [""ORDER"", ""RETURN"", ""SELLER""], ""interpretation"": ""Missing critical custody records: CARRIER, WAREHOUSE.""}]"
