Complaint_ID,Platform,Company,Product_Category,Date,Complaint_Title,Complaint_Text,Complaint_URL,Complaint_Type,Severity,Stakeholder,TriNetra_Module,Language,Country,Likes,Replies,Shares
CMP_00001,X (Twitter),Ajio,Footwear,"Sun, 01 Feb 2026",Ajio wrong footwear size delivered and delivery agent dispute (Ajio),Ordered Adidas sneakers on Ajio. Delivered wrong shoe size. Return pickup agent refused to accept parcel claiming box damage created by courier. Requesting refund or replacement immediately. Order #20001.,https://x.com/user_1/status/1780000000001,Pickup Failure,Medium,Customer,Case Timeline; Marketplace Dashboard,en,India,142,11,8
CMP_00002,Instagram,Amazon,Apparel/Clothing,"Thu, 29 Jan 2026",Amazon seller sent fake counterfeit running shoes refund delayed (Amazon),Bought Nike sneakers from an Amazon seller. Received fake counterfeit shoes with poor sole stitching and cheap rubber scent. Returned item 10 days ago but refund is delayed. Escalated to consumer court forum. Ticket #50002.,https://www.instagram.com/p/C500002/,Counterfeit Product,Critical,Customer,Evidence Collection; Evidence Consistency; Marketplace Dashboard,en,India,56,35,0
CMP_00003,X (Twitter),Meesho,Apparel/Clothing,"Wed, 21 Jan 2026",Meesho seller delivered used stained clothes instead of new saree (Meesho),Ordered a brand new designer saree on Meesho but received used stained clothes with torn stitching. Customer support refused to issue refund. Requesting refund or replacement immediately. Order #20003.,https://x.com/user_3/status/1780000000003,Used Product,High,Customer,Evidence Collection; Evidence Consistency; Marketplace Dashboard,en,India,104,24,14
CMP_00004,Reddit,Ajio,Apparel/Clothing,"Sat, 03 Jan 2026",Ajio wrong size clothing received and pickup failed twice (Ajio),Received wrong size jeans from Ajio instead of Medium size ordered. Raised return request but pickup agent failed to arrive twice and return window is expiring. Complaint registered. Disappointed with the service quality.,https://www.reddit.com/r/AjioIn/comments/c00005/complaint/,Pickup Failure,Medium,Customer,Case Timeline; Marketplace Dashboard,en,India,143,15,0
CMP_00005,Instagram,Myntra,Footwear,"Fri, 02 Jan 2026",Myntra delivered used scuffed leather shoes as new product (Myntra),"Bought formal leather shoes on Myntra sale. Delivered pair had scuffed soles and open box seal, clearly a used product sent as new. Return requested. Case ID #80006. Terrible experience with Myntra customer support.",https://www.instagram.com/p/C500006/,Used Product,High,Customer,Evidence Collection; Evidence Consistency; Marketplace Dashboard,en,India,20,4,0
CMP_00006,X (Twitter),Meesho,Footwear,"Sun, 04 Jan 2026",Meesho seller sent wrong footwear item empty box scam (Meesho),"Ordered sports shoes on Meesho. Package arrived light, and inside was empty box with old newspaper. Customer care not helping with refund. Order reference #100007. Please help resolve this issue urgently.",https://x.com/user_7/status/1780000000007,Empty Box Delivery,Critical,Customer,Evidence Collection; Evidence Consistency; Marketplace Dashboard,en,India,86,5,7
CMP_00007,LinkedIn,Ajio,Footwear,"Mon, 02 Feb 2026",Ajio wrong footwear size delivered and delivery agent dispute (Ajio),Ordered Adidas sneakers on Ajio. Delivered wrong shoe size. Return pickup agent refused to accept parcel claiming box damage created by courier. Requesting refund or replacement immediately. Order #20008.,https://www.linkedin.com/posts/user_8_complaint_activity_7180000008,Pickup Failure,Medium,Customer,Case Timeline; Marketplace Dashboard,en,India,56,35,0
CMP_00008,X (Twitter),Amazon,Apparel/Clothing,"Sat, 07 Feb 2026",Amazon seller sent fake counterfeit running shoes refund delayed (Amazon),Bought Nike sneakers from an Amazon seller. Received fake counterfeit shoes with poor sole stitching and cheap rubber scent. Returned item 10 days ago but refund is delayed. Requesting refund or replacement immediately. Order #20009.,https://x.com/user_9/status/1780000000009,Counterfeit Product,Critical,Customer,Evidence Collection; Evidence Consistency; Marketplace Dashboard,en,India,123,16,15
CMP_00009,Facebook,Nykaa,Apparel/Clothing,"Thu, 08 Jan 2026",Nykaa Fashion wrong fit dress received and replacement denied (Nykaa),Bought a nightwear set on Nykaa Fashion. The item received had incorrect size tag and defective fabric. Nykaa support rejected my replacement request. Case ID #80010. Terrible experience with Nykaa customer support.,https://www.facebook.com/groups/consumercomplaints/posts/8800010/,Replacement Rejected,High,Customer,Adaptive Verification; Explainability; Marketplace Dashboard,en,India,26,28,11
CMP_00010,Facebook,Flipkart,Apparel/Clothing,"Sat, 31 Jan 2026",Flipkart sent counterfeit branded t-shirt with defective stitching (Flipkart),Ordered a Levi's denim jacket on Flipkart sale. Received cheap counterfeit duplicate product with loose stitching and wrong tag. Seller fraud! Order date: 12 Jan 2026. Seeking immediate resolution.,https://www.facebook.com/groups/consumercomplaints/posts/8800011/,Counterfeit Product,Critical,Customer,Evidence Collection; Evidence Consistency; Marketplace Dashboard,en,India,15,7,1
CMP_00011,Facebook,Ajio,Other/Unspecified,"Fri, 23 Jan 2026",Ajio open box delivery damaged product received (Ajio),Received damaged home decor item from Ajio. Outer box was torn. Customer care refused replacement citing return window expired. Requesting refund or replacement immediately. Order #20012.,https://www.facebook.com/groups/consumercomplaints/posts/8800012/,Policy Issue,Medium,Customer,Adaptive Verification; Explainability; Marketplace Dashboard,en,India,29,16,6
CMP_00012,X (Twitter),Nykaa,Footwear,"Fri, 30 Jan 2026",Nykaa Fashion damaged heels delivered refund rejected (Nykaa),Ordered party heels on Nykaa Fashion. Arrived broken with detached heel. Customer care rejected return claim saying damage occurred post delivery. Escalated to consumer court forum. Ticket #50013.,https://x.com/user_13/status/1780000000013,Damaged Product,High,Customer,Evidence Collection; Evidence Consistency; Marketplace Dashboard,en,India,37,28,5
CMP_00013,LinkedIn,Amazon,Other/Unspecified,"Sat, 17 Jan 2026",Amazon seller COD scam open box delivery fraud (Amazon),"Delivery boy demanded cash for open box delivery. Box had broken item inside, delivery agent ran away with cash. Consumer court complaint raised. Order date: 15 Jan 2026. Seeking immediate resolution.",https://www.linkedin.com/posts/user_14_complaint_activity_7180000014,COD Scam,Critical,Customer,Trust Score; Marketplace Dashboard,en,India,21,29,0
CMP_00014,Instagram,Ajio,Other/Unspecified,"Mon, 05 Jan 2026",Ajio open box delivery damaged product received (Ajio),Received damaged home decor item from Ajio. Outer box was torn. Customer care refused replacement citing return window expired. Order reference #100015. Please help resolve this issue urgently.,https://www.instagram.com/p/C500015/,Policy Issue,Medium,Customer,Adaptive Verification; Explainability; Marketplace Dashboard,en,India,140,1,0
CMP_00015,Reddit,Meesho,Footwear,"Mon, 12 Jan 2026",Meesho seller sent wrong footwear item empty box scam (Meesho),"Ordered sports shoes on Meesho. Package arrived light, and inside was empty box with old newspaper. Customer care not helping with refund. Case ID #80016. Terrible experience with Meesho customer support.",https://www.reddit.com/r/MeeshoIn/comments/c00016/complaint/,Empty Box Delivery,Critical,Customer,Evidence Collection; Evidence Consistency; Marketplace Dashboard,en,India,106,32,0
CMP_00016,Facebook,Flipkart,Beauty/Personal Care,"Tue, 27 Jan 2026",Flipkart damaged perfume bottle leaked in packaging (Flipkart),Perfume ordered on Flipkart arrived shattered with liquid leaked inside packaging box. Customer care claiming non-returnable item policy. Case ID #80017. Terrible experience with Flipkart customer support.,https://www.facebook.com/groups/consumercomplaints/posts/8800017/,Damaged Product,High,Customer,Evidence Collection; Evidence Consistency; Marketplace Dashboard,en,India,17,11,12
CMP_00017,Reddit,Amazon,Apparel/Clothing,"Sun, 18 Jan 2026",Amazon fashion wrong garment delivered and refund delayed (Amazon),"Bought a cotton dress on Amazon Fashion, but received a completely different synthetic top. Returned the package 12 days ago but refund is still pending. Order date: 19 Jan 2026. Seeking immediate resolution.",https://www.reddit.com/r/AmazonIn/comments/c00018/complaint/,Refund Delay,High,Customer,Case Timeline; Marketplace Dashboard,en,India,118,19,0
CMP_00018,Facebook,Flipkart,Electronics,"Tue, 17 Feb 2026",Flipkart delivered empty box instead of smartphone (Flipkart),"Ordered a mobile phone on Flipkart during sale. Delivery agent handed over parcel, but inside box was completely empty with soap bar inside. Customer support refused refund. Requesting refund or replacement immediately. Order #20019.",https://www.facebook.com/groups/consumercomplaints/posts/8800019/,Empty Box Delivery,Critical,Customer,Evidence Collection; Evidence Consistency; Marketplace Dashboard,en,India,144,32,4
CMP_00019,X (Twitter),Myntra,Footwear,"Thu, 15 Jan 2026",Myntra delivered used scuffed leather shoes as new product (Myntra),"Bought formal leather shoes on Myntra sale. Delivered pair had scuffed soles and open box seal, clearly a used product sent as new. Return requested. Complaint registered. Disappointed with the service quality.",https://x.com/user_20/status/1780000000020,Used Product,High,Customer,Evidence Collection; Evidence Consistency; Marketplace Dashboard,en,India,16,38,1
CMP_00020,LinkedIn,Nykaa,Apparel/Clothing,"Mon, 05 Jan 2026",Nykaa Fashion wrong fit dress received and replacement denied (Nykaa),Bought a nightwear set on Nykaa Fashion. The item received had incorrect size tag and defective fabric. Nykaa support rejected my replacement request. Order reference #100021. Please help resolve this issue urgently.,https://www.linkedin.com/posts/user_21_complaint_activity_7180000021,Replacement Rejected,High,Customer,Adaptive Verification; Explainability; Marketplace Dashboard,en,India,124,33,0
CMP_00021,Instagram,Nykaa,Apparel/Clothing,"Mon, 05 Jan 2026",Nykaa Fashion wrong fit dress received and replacement denied (Nykaa),Bought a nightwear set on Nykaa Fashion. The item received had incorrect size tag and defective fabric. Nykaa support rejected my replacement request. Case ID #80022. Terrible experience with Nykaa customer support.,https://www.instagram.com/p/C500022/,Replacement Rejected,High,Customer,Adaptive Verification; Explainability; Marketplace Dashboard,en,India,132,6,0
CMP_00022,X (Twitter),Amazon,Apparel/Clothing,"Mon, 09 Feb 2026",Amazon fashion wrong garment delivered and refund delayed (Amazon),"Bought a cotton dress on Amazon Fashion, but received a completely different synthetic top. Returned the package 12 days ago but refund is still pending. Order reference #100023. Please help resolve this issue urgently.",https://x.com/user_23/status/1780000000023,Refund Delay,High,Customer,Case Timeline; Marketplace Dashboard,en,India,19,16,12
CMP_00023,Reddit,Myntra,Apparel/Clothing,"Sat, 17 Jan 2026",Wrong size dress delivered and return rejected by Myntra (Myntra),"I ordered an XL size kurta from Myntra, but received a damaged small size dress. When I applied for return, Myntra rejected my return request stating quality check failed. Escalated to consumer court forum. Ticket #50024.",https://www.reddit.com/r/MyntraIn/comments/c00024/complaint/,Return Rejected,High,Customer,Adaptive Verification; Explainability; Marketplace Dashboard,en,India,12,6,0
CMP_00024,Facebook,Myntra,Apparel/Clothing,"Sun, 08 Feb 2026",Wrong size dress delivered and return rejected by Myntra (Myntra),"I ordered an XL size kurta from Myntra, but received a damaged small size dress. When I applied for return, Myntra rejected my return request stating quality check failed. Requesting refund or replacement immediately. Order #20025.",https://www.facebook.com/groups/consumercomplaints/posts/8800025/,Return Rejected,High,Customer,Adaptive Verification; Explainability; Marketplace Dashboard,en,India,135,21,8
CMP_00025,X (Twitter),D2C Brand,Apparel/Clothing,"Mon, 16 Feb 2026",D2C clothing brand refund not received after return pickup (D2C Brand),Returned a defective dress to D2C fashion store over 2 weeks ago. Pickup was completed but refund not received in bank account. Complete scam! Requesting refund or replacement immediately. Order #20026.,https://x.com/user_26/status/1780000000026,Refund Delay,High,Customer,Case Timeline; Marketplace Dashboard,en,India,82,16,8
CMP_00026,Facebook,Nykaa,Apparel/Clothing,"Fri, 13 Feb 2026",Nykaa Fashion wrong fit dress received and replacement denied (Nykaa),Bought a nightwear set on Nykaa Fashion. The item received had incorrect size tag and defective fabric. Nykaa support rejected my replacement request. Case ID #80027. Terrible experience with Nykaa customer support.,https://www.facebook.com/groups/consumercomplaints/posts/8800027/,Replacement Rejected,High,Customer,Adaptive Verification; Explainability; Marketplace Dashboard,en,India,78,30,10
CMP_00027,Reddit,Ajio,Footwear,"Sat, 31 Jan 2026",Ajio wrong footwear size delivered and delivery agent dispute (Ajio),Ordered Adidas sneakers on Ajio. Delivered wrong shoe size. Return pickup agent refused to accept parcel claiming box damage created by courier. Order reference #100028. Please help resolve this issue urgently.,https://www.reddit.com/r/AjioIn/comments/c00028/complaint/,Pickup Failure,Medium,Customer,Case Timeline; Marketplace Dashboard,en,India,27,5,0
CMP_00028,Instagram,Shopify,Apparel/Clothing,"Tue, 03 Feb 2026",D2C apparel store seller fraud wrong size delivered no response (Shopify),Ordered an ethnic dress from a Shopify D2C clothing brand. Received wrong fit clothing with stitching defects. Seller is not answering emails or calls. Case ID #80029. Terrible experience with Shopify customer support.,https://www.instagram.com/p/C500029/,Seller Fraud,Critical,Customer,Trust Score; Marketplace Dashboard,en,India,69,9,0
CMP_00029,LinkedIn,Nykaa,Footwear,"Sat, 17 Jan 2026",Nykaa Fashion damaged heels delivered refund rejected (Nykaa),Ordered party heels on Nykaa Fashion. Arrived broken with detached heel. Customer care rejected return claim saying damage occurred post delivery. Order reference #100030. Please help resolve this issue urgently.,https://www.linkedin.com/posts/user_30_complaint_activity_7180000030,Damaged Product,High,Customer,Evidence Collection; Evidence Consistency; Marketplace Dashboard,en,India,96,19,0
CMP_00030,Instagram,Meesho,Apparel/Clothing,"Fri, 13 Feb 2026",Meesho seller delivered used stained clothes instead of new saree (Meesho),Ordered a brand new designer saree on Meesho but received used stained clothes with torn stitching. Customer support refused to issue refund. Complaint registered. Disappointed with the service quality.,https://www.instagram.com/p/C500032/,Used Product,High,Customer,Evidence Collection; Evidence Consistency; Marketplace Dashboard,en,India,28,9,0
CMP_00031,LinkedIn,Nykaa,Footwear,"Thu, 08 Jan 2026",Nykaa Fashion damaged heels delivered refund rejected (Nykaa),Ordered party heels on Nykaa Fashion. Arrived broken with detached heel. Customer care rejected return claim saying damage occurred post delivery. Order reference #100033. Please help resolve this issue urgently.,https://www.linkedin.com/posts/user_33_complaint_activity_7180000033,Damaged Product,High,Customer,Evidence Collection; Evidence Consistency; Marketplace Dashboard,en,India,143,10,0
CMP_00032,LinkedIn,Snapdeal,Electronics,"Mon, 09 Feb 2026",Snapdeal warehouse issue refund pending for 1 month (Snapdeal),Returned defective kitchen appliance to Snapdeal warehouse a month ago. Refund not processed despite multiple follow ups. Complaint registered. Disappointed with the service quality.,https://www.linkedin.com/posts/user_34_complaint_activity_7180000034,Warehouse Issue,High,Customer,Marketplace Dashboard,en,India,55,22,0
CMP_00033,X (Twitter),Myntra,Apparel/Clothing,"Wed, 11 Feb 2026",Wrong size dress delivered and return rejected by Myntra (Myntra),"I ordered an XL size kurta from Myntra, but received a damaged small size dress. When I applied for return, Myntra rejected my return request stating quality check failed. Requesting refund or replacement immediately. Order #20035.",https://x.com/user_35/status/1780000000035,Return Rejected,High,Customer,Adaptive Verification; Explainability; Marketplace Dashboard,en,India,69,33,15
CMP_00034,LinkedIn,Amazon,Apparel/Clothing,"Wed, 07 Jan 2026",Amazon fashion wrong garment delivered and refund delayed (Amazon),"Bought a cotton dress on Amazon Fashion, but received a completely different synthetic top. Returned the package 12 days ago but refund is still pending. Order reference #100036. Please help resolve this issue urgently.",https://www.linkedin.com/posts/user_36_complaint_activity_7180000036,Refund Delay,High,Customer,Case Timeline; Marketplace Dashboard,en,India,110,18,0
CMP_00035,Reddit,Meesho,Home/Kitchen,"Fri, 23 Jan 2026",Meesho return rejected for kitchen utensil order (Meesho),Ordered non-stick pan on Meesho. Item was cracked. Meesho seller rejected return request claiming customer damage. Unfair policy. Order reference #100037. Please help resolve this issue urgently.,https://www.reddit.com/r/MeeshoIn/comments/c00037/complaint/,Return Rejected,High,Customer,Adaptive Verification; Explainability; Marketplace Dashboard,en,India,35,17,0
CMP_00036,X (Twitter),Shopify,Other/Unspecified,"Fri, 30 Jan 2026",D2C electronics store fake seller non delivery fraud (Shopify),Paid via UPI for smartwatch on a Shopify store. Item was marked delivered but lost package in transit. Seller deleted website. Requesting refund or replacement immediately. Order #20038.,https://x.com/user_38/status/1780000000038,Lost Package,Critical,Customer,Case Timeline; Marketplace Dashboard,en,India,143,28,0
CMP_00037,Reddit,Amazon,Apparel/Clothing,"Sun, 15 Feb 2026",Amazon seller sent fake counterfeit running shoes refund delayed (Amazon),Bought Nike sneakers from an Amazon seller. Received fake counterfeit shoes with poor sole stitching and cheap rubber scent. Returned item 10 days ago but refund is delayed. Order reference #100039. Please help resolve this issue urgently.,https://www.reddit.com/r/AmazonIn/comments/c00039/complaint/,Counterfeit Product,Critical,Customer,Evidence Collection; Evidence Consistency; Marketplace Dashboard,en,India,40,35,0
CMP_00038,Instagram,Amazon,Apparel/Clothing,"Sun, 11 Jan 2026",Amazon seller sent fake counterfeit running shoes refund delayed (Amazon),Bought Nike sneakers from an Amazon seller. Received fake counterfeit shoes with poor sole stitching and cheap rubber scent. Returned item 10 days ago but refund is delayed. Escalated to consumer court forum. Ticket #50040.,https://www.instagram.com/p/C500040/,Counterfeit Product,Critical,Customer,Evidence Collection; Evidence Consistency; Marketplace Dashboard,en,India,112,9,0
CMP_00039,Reddit,Meesho,Footwear,"Sun, 25 Jan 2026",Meesho seller sent wrong footwear item empty box scam (Meesho),"Ordered sports shoes on Meesho. Package arrived light, and inside was empty box with old newspaper. Customer care not helping with refund. Complaint registered. Disappointed with the service quality.",https://www.reddit.com/r/MeeshoIn/comments/c00041/complaint/,Empty Box Delivery,Critical,Customer,Evidence Collection; Evidence Consistency; Marketplace Dashboard,en,India,12,23,0
CMP_00040,X (Twitter),Flipkart,Apparel/Clothing,"Sat, 17 Jan 2026",Flipkart sent counterfeit branded t-shirt with defective stitching (Flipkart),Ordered a Levi's denim jacket on Flipkart sale. Received cheap counterfeit duplicate product with loose stitching and wrong tag. Seller fraud! Requesting refund or replacement immediately. Order #20042.,https://x.com/user_42/status/1780000000042,Counterfeit Product,Critical,Customer,Evidence Collection; Evidence Consistency; Marketplace Dashboard,en,India,28,23,13
CMP_00041,Instagram,Shopify,Apparel/Clothing,"Sun, 11 Jan 2026",D2C apparel store seller fraud wrong size delivered no response (Shopify),Ordered an ethnic dress from a Shopify D2C clothing brand. Received wrong fit clothing with stitching defects. Seller is not answering emails or calls. Requesting refund or replacement immediately. Order #20043.,https://www.instagram.com/p/C500043/,Seller Fraud,Critical,Customer,Trust Score; Marketplace Dashboard,en,India,62,11,0
CMP_00042,X (Twitter),Myntra,Electronics,"Sat, 03 Jan 2026",Myntra customer support unresponsive for delayed parcel (Myntra),Parcel delayed by 10 days. No response from Myntra chat support or phone helpline. Package lost in fulfillment center warehouse. Order date: 14 Feb 2026. Seeking immediate resolution.,https://x.com/user_44/status/1780000000044,Customer Support,Medium,Customer,Human Review; Marketplace Dashboard,en,India,47,22,13
CMP_00043,X (Twitter),JioMart,Electronics,"Thu, 08 Jan 2026",JioMart seller fraud fake wireless earphone delivered (JioMart),Bought Bluetooth earphones on JioMart. Received counterfeit unbranded duplicate earphone that stopped working in 1 hour. Seller fraud! Requesting refund or replacement immediately. Order #20045.,https://x.com/user_45/status/1780000000045,Counterfeit Product,Critical,Customer,Evidence Collection; Evidence Consistency; Marketplace Dashboard,en,India,99,3,15
CMP_00044,X (Twitter),Amazon,Apparel/Clothing,"Sat, 31 Jan 2026",Amazon fashion wrong garment delivered and refund delayed (Amazon),"Bought a cotton dress on Amazon Fashion, but received a completely different synthetic top. Returned the package 12 days ago but refund is still pending. Case ID #80046. Terrible experience with Amazon customer support.",https://x.com/user_46/status/1780000000046,Refund Delay,High,Customer,Case Timeline; Marketplace Dashboard,en,India,91,20,7
CMP_00045,X (Twitter),Nykaa,Beauty/Personal Care,"Fri, 13 Feb 2026",Nykaa fake counterfeit lipstick delivered expired product (Nykaa),Bought MAC lipstick on Nykaa sale. Received fake counterfeit product with chemical odor and broken seal. Return rejected by customer care. Order reference #100047. Please help resolve this issue urgently.,https://x.com/user_47/status/1780000000047,Counterfeit Product,Critical,Customer,Evidence Collection; Evidence Consistency; Marketplace Dashboard,en,India,51,26,10
CMP_00046,LinkedIn,Ajio,Footwear,"Fri, 20 Feb 2026",Ajio wrong footwear size delivered and delivery agent dispute (Ajio),Ordered Adidas sneakers on Ajio. Delivered wrong shoe size. Return pickup agent refused to accept parcel claiming box damage created by courier. Order reference #100048. Please help resolve this issue urgently.,https://www.linkedin.com/posts/user_48_complaint_activity_7180000048,Pickup Failure,Medium,Customer,Case Timeline; Marketplace Dashboard,en,India,73,23,0
CMP_00047,Instagram,Myntra,Apparel/Clothing,"Sat, 14 Feb 2026",Wrong size dress delivered and return rejected by Myntra (Myntra),"I ordered an XL size kurta from Myntra, but received a damaged small size dress. When I applied for return, Myntra rejected my return request stating quality check failed. Order date: 19 Feb 2026. Seeking immediate resolution.",https://www.instagram.com/p/C500049/,Return Rejected,High,Customer,Adaptive Verification; Explainability; Marketplace Dashboard,en,India,139,22,0
CMP_00048,Reddit,Amazon,Other/Unspecified,"Sun, 18 Jan 2026",Amazon seller COD scam open box delivery fraud (Amazon),"Delivery boy demanded cash for open box delivery. Box had broken item inside, delivery agent ran away with cash. Consumer court complaint raised. Order reference #100050. Please help resolve this issue urgently.",https://www.reddit.com/r/AmazonIn/comments/c00050/complaint/,COD Scam,Critical,Customer,Trust Score; Marketplace Dashboard,en,India,47,38,0
CMP_00049,LinkedIn,Myntra,Apparel/Clothing,"Thu, 08 Jan 2026",Wrong size dress delivered and return rejected by Myntra (Myntra),"I ordered an XL size kurta from Myntra, but received a damaged small size dress. When I applied for return, Myntra rejected my return request stating quality check failed. Order reference #100051. Please help resolve this issue urgently.",https://www.linkedin.com/posts/user_51_complaint_activity_7180000051,Return Rejected,High,Customer,Adaptive Verification; Explainability; Marketplace Dashboard,en,India,113,23,0
CMP_00050,LinkedIn,Nykaa,Beauty/Personal Care,"Mon, 09 Feb 2026",Nykaa fake counterfeit lipstick delivered expired product (Nykaa),Bought MAC lipstick on Nykaa sale. Received fake counterfeit product with chemical odor and broken seal. Return rejected by customer care. Order date: 03 Jan 2026. Seeking immediate resolution.,https://www.linkedin.com/posts/user_52_complaint_activity_7180000052,Counterfeit Product,Critical,Customer,Evidence Collection; Evidence Consistency; Marketplace Dashboard,en,India,132,8,0
CMP_00051,Facebook,Nykaa,Apparel/Clothing,"Wed, 14 Jan 2026",Nykaa Fashion wrong fit dress received and replacement denied (Nykaa),Bought a nightwear set on Nykaa Fashion. The item received had incorrect size tag and defective fabric. Nykaa support rejected my replacement request. Escalated to consumer court forum. Ticket #50053.,https://www.facebook.com/groups/consumercomplaints/posts/8800053/,Replacement Rejected,High,Customer,Adaptive Verification; Explainability; Marketplace Dashboard,en,India,67,3,13
CMP_00052,Reddit,Nykaa,Footwear,"Thu, 05 Feb 2026",Nykaa Fashion damaged heels delivered refund rejected (Nykaa),Ordered party heels on Nykaa Fashion. Arrived broken with detached heel. Customer care rejected return claim saying damage occurred post delivery. Escalated to consumer court forum. Ticket #50054.,https://www.reddit.com/r/NykaaIn/comments/c00054/complaint/,Damaged Product,High,Customer,Evidence Collection; Evidence Consistency; Marketplace Dashboard,en,India,52,24,0
CMP_00053,Facebook,Ajio,Other/Unspecified,"Fri, 13 Feb 2026",Ajio open box delivery damaged product received (Ajio),Received damaged home decor item from Ajio. Outer box was torn. Customer care refused replacement citing return window expired. Order reference #100055. Please help resolve this issue urgently.,https://www.facebook.com/groups/consumercomplaints/posts/8800055/,Policy Issue,Medium,Customer,Adaptive Verification; Explainability; Marketplace Dashboard,en,India,86,21,3
CMP_00054,LinkedIn,Amazon,Beauty/Personal Care,"Wed, 21 Jan 2026",Amazon skincare cream missing item from combo order (Amazon),Ordered face wash and lotion combo on Amazon. Delivery was missing lotion bottle. Amazon support bot refused to issue partial refund. Escalated to consumer court forum. Ticket #50056.,https://www.linkedin.com/posts/user_56_complaint_activity_7180000056,Missing Items,Medium,Customer,Evidence Collection; Evidence Consistency; Marketplace Dashboard,en,India,106,21,0
CMP_00055,Facebook,Shopify,Other/Unspecified,"Tue, 20 Jan 2026",D2C electronics store fake seller non delivery fraud (Shopify),Paid via UPI for smartwatch on a Shopify store. Item was marked delivered but lost package in transit. Seller deleted website. Requesting refund or replacement immediately. Order #20057.,https://www.facebook.com/groups/consumercomplaints/posts/8800057/,Lost Package,Critical,Customer,Case Timeline; Marketplace Dashboard,en,India,143,9,6
CMP_00056,Facebook,Shopify,Apparel/Clothing,"Mon, 26 Jan 2026",D2C apparel store seller fraud wrong size delivered no response (Shopify),Ordered an ethnic dress from a Shopify D2C clothing brand. Received wrong fit clothing with stitching defects. Seller is not answering emails or calls. Requesting refund or replacement immediately. Order #20058.,https://www.facebook.com/groups/consumercomplaints/posts/8800058/,Seller Fraud,Critical,Customer,Trust Score; Marketplace Dashboard,en,India,46,37,9
CMP_00057,Facebook,Amazon,Apparel/Clothing,"Fri, 02 Jan 2026",Amazon seller sent fake counterfeit running shoes refund delayed (Amazon),Bought Nike sneakers from an Amazon seller. Received fake counterfeit shoes with poor sole stitching and cheap rubber scent. Returned item 10 days ago but refund is delayed. Escalated to consumer court forum. Ticket #50059.,https://www.facebook.com/groups/consumercomplaints/posts/8800059/,Counterfeit Product,Critical,Customer,Evidence Collection; Evidence Consistency; Marketplace Dashboard,en,India,79,19,6
CMP_00058,Facebook,Flipkart,Footwear,"Mon, 09 Feb 2026",Flipkart wrong shoe size delivered and replacement rejected (Flipkart),Ordered Puma running shoes size 9 on Flipkart. Delivered size 7. Applied for replacement but Flipkart rejected stating item is non-returnable. Escalated to consumer court forum. Ticket #50060.,https://www.facebook.com/groups/consumercomplaints/posts/8800060/,Replacement Rejected,High,Customer,Adaptive Verification; Explainability; Marketplace Dashboard,en,India,84,30,14
CMP_00059,Facebook,Amazon,Beauty/Personal Care,"Thu, 15 Jan 2026",Amazon skincare cream missing item from combo order (Amazon),Ordered face wash and lotion combo on Amazon. Delivery was missing lotion bottle. Amazon support bot refused to issue partial refund. Requesting refund or replacement immediately. Order #20061.,https://www.facebook.com/groups/consumercomplaints/posts/8800061/,Missing Items,Medium,Customer,Evidence Collection; Evidence Consistency; Marketplace Dashboard,en,India,132,31,5
CMP_00060,Instagram,Flipkart,Apparel/Clothing,"Wed, 11 Feb 2026",Flipkart sent counterfeit branded t-shirt with defective stitching (Flipkart),Ordered a Levi's denim jacket on Flipkart sale. Received cheap counterfeit duplicate product with loose stitching and wrong tag. Seller fraud! Requesting refund or replacement immediately. Order #20062.,https://www.instagram.com/p/C500062/,Counterfeit Product,Critical,Customer,Evidence Collection; Evidence Consistency; Marketplace Dashboard,en,India,87,6,0
CMP_00061,X (Twitter),Nykaa,Footwear,"Wed, 21 Jan 2026",Nykaa Fashion damaged heels delivered refund rejected (Nykaa),Ordered party heels on Nykaa Fashion. Arrived broken with detached heel. Customer care rejected return claim saying damage occurred post delivery. Requesting refund or replacement immediately. Order #20063.,https://x.com/user_63/status/1780000000063,Damaged Product,High,Customer,Evidence Collection; Evidence Consistency; Marketplace Dashboard,en,India,59,13,4
CMP_00062,Reddit,Meesho,Home/Kitchen,"Sat, 17 Jan 2026",Meesho return rejected for kitchen utensil order (Meesho),Ordered non-stick pan on Meesho. Item was cracked. Meesho seller rejected return request claiming customer damage. Unfair policy. Order reference #100064. Please help resolve this issue urgently.,https://www.reddit.com/r/MeeshoIn/comments/c00064/complaint/,Return Rejected,High,Customer,Adaptive Verification; Explainability; Marketplace Dashboard,en,India,123,5,0
CMP_00063,Facebook,Flipkart,Electronics,"Wed, 11 Feb 2026",Flipkart delivered empty box instead of smartphone (Flipkart),"Ordered a mobile phone on Flipkart during sale. Delivery agent handed over parcel, but inside box was completely empty with soap bar inside. Customer support refused refund. Order date: 16 Jan 2026. Seeking immediate resolution.",https://www.facebook.com/groups/consumercomplaints/posts/8800065/,Empty Box Delivery,Critical,Customer,Evidence Collection; Evidence Consistency; Marketplace Dashboard,en,India,51,25,15
CMP_00064,Facebook,JioMart,Apparel/Clothing,"Sun, 11 Jan 2026",JioMart delivered torn shirt with missing accessories (JioMart),Ordered formal shirt set on JioMart. Received torn fabric item with missing buttons. Customer support bot keeps repeating standard automated responses. Case ID #80066. Terrible experience with JioMart customer support.,https://www.facebook.com/groups/consumercomplaints/posts/8800066/,Damaged Product,Medium,Customer,Evidence Collection; Evidence Consistency; Marketplace Dashboard,en,India,3,7,13
CMP_00065,X (Twitter),Ajio,Apparel/Clothing,"Sun, 15 Feb 2026",Ajio wrong size clothing received and pickup failed twice (Ajio),Received wrong size jeans from Ajio instead of Medium size ordered. Raised return request but pickup agent failed to arrive twice and return window is expiring. Case ID #80067. Terrible experience with Ajio customer support.,https://x.com/user_67/status/1780000000067,Pickup Failure,Medium,Customer,Case Timeline; Marketplace Dashboard,en,India,134,30,1
CMP_00066,Instagram,JioMart,Other/Unspecified,"Fri, 09 Jan 2026",JioMart grocery item delivery failed lost package (JioMart),Order marked delivered on JioMart app but parcel never arrived. Delivery agent updated fake delivery status. Cyber cell dispute pending. Case ID #80068. Terrible experience with JioMart customer support.,https://www.instagram.com/p/C500068/,Delivery Failure,High,Customer,Case Timeline; Marketplace Dashboard,en,India,118,9,0
CMP_00067,Facebook,Snapdeal,Apparel/Clothing,"Wed, 04 Feb 2026",Snapdeal fake branded shirt delivered wrong size (Snapdeal),Ordered formal trousers on Snapdeal. Received wrong size fake shirt with wrong price tag. Return request marked rejected by seller. Requesting refund or replacement immediately. Order #20069.,https://www.facebook.com/groups/consumercomplaints/posts/8800069/,Wrong Product,High,Customer,Evidence Collection; Evidence Consistency; Marketplace Dashboard,en,India,145,21,14
CMP_00068,Instagram,Nykaa,Footwear,"Tue, 03 Feb 2026",Nykaa Fashion damaged heels delivered refund rejected (Nykaa),Ordered party heels on Nykaa Fashion. Arrived broken with detached heel. Customer care rejected return claim saying damage occurred post delivery. Requesting refund or replacement immediately. Order #20070.,https://www.instagram.com/p/C500070/,Damaged Product,High,Customer,Evidence Collection; Evidence Consistency; Marketplace Dashboard,en,India,111,36,0
CMP_00069,Facebook,Meesho,Footwear,"Wed, 18 Feb 2026",Meesho seller sent wrong footwear item empty box scam (Meesho),"Ordered sports shoes on Meesho. Package arrived light, and inside was empty box with old newspaper. Customer care not helping with refund. Case ID #80071. Terrible experience with Meesho customer support.",https://www.facebook.com/groups/consumercomplaints/posts/8800071/,Empty Box Delivery,Critical,Customer,Evidence Collection; Evidence Consistency; Marketplace Dashboard,en,India,123,29,8
CMP_00070,X (Twitter),Myntra,Footwear,"Mon, 19 Jan 2026",Myntra delivered used scuffed leather shoes as new product (Myntra),"Bought formal leather shoes on Myntra sale. Delivered pair had scuffed soles and open box seal, clearly a used product sent as new. Return requested. Requesting refund or replacement immediately. Order #20072.",https://x.com/user_72/status/1780000000072,Used Product,High,Customer,Evidence Collection; Evidence Consistency; Marketplace Dashboard,en,India,135,32,7
CMP_00071,LinkedIn,Shopify,Apparel/Clothing,"Tue, 06 Jan 2026",D2C apparel store seller fraud wrong size delivered no response (Shopify),Ordered an ethnic dress from a Shopify D2C clothing brand. Received wrong fit clothing with stitching defects. Seller is not answering emails or calls. Order date: 24 Jan 2026. Seeking immediate resolution.,https://www.linkedin.com/posts/user_73_complaint_activity_7180000073,Seller Fraud,Critical,Customer,Trust Score; Marketplace Dashboard,en,India,75,16,0
CMP_00072,LinkedIn,Snapdeal,Electronics,"Thu, 22 Jan 2026",Snapdeal used phone charger delivered with opened seal (Snapdeal),Ordered smartphone charger on Snapdeal. Package seal was torn and charger had scratches. Sent used product instead of brand new. Complaint registered. Disappointed with the service quality.,https://www.linkedin.com/posts/user_74_complaint_activity_7180000074,Used Product,High,Customer,Evidence Collection; Evidence Consistency; Marketplace Dashboard,en,India,140,6,0
CMP_00073,X (Twitter),Myntra,Footwear,"Fri, 16 Jan 2026",Myntra delivered used scuffed leather shoes as new product (Myntra),"Bought formal leather shoes on Myntra sale. Delivered pair had scuffed soles and open box seal, clearly a used product sent as new. Return requested. Case ID #80075. Terrible experience with Myntra customer support.",https://x.com/user_75/status/1780000000075,Used Product,High,Customer,Evidence Collection; Evidence Consistency; Marketplace Dashboard,en,India,100,10,6
CMP_00074,Reddit,Myntra,Electronics,"Wed, 28 Jan 2026",Myntra customer support unresponsive for delayed parcel (Myntra),Parcel delayed by 10 days. No response from Myntra chat support or phone helpline. Package lost in fulfillment center warehouse. Order date: 27 Jan 2026. Seeking immediate resolution.,https://www.reddit.com/r/MyntraIn/comments/c00076/complaint/,Customer Support,Medium,Customer,Human Review; Marketplace Dashboard,en,India,86,35,0
CMP_00075,Facebook,D2C Brand,Apparel/Clothing,"Mon, 05 Jan 2026",D2C clothing brand refund not received after return pickup (D2C Brand),Returned a defective dress to D2C fashion store over 2 weeks ago. Pickup was completed but refund not received in bank account. Complete scam! Order date: 28 Jan 2026. Seeking immediate resolution.,https://www.facebook.com/groups/consumercomplaints/posts/8800077/,Refund Delay,High,Customer,Case Timeline; Marketplace Dashboard,en,India,54,27,12
CMP_00076,Instagram,Myntra,Apparel/Clothing,"Sat, 03 Jan 2026",Wrong size dress delivered and return rejected by Myntra (Myntra),"I ordered an XL size kurta from Myntra, but received a damaged small size dress. When I applied for return, Myntra rejected my return request stating quality check failed. Requesting refund or replacement immediately. Order #20078.",https://www.instagram.com/p/C500078/,Return Rejected,High,Customer,Adaptive Verification; Explainability; Marketplace Dashboard,en,India,99,31,0
CMP_00077,Reddit,Shopify,Accessories,"Wed, 21 Jan 2026",Shopify D2C marketplace fraud wrong item delivered (Shopify),Ordered leather wallet from D2C store. Delivered plastic card holder. Store email bounces back. Pure marketplace scam. Complaint registered. Disappointed with the service quality.,https://www.reddit.com/r/ShopifyIn/comments/c00079/complaint/,Seller Fraud,Critical,Customer,Trust Score; Marketplace Dashboard,en,India,101,27,0
CMP_00078,Instagram,Ajio,Apparel/Clothing,"Wed, 18 Feb 2026",Ajio wrong size clothing received and pickup failed twice (Ajio),Received wrong size jeans from Ajio instead of Medium size ordered. Raised return request but pickup agent failed to arrive twice and return window is expiring. Requesting refund or replacement immediately. Order #20080.,https://www.instagram.com/p/C500080/,Pickup Failure,Medium,Customer,Case Timeline; Marketplace Dashboard,en,India,141,15,0
CMP_00079,Facebook,Meesho,Apparel/Clothing,"Mon, 19 Jan 2026",Meesho seller delivered used stained clothes instead of new saree (Meesho),Ordered a brand new designer saree on Meesho but received used stained clothes with torn stitching. Customer support refused to issue refund. Case ID #80081. Terrible experience with Meesho customer support.,https://www.facebook.com/groups/consumercomplaints/posts/8800081/,Used Product,High,Customer,Evidence Collection; Evidence Consistency; Marketplace Dashboard,en,India,113,32,0
CMP_00080,Facebook,Shopify,Other/Unspecified,"Fri, 13 Feb 2026",D2C electronics store fake seller non delivery fraud (Shopify),Paid via UPI for smartwatch on a Shopify store. Item was marked delivered but lost package in transit. Seller deleted website. Complaint registered. Disappointed with the service quality.,https://www.facebook.com/groups/consumercomplaints/posts/8800082/,Lost Package,Critical,Customer,Case Timeline; Marketplace Dashboard,en,India,105,11,14
CMP_00081,X (Twitter),D2C Brand,Apparel/Clothing,"Thu, 05 Feb 2026",D2C clothing brand refund not received after return pickup (D2C Brand),Returned a defective dress to D2C fashion store over 2 weeks ago. Pickup was completed but refund not received in bank account. Complete scam! Escalated to consumer court forum. Ticket #50083.,https://x.com/user_83/status/1780000000083,Refund Delay,High,Customer,Case Timeline; Marketplace Dashboard,en,India,8,26,0
CMP_00082,Reddit,Amazon,Other/Unspecified,"Thu, 29 Jan 2026",Amazon seller COD scam open box delivery fraud (Amazon),"Delivery boy demanded cash for open box delivery. Box had broken item inside, delivery agent ran away with cash. Consumer court complaint raised. Requesting refund or replacement immediately. Order #20084.",https://www.reddit.com/r/AmazonIn/comments/c00084/complaint/,COD Scam,Critical,Customer,Trust Score; Marketplace Dashboard,en,India,36,30,0
CMP_00083,X (Twitter),Meesho,Footwear,"Sun, 18 Jan 2026",Meesho seller sent wrong footwear item empty box scam (Meesho),"Ordered sports shoes on Meesho. Package arrived light, and inside was empty box with old newspaper. Customer care not helping with refund. Order reference #100085. Please help resolve this issue urgently.",https://x.com/user_85/status/1780000000085,Empty Box Delivery,Critical,Customer,Evidence Collection; Evidence Consistency; Marketplace Dashboard,en,India,99,21,6
CMP_00084,Facebook,Flipkart,Apparel/Clothing,"Fri, 23 Jan 2026",Flipkart sent counterfeit branded t-shirt with defective stitching (Flipkart),Ordered a Levi's denim jacket on Flipkart sale. Received cheap counterfeit duplicate product with loose stitching and wrong tag. Seller fraud! Complaint registered. Disappointed with the service quality.,https://www.facebook.com/groups/consumercomplaints/posts/8800086/,Counterfeit Product,Critical,Customer,Evidence Collection; Evidence Consistency; Marketplace Dashboard,en,India,99,18,13
CMP_00085,LinkedIn,Shopify,Accessories,"Sun, 01 Feb 2026",Shopify D2C marketplace fraud wrong item delivered (Shopify),Ordered leather wallet from D2C store. Delivered plastic card holder. Store email bounces back. Pure marketplace scam. Order reference #100087. Please help resolve this issue urgently.,https://www.linkedin.com/posts/user_87_complaint_activity_7180000087,Seller Fraud,Critical,Customer,Trust Score; Marketplace Dashboard,en,India,6,35,0
CMP_00086,Reddit,JioMart,Electronics,"Fri, 16 Jan 2026",JioMart seller fraud fake wireless earphone delivered (JioMart),Bought Bluetooth earphones on JioMart. Received counterfeit unbranded duplicate earphone that stopped working in 1 hour. Seller fraud! Complaint registered. Disappointed with the service quality.,https://www.reddit.com/r/JioMartIn/comments/c00088/complaint/,Counterfeit Product,Critical,Customer,Evidence Collection; Evidence Consistency; Marketplace Dashboard,en,India,19,3,0
CMP_00087,Reddit,Snapdeal,Apparel/Clothing,"Wed, 14 Jan 2026",Snapdeal fake branded shirt delivered wrong size (Snapdeal),Ordered formal trousers on Snapdeal. Received wrong size fake shirt with wrong price tag. Return request marked rejected by seller. Case ID #80089. Terrible experience with Snapdeal customer support.,https://www.reddit.com/r/SnapdealIn/comments/c00089/complaint/,Wrong Product,High,Customer,Evidence Collection; Evidence Consistency; Marketplace Dashboard,en,India,7,10,0
CMP_00088,X (Twitter),Flipkart,Footwear,"Sun, 01 Feb 2026",Flipkart wrong shoe size delivered and replacement rejected (Flipkart),Ordered Puma running shoes size 9 on Flipkart. Delivered size 7. Applied for replacement but Flipkart rejected stating item is non-returnable. Case ID #80090. Terrible experience with Flipkart customer support.,https://x.com/user_90/status/1780000000090,Replacement Rejected,High,Customer,Adaptive Verification; Explainability; Marketplace Dashboard,en,India,31,37,6
CMP_00089,Facebook,Flipkart,Other/Unspecified,"Sun, 18 Jan 2026",Flipkart seller fraud price mismatch chargeback issue (Flipkart),Charged extra price mismatch on checkout. Refund promised by support within 48 hours but no refund received after 3 weeks. Cheated by seller. Requesting refund or replacement immediately. Order #20091.,https://www.facebook.com/groups/consumercomplaints/posts/8800091/,Price Mismatch,High,Customer,Marketplace Dashboard,en,India,96,11,3
CMP_00090,X (Twitter),Flipkart,Beauty/Personal Care,"Thu, 08 Jan 2026",Flipkart damaged perfume bottle leaked in packaging (Flipkart),Perfume ordered on Flipkart arrived shattered with liquid leaked inside packaging box. Customer care claiming non-returnable item policy. Complaint registered. Disappointed with the service quality.,https://x.com/user_92/status/1780000000092,Damaged Product,High,Customer,Evidence Collection; Evidence Consistency; Marketplace Dashboard,en,India,8,20,12
CMP_00091,Facebook,Flipkart,Apparel/Clothing,"Wed, 14 Jan 2026",Flipkart sent counterfeit branded t-shirt with defective stitching (Flipkart),Ordered a Levi's denim jacket on Flipkart sale. Received cheap counterfeit duplicate product with loose stitching and wrong tag. Seller fraud! Requesting refund or replacement immediately. Order #20093.,https://www.facebook.com/groups/consumercomplaints/posts/8800093/,Counterfeit Product,Critical,Customer,Evidence Collection; Evidence Consistency; Marketplace Dashboard,en,India,21,38,7
CMP_00092,Reddit,Snapdeal,Electronics,"Fri, 20 Feb 2026",Snapdeal warehouse issue refund pending for 1 month (Snapdeal),Returned defective kitchen appliance to Snapdeal warehouse a month ago. Refund not processed despite multiple follow ups. Requesting refund or replacement immediately. Order #20094.,https://www.reddit.com/r/SnapdealIn/comments/c00094/complaint/,Warehouse Issue,High,Customer,Marketplace Dashboard,en,India,79,8,0
CMP_00093,Instagram,Amazon,Apparel/Clothing,"Sat, 24 Jan 2026",Amazon fashion wrong garment delivered and refund delayed (Amazon),"Bought a cotton dress on Amazon Fashion, but received a completely different synthetic top. Returned the package 12 days ago but refund is still pending. Order reference #100095. Please help resolve this issue urgently.",https://www.instagram.com/p/C500095/,Refund Delay,High,Customer,Case Timeline; Marketplace Dashboard,en,India,138,28,0
CMP_00094,LinkedIn,Ajio,Footwear,"Tue, 03 Feb 2026",Ajio wrong footwear size delivered and delivery agent dispute (Ajio),Ordered Adidas sneakers on Ajio. Delivered wrong shoe size. Return pickup agent refused to accept parcel claiming box damage created by courier. Order reference #100096. Please help resolve this issue urgently.,https://www.linkedin.com/posts/user_96_complaint_activity_7180000096,Pickup Failure,Medium,Customer,Case Timeline; Marketplace Dashboard,en,India,89,1,0
CMP_00095,Facebook,Amazon,Other/Unspecified,"Thu, 08 Jan 2026",Amazon seller COD scam open box delivery fraud (Amazon),"Delivery boy demanded cash for open box delivery. Box had broken item inside, delivery agent ran away with cash. Consumer court complaint raised. Order date: 17 Feb 2026. Seeking immediate resolution.",https://www.facebook.com/groups/consumercomplaints/posts/8800097/,COD Scam,Critical,Customer,Trust Score; Marketplace Dashboard,en,India,112,24,14
CMP_00096,X (Twitter),Flipkart,Apparel/Clothing,"Tue, 13 Jan 2026",Flipkart sent counterfeit branded t-shirt with defective stitching (Flipkart),Ordered a Levi's denim jacket on Flipkart sale. Received cheap counterfeit duplicate product with loose stitching and wrong tag. Seller fraud! Order date: 18 Feb 2026. Seeking immediate resolution.,https://x.com/user_98/status/1780000000098,Counterfeit Product,Critical,Customer,Evidence Collection; Evidence Consistency; Marketplace Dashboard,en,India,135,18,15
CMP_00097,Facebook,Meesho,Apparel/Clothing,"Tue, 17 Feb 2026",Meesho seller delivered used stained clothes instead of new saree (Meesho),Ordered a brand new designer saree on Meesho but received used stained clothes with torn stitching. Customer support refused to issue refund. Order date: 19 Feb 2026. Seeking immediate resolution.,https://www.facebook.com/groups/consumercomplaints/posts/8800099/,Used Product,High,Customer,Evidence Collection; Evidence Consistency; Marketplace Dashboard,en,India,70,21,7
CMP_00098,Reddit,Flipkart,Electronics,"Fri, 30 Jan 2026",Flipkart delivered empty box instead of smartphone (Flipkart),"Ordered a mobile phone on Flipkart during sale. Delivery agent handed over parcel, but inside box was completely empty with soap bar inside. Customer support refused refund. Complaint registered. Disappointed with the service quality.",https://www.reddit.com/r/FlipkartIn/comments/c00100/complaint/,Empty Box Delivery,Critical,Customer,Evidence Collection; Evidence Consistency; Marketplace Dashboard,en,India,64,30,0
CMP_00099,Instagram,Snapdeal,Apparel/Clothing,"Fri, 13 Feb 2026",Snapdeal fake branded shirt delivered wrong size (Snapdeal),Ordered formal trousers on Snapdeal. Received wrong size fake shirt with wrong price tag. Return request marked rejected by seller. Escalated to consumer court forum. Ticket #50101.,https://www.instagram.com/p/C500101/,Wrong Product,High,Customer,Evidence Collection; Evidence Consistency; Marketplace Dashboard,en,India,99,22,0
CMP_00100,Reddit,Shopify,Accessories,"Thu, 22 Jan 2026",Shopify D2C marketplace fraud wrong item delivered (Shopify),Ordered leather wallet from D2C store. Delivered plastic card holder. Store email bounces back. Pure marketplace scam. Order date: 03 Jan 2026. Seeking immediate resolution.,https://www.reddit.com/r/ShopifyIn/comments/c00102/complaint/,Seller Fraud,Critical,Customer,Trust Score; Marketplace Dashboard,en,India,48,32,0
CMP_00101,LinkedIn,Myntra,Electronics,"Mon, 19 Jan 2026",Myntra customer support unresponsive for delayed parcel (Myntra),Parcel delayed by 10 days. No response from Myntra chat support or phone helpline. Package lost in fulfillment center warehouse. Complaint registered. Disappointed with the service quality.,https://www.linkedin.com/posts/user_103_complaint_activity_7180000103,Customer Support,Medium,Customer,Human Review; Marketplace Dashboard,en,India,72,36,0
CMP_00102,Reddit,JioMart,Electronics,"Wed, 14 Jan 2026",JioMart seller fraud fake wireless earphone delivered (JioMart),Bought Bluetooth earphones on JioMart. Received counterfeit unbranded duplicate earphone that stopped working in 1 hour. Seller fraud! Escalated to consumer court forum. Ticket #50104.,https://www.reddit.com/r/JioMartIn/comments/c00104/complaint/,Counterfeit Product,Critical,Customer,Evidence Collection; Evidence Consistency; Marketplace Dashboard,en,India,23,16,0
CMP_00103,Facebook,Flipkart,Footwear,"Fri, 06 Feb 2026",Flipkart wrong shoe size delivered and replacement rejected (Flipkart),Ordered Puma running shoes size 9 on Flipkart. Delivered size 7. Applied for replacement but Flipkart rejected stating item is non-returnable. Order date: 06 Jan 2026. Seeking immediate resolution.,https://www.facebook.com/groups/consumercomplaints/posts/8800105/,Replacement Rejected,High,Customer,Adaptive Verification; Explainability; Marketplace Dashboard,en,India,63,31,15
CMP_00104,Facebook,Myntra,Apparel/Clothing,"Wed, 07 Jan 2026",Wrong size dress delivered and return rejected by Myntra (Myntra),"I ordered an XL size kurta from Myntra, but received a damaged small size dress. When I applied for return, Myntra rejected my return request stating quality check failed. Order reference #100106. Please help resolve this issue urgently.",https://www.facebook.com/groups/consumercomplaints/posts/8800106/,Return Rejected,High,Customer,Adaptive Verification; Explainability; Marketplace Dashboard,en,India,77,15,12
CMP_00105,X (Twitter),Amazon,Electronics,"Fri, 13 Feb 2026",Amazon delayed refund for returned defective laptop (Amazon),Returned defective laptop to Amazon 14 days ago. Tracking shows returned to seller warehouse but refund process is stuck. Need immediate refund. Complaint registered. Disappointed with the service quality.,https://x.com/user_107/status/1780000000107,Refund Delay,High,Customer,Case Timeline; Marketplace Dashboard,en,India,96,31,11
CMP_00106,Facebook,JioMart,Electronics,"Fri, 06 Feb 2026",JioMart seller fraud fake wireless earphone delivered (JioMart),Bought Bluetooth earphones on JioMart. Received counterfeit unbranded duplicate earphone that stopped working in 1 hour. Seller fraud! Requesting refund or replacement immediately. Order #20108.,https://www.facebook.com/groups/consumercomplaints/posts/8800108/,Counterfeit Product,Critical,Customer,Evidence Collection; Evidence Consistency; Marketplace Dashboard,en,India,86,23,14
CMP_00107,LinkedIn,Ajio,Other/Unspecified,"Fri, 09 Jan 2026",Ajio open box delivery damaged product received (Ajio),Received damaged home decor item from Ajio. Outer box was torn. Customer care refused replacement citing return window expired. Case ID #80109. Terrible experience with Ajio customer support.,https://www.linkedin.com/posts/user_109_complaint_activity_7180000109,Policy Issue,Medium,Customer,Adaptive Verification; Explainability; Marketplace Dashboard,en,India,51,21,0
CMP_00108,Reddit,Amazon,Apparel/Clothing,"Thu, 05 Feb 2026",Amazon fashion wrong garment delivered and refund delayed (Amazon),"Bought a cotton dress on Amazon Fashion, but received a completely different synthetic top. Returned the package 12 days ago but refund is still pending. Requesting refund or replacement immediately. Order #20110.",https://www.reddit.com/r/AmazonIn/comments/c00110/complaint/,Refund Delay,High,Customer,Case Timeline; Marketplace Dashboard,en,India,49,13,0
CMP_00109,X (Twitter),Nykaa,Apparel/Clothing,"Sun, 01 Feb 2026",Nykaa Fashion wrong fit dress received and replacement denied (Nykaa),Bought a nightwear set on Nykaa Fashion. The item received had incorrect size tag and defective fabric. Nykaa support rejected my replacement request. Requesting refund or replacement immediately. Order #20111.,https://x.com/user_111/status/1780000000111,Replacement Rejected,High,Customer,Adaptive Verification; Explainability; Marketplace Dashboard,en,India,72,38,9
CMP_00110,Reddit,Ajio,Apparel/Clothing,"Tue, 20 Jan 2026",Ajio wrong size clothing received and pickup failed twice (Ajio),Received wrong size jeans from Ajio instead of Medium size ordered. Raised return request but pickup agent failed to arrive twice and return window is expiring. Case ID #80112. Terrible experience with Ajio customer support.,https://www.reddit.com/r/AjioIn/comments/c00112/complaint/,Pickup Failure,Medium,Customer,Case Timeline; Marketplace Dashboard,en,India,60,24,0
CMP_00111,X (Twitter),Ajio,Footwear,"Fri, 02 Jan 2026",Ajio wrong footwear size delivered and delivery agent dispute (Ajio),Ordered Adidas sneakers on Ajio. Delivered wrong shoe size. Return pickup agent refused to accept parcel claiming box damage created by courier. Complaint registered. Disappointed with the service quality.,https://x.com/user_113/status/1780000000113,Pickup Failure,Medium,Customer,Case Timeline; Marketplace Dashboard,en,India,138,9,8
CMP_00112,Reddit,D2C Brand,Apparel/Clothing,"Fri, 06 Feb 2026",D2C clothing brand refund not received after return pickup (D2C Brand),Returned a defective dress to D2C fashion store over 2 weeks ago. Pickup was completed but refund not received in bank account. Complete scam! Order reference #100114. Please help resolve this issue urgently.,https://www.reddit.com/r/D2C BrandIn/comments/c00114/complaint/,Refund Delay,High,Customer,Case Timeline; Marketplace Dashboard,en,India,76,9,0
CMP_00113,Facebook,Meesho,Apparel/Clothing,"Fri, 02 Jan 2026",Meesho seller delivered used stained clothes instead of new saree (Meesho),Ordered a brand new designer saree on Meesho but received used stained clothes with torn stitching. Customer support refused to issue refund. Order reference #100115. Please help resolve this issue urgently.,https://www.facebook.com/groups/consumercomplaints/posts/8800115/,Used Product,High,Customer,Evidence Collection; Evidence Consistency; Marketplace Dashboard,en,India,74,31,15
CMP_00114,Facebook,Amazon,Beauty/Personal Care,"Tue, 13 Jan 2026",Amazon skincare cream missing item from combo order (Amazon),Ordered face wash and lotion combo on Amazon. Delivery was missing lotion bottle. Amazon support bot refused to issue partial refund. Complaint registered. Disappointed with the service quality.,https://www.facebook.com/groups/consumercomplaints/posts/8800116/,Missing Items,Medium,Customer,Evidence Collection; Evidence Consistency; Marketplace Dashboard,en,India,15,17,15
CMP_00115,Reddit,JioMart,Apparel/Clothing,"Tue, 27 Jan 2026",JioMart delivered torn shirt with missing accessories (JioMart),Ordered formal shirt set on JioMart. Received torn fabric item with missing buttons. Customer support bot keeps repeating standard automated responses. Order reference #100117. Please help resolve this issue urgently.,https://www.reddit.com/r/JioMartIn/comments/c00117/complaint/,Damaged Product,Medium,Customer,Evidence Collection; Evidence Consistency; Marketplace Dashboard,en,India,127,5,0
CMP_00116,Instagram,D2C Brand,Apparel/Clothing,"Sat, 14 Feb 2026",D2C clothing brand refund not received after return pickup (D2C Brand),Returned a defective dress to D2C fashion store over 2 weeks ago. Pickup was completed but refund not received in bank account. Complete scam! Requesting refund or replacement immediately. Order #20118.,https://www.instagram.com/p/C500118/,Refund Delay,High,Customer,Case Timeline; Marketplace Dashboard,en,India,15,10,0
CMP_00117,X (Twitter),Meesho,Apparel/Clothing,"Wed, 21 Jan 2026",Meesho seller delivered used stained clothes instead of new saree (Meesho),Ordered a brand new designer saree on Meesho but received used stained clothes with torn stitching. Customer support refused to issue refund. Escalated to consumer court forum. Ticket #50119.,https://x.com/user_119/status/1780000000119,Used Product,High,Customer,Evidence Collection; Evidence Consistency; Marketplace Dashboard,en,India,23,16,3
CMP_00118,Instagram,Nykaa,Apparel/Clothing,"Mon, 09 Feb 2026",Nykaa Fashion wrong fit dress received and replacement denied (Nykaa),Bought a nightwear set on Nykaa Fashion. The item received had incorrect size tag and defective fabric. Nykaa support rejected my replacement request. Order date: 21 Jan 2026. Seeking immediate resolution.,https://www.instagram.com/p/C500120/,Replacement Rejected,High,Customer,Adaptive Verification; Explainability; Marketplace Dashboard,en,India,59,34,0
CMP_00119,Facebook,Nykaa,Beauty/Personal Care,"Fri, 30 Jan 2026",Nykaa fake counterfeit lipstick delivered expired product (Nykaa),Bought MAC lipstick on Nykaa sale. Received fake counterfeit product with chemical odor and broken seal. Return rejected by customer care. Order date: 22 Jan 2026. Seeking immediate resolution.,https://www.facebook.com/groups/consumercomplaints/posts/8800121/,Counterfeit Product,Critical,Customer,Evidence Collection; Evidence Consistency; Marketplace Dashboard,en,India,78,38,13
CMP_00120,LinkedIn,Ajio,Footwear,"Tue, 10 Feb 2026",Ajio wrong footwear size delivered and delivery agent dispute (Ajio),Ordered Adidas sneakers on Ajio. Delivered wrong shoe size. Return pickup agent refused to accept parcel claiming box damage created by courier. Escalated to consumer court forum. Ticket #50122.,https://www.linkedin.com/posts/user_122_complaint_activity_7180000122,Pickup Failure,Medium,Customer,Case Timeline; Marketplace Dashboard,en,India,17,7,0
CMP_00121,X (Twitter),Nykaa,Footwear,"Thu, 15 Jan 2026",Nykaa Fashion damaged heels delivered refund rejected (Nykaa),Ordered party heels on Nykaa Fashion. Arrived broken with detached heel. Customer care rejected return claim saying damage occurred post delivery. Requesting refund or replacement immediately. Order #20123.,https://x.com/user_123/status/1780000000123,Damaged Product,High,Customer,Evidence Collection; Evidence Consistency; Marketplace Dashboard,en,India,69,6,5
CMP_00122,X (Twitter),D2C Brand,Apparel/Clothing,"Fri, 06 Feb 2026",D2C clothing brand refund not received after return pickup (D2C Brand),Returned a defective dress to D2C fashion store over 2 weeks ago. Pickup was completed but refund not received in bank account. Complete scam! Case ID #80124. Terrible experience with D2C Brand customer support.,https://x.com/user_124/status/1780000000124,Refund Delay,High,Customer,Case Timeline; Marketplace Dashboard,en,India,21,11,0
CMP_00123,Facebook,Ajio,Footwear,"Sun, 15 Feb 2026",Ajio wrong footwear size delivered and delivery agent dispute (Ajio),Ordered Adidas sneakers on Ajio. Delivered wrong shoe size. Return pickup agent refused to accept parcel claiming box damage created by courier. Order date: 26 Jan 2026. Seeking immediate resolution.,https://www.facebook.com/groups/consumercomplaints/posts/8800125/,Pickup Failure,Medium,Customer,Case Timeline; Marketplace Dashboard,en,India,122,19,1
CMP_00124,X (Twitter),Amazon,Apparel/Clothing,"Mon, 16 Feb 2026",Amazon fashion wrong garment delivered and refund delayed (Amazon),"Bought a cotton dress on Amazon Fashion, but received a completely different synthetic top. Returned the package 12 days ago but refund is still pending. Complaint registered. Disappointed with the service quality.",https://x.com/user_126/status/1780000000126,Refund Delay,High,Customer,Case Timeline; Marketplace Dashboard,en,India,74,30,2
CMP_00125,X (Twitter),Nykaa,Beauty/Personal Care,"Wed, 11 Feb 2026",Nykaa fake counterfeit lipstick delivered expired product (Nykaa),Bought MAC lipstick on Nykaa sale. Received fake counterfeit product with chemical odor and broken seal. Return rejected by customer care. Complaint registered. Disappointed with the service quality.,https://x.com/user_127/status/1780000000127,Counterfeit Product,Critical,Customer,Evidence Collection; Evidence Consistency; Marketplace Dashboard,en,India,52,28,3
CMP_00126,Instagram,Myntra,Electronics,"Thu, 12 Feb 2026",Myntra customer support unresponsive for delayed parcel (Myntra),Parcel delayed by 10 days. No response from Myntra chat support or phone helpline. Package lost in fulfillment center warehouse. Case ID #80128. Terrible experience with Myntra customer support.,https://www.instagram.com/p/C500128/,Customer Support,Medium,Customer,Human Review; Marketplace Dashboard,en,India,40,18,0
CMP_00127,X (Twitter),D2C Brand,Apparel/Clothing,"Mon, 05 Jan 2026",D2C clothing brand refund not received after return pickup (D2C Brand),Returned a defective dress to D2C fashion store over 2 weeks ago. Pickup was completed but refund not received in bank account. Complete scam! Order reference #100129. Please help resolve this issue urgently.,https://x.com/user_129/status/1780000000129,Refund Delay,High,Customer,Case Timeline; Marketplace Dashboard,en,India,44,20,9
CMP_00128,Facebook,JioMart,Other/Unspecified,"Sat, 31 Jan 2026",JioMart grocery item delivery failed lost package (JioMart),Order marked delivered on JioMart app but parcel never arrived. Delivery agent updated fake delivery status. Cyber cell dispute pending. Order reference #100130. Please help resolve this issue urgently.,https://www.facebook.com/groups/consumercomplaints/posts/8800130/,Delivery Failure,High,Customer,Case Timeline; Marketplace Dashboard,en,India,79,26,8
CMP_00129,Instagram,Amazon,Electronics,"Mon, 02 Feb 2026",Amazon delayed refund for returned defective laptop (Amazon),Returned defective laptop to Amazon 14 days ago. Tracking shows returned to seller warehouse but refund process is stuck. Need immediate refund. Escalated to consumer court forum. Ticket #50131.,https://www.instagram.com/p/C500131/,Refund Delay,High,Customer,Case Timeline; Marketplace Dashboard,en,India,114,6,0
CMP_00130,Instagram,Amazon,Apparel/Clothing,"Thu, 29 Jan 2026",Amazon seller sent fake counterfeit running shoes refund delayed (Amazon),Bought Nike sneakers from an Amazon seller. Received fake counterfeit shoes with poor sole stitching and cheap rubber scent. Returned item 10 days ago but refund is delayed. Order reference #100132. Please help resolve this issue urgently.,https://www.instagram.com/p/C500132/,Counterfeit Product,Critical,Customer,Evidence Collection; Evidence Consistency; Marketplace Dashboard,en,India,84,17,0
CMP_00131,Reddit,Amazon,Apparel/Clothing,"Fri, 16 Jan 2026",Amazon seller sent fake counterfeit running shoes refund delayed (Amazon),Bought Nike sneakers from an Amazon seller. Received fake counterfeit shoes with poor sole stitching and cheap rubber scent. Returned item 10 days ago but refund is delayed. Order reference #100133. Please help resolve this issue urgently.,https://www.reddit.com/r/AmazonIn/comments/c00133/complaint/,Counterfeit Product,Critical,Customer,Evidence Collection; Evidence Consistency; Marketplace Dashboard,en,India,7,18,0
CMP_00132,Instagram,Amazon,Beauty/Personal Care,"Thu, 19 Feb 2026",Amazon skincare cream missing item from combo order (Amazon),Ordered face wash and lotion combo on Amazon. Delivery was missing lotion bottle. Amazon support bot refused to issue partial refund. Order reference #100134. Please help resolve this issue urgently.,https://www.instagram.com/p/C500134/,Missing Items,Medium,Customer,Evidence Collection; Evidence Consistency; Marketplace Dashboard,en,India,46,31,0
CMP_00133,Instagram,Ajio,Apparel/Clothing,"Fri, 30 Jan 2026",Ajio wrong size clothing received and pickup failed twice (Ajio),Received wrong size jeans from Ajio instead of Medium size ordered. Raised return request but pickup agent failed to arrive twice and return window is expiring. Requesting refund or replacement immediately. Order #20135.,https://www.instagram.com/p/C500135/,Pickup Failure,Medium,Customer,Case Timeline; Marketplace Dashboard,en,India,73,12,0
CMP_00134,Instagram,Ajio,Apparel/Clothing,"Wed, 11 Feb 2026",Ajio wrong size clothing received and pickup failed twice (Ajio),Received wrong size jeans from Ajio instead of Medium size ordered. Raised return request but pickup agent failed to arrive twice and return window is expiring. Order date: 06 Feb 2026. Seeking immediate resolution.,https://www.instagram.com/p/C500136/,Pickup Failure,Medium,Customer,Case Timeline; Marketplace Dashboard,en,India,127,6,0
CMP_00135,Facebook,Flipkart,Footwear,"Thu, 22 Jan 2026",Flipkart wrong shoe size delivered and replacement rejected (Flipkart),Ordered Puma running shoes size 9 on Flipkart. Delivered size 7. Applied for replacement but Flipkart rejected stating item is non-returnable. Complaint registered. Disappointed with the service quality.,https://www.facebook.com/groups/consumercomplaints/posts/8800137/,Replacement Rejected,High,Customer,Adaptive Verification; Explainability; Marketplace Dashboard,en,India,28,11,10
CMP_00136,Facebook,Snapdeal,Electronics,"Mon, 02 Feb 2026",Snapdeal used phone charger delivered with opened seal (Snapdeal),Ordered smartphone charger on Snapdeal. Package seal was torn and charger had scratches. Sent used product instead of brand new. Requesting refund or replacement immediately. Order #20138.,https://www.facebook.com/groups/consumercomplaints/posts/8800138/,Used Product,High,Customer,Evidence Collection; Evidence Consistency; Marketplace Dashboard,en,India,75,26,1
CMP_00137,Facebook,Amazon,Apparel/Clothing,"Thu, 22 Jan 2026",Amazon fashion wrong garment delivered and refund delayed (Amazon),"Bought a cotton dress on Amazon Fashion, but received a completely different synthetic top. Returned the package 12 days ago but refund is still pending. Order reference #100139. Please help resolve this issue urgently.",https://www.facebook.com/groups/consumercomplaints/posts/8800139/,Refund Delay,High,Customer,Case Timeline; Marketplace Dashboard,en,India,66,21,3
CMP_00138,Facebook,Myntra,Apparel/Clothing,"Fri, 02 Jan 2026",Wrong size dress delivered and return rejected by Myntra (Myntra),"I ordered an XL size kurta from Myntra, but received a damaged small size dress. When I applied for return, Myntra rejected my return request stating quality check failed. Escalated to consumer court forum. Ticket #50140.",https://www.facebook.com/groups/consumercomplaints/posts/8800140/,Return Rejected,High,Customer,Adaptive Verification; Explainability; Marketplace Dashboard,en,India,140,30,13
CMP_00139,Reddit,Meesho,Footwear,"Wed, 04 Feb 2026",Meesho seller sent wrong footwear item empty box scam (Meesho),"Ordered sports shoes on Meesho. Package arrived light, and inside was empty box with old newspaper. Customer care not helping with refund. Case ID #80141. Terrible experience with Meesho customer support.",https://www.reddit.com/r/MeeshoIn/comments/c00141/complaint/,Empty Box Delivery,Critical,Customer,Evidence Collection; Evidence Consistency; Marketplace Dashboard,en,India,94,32,0
CMP_00140,Facebook,Shopify,Other/Unspecified,"Thu, 15 Jan 2026",D2C electronics store fake seller non delivery fraud (Shopify),Paid via UPI for smartwatch on a Shopify store. Item was marked delivered but lost package in transit. Seller deleted website. Order reference #100142. Please help resolve this issue urgently.,https://www.facebook.com/groups/consumercomplaints/posts/8800142/,Lost Package,Critical,Customer,Case Timeline; Marketplace Dashboard,en,India,70,36,4
CMP_00141,LinkedIn,Nykaa,Apparel/Clothing,"Sun, 15 Feb 2026",Nykaa Fashion wrong fit dress received and replacement denied (Nykaa),Bought a nightwear set on Nykaa Fashion. The item received had incorrect size tag and defective fabric. Nykaa support rejected my replacement request. Order date: 13 Feb 2026. Seeking immediate resolution.,https://www.linkedin.com/posts/user_143_complaint_activity_7180000143,Replacement Rejected,High,Customer,Adaptive Verification; Explainability; Marketplace Dashboard,en,India,126,8,0
CMP_00142,Reddit,Flipkart,Footwear,"Mon, 09 Feb 2026",Flipkart wrong shoe size delivered and replacement rejected (Flipkart),Ordered Puma running shoes size 9 on Flipkart. Delivered size 7. Applied for replacement but Flipkart rejected stating item is non-returnable. Requesting refund or replacement immediately. Order #20144.,https://www.reddit.com/r/FlipkartIn/comments/c00144/complaint/,Replacement Rejected,High,Customer,Adaptive Verification; Explainability; Marketplace Dashboard,en,India,63,11,0
CMP_00143,LinkedIn,Flipkart,Apparel/Clothing,"Fri, 02 Jan 2026",Flipkart sent counterfeit branded t-shirt with defective stitching (Flipkart),Ordered a Levi's denim jacket on Flipkart sale. Received cheap counterfeit duplicate product with loose stitching and wrong tag. Seller fraud! Escalated to consumer court forum. Ticket #50145.,https://www.linkedin.com/posts/user_145_complaint_activity_7180000145,Counterfeit Product,Critical,Customer,Evidence Collection; Evidence Consistency; Marketplace Dashboard,en,India,143,27,0
CMP_00144,Reddit,Snapdeal,Apparel/Clothing,"Fri, 09 Jan 2026",Snapdeal fake branded shirt delivered wrong size (Snapdeal),Ordered formal trousers on Snapdeal. Received wrong size fake shirt with wrong price tag. Return request marked rejected by seller. Case ID #80146. Terrible experience with Snapdeal customer support.,https://www.reddit.com/r/SnapdealIn/comments/c00146/complaint/,Wrong Product,High,Customer,Evidence Collection; Evidence Consistency; Marketplace Dashboard,en,India,120,8,0
CMP_00145,X (Twitter),Flipkart,Footwear,"Mon, 16 Feb 2026",Flipkart wrong shoe size delivered and replacement rejected (Flipkart),Ordered Puma running shoes size 9 on Flipkart. Delivered size 7. Applied for replacement but Flipkart rejected stating item is non-returnable. Order date: 17 Feb 2026. Seeking immediate resolution.,https://x.com/user_147/status/1780000000147,Replacement Rejected,High,Customer,Adaptive Verification; Explainability; Marketplace Dashboard,en,India,76,33,8
CMP_00146,Facebook,Snapdeal,Apparel/Clothing,"Sun, 01 Feb 2026",Snapdeal fake branded shirt delivered wrong size (Snapdeal),Ordered formal trousers on Snapdeal. Received wrong size fake shirt with wrong price tag. Return request marked rejected by seller. Order date: 18 Feb 2026. Seeking immediate resolution.,https://www.facebook.com/groups/consumercomplaints/posts/8800148/,Wrong Product,High,Customer,Evidence Collection; Evidence Consistency; Marketplace Dashboard,en,India,64,30,4
CMP_00147,Facebook,Ajio,Apparel/Clothing,"Mon, 09 Feb 2026",Ajio wrong size clothing received and pickup failed twice (Ajio),Received wrong size jeans from Ajio instead of Medium size ordered. Raised return request but pickup agent failed to arrive twice and return window is expiring. Case ID #80149. Terrible experience with Ajio customer support.,https://www.facebook.com/groups/consumercomplaints/posts/8800149/,Pickup Failure,Medium,Customer,Case Timeline; Marketplace Dashboard,en,India,132,9,2
CMP_00148,LinkedIn,Snapdeal,Electronics,"Fri, 23 Jan 2026",Snapdeal warehouse issue refund pending for 1 month (Snapdeal),Returned defective kitchen appliance to Snapdeal warehouse a month ago. Refund not processed despite multiple follow ups. Order date: 01 Jan 2026. Seeking immediate resolution.,https://www.linkedin.com/posts/user_150_complaint_activity_7180000150,Warehouse Issue,High,Customer,Marketplace Dashboard,en,India,131,18,0
CMP_00149,LinkedIn,Shopify,Apparel/Clothing,"Sun, 08 Feb 2026",D2C apparel store seller fraud wrong size delivered no response (Shopify),Ordered an ethnic dress from a Shopify D2C clothing brand. Received wrong fit clothing with stitching defects. Seller is not answering emails or calls. Escalated to consumer court forum. Ticket #50151.,https://www.linkedin.com/posts/user_151_complaint_activity_7180000151,Seller Fraud,Critical,Customer,Trust Score; Marketplace Dashboard,en,India,127,10,0
CMP_00150,Facebook,Shopify,Accessories,"Sun, 01 Feb 2026",Shopify D2C marketplace fraud wrong item delivered (Shopify),Ordered leather wallet from D2C store. Delivered plastic card holder. Store email bounces back. Pure marketplace scam. Escalated to consumer court forum. Ticket #50152.,https://www.facebook.com/groups/consumercomplaints/posts/8800152/,Seller Fraud,Critical,Customer,Trust Score; Marketplace Dashboard,en,India,90,22,12
CMP_00151,Facebook,JioMart,Apparel/Clothing,"Wed, 14 Jan 2026",JioMart delivered torn shirt with missing accessories (JioMart),Ordered formal shirt set on JioMart. Received torn fabric item with missing buttons. Customer support bot keeps repeating standard automated responses. Complaint registered. Disappointed with the service quality.,https://www.facebook.com/groups/consumercomplaints/posts/8800153/,Damaged Product,Medium,Customer,Evidence Collection; Evidence Consistency; Marketplace Dashboard,en,India,63,37,12
CMP_00152,X (Twitter),Flipkart,Other/Unspecified,"Sun, 04 Jan 2026",Flipkart seller fraud price mismatch chargeback issue (Flipkart),Charged extra price mismatch on checkout. Refund promised by support within 48 hours but no refund received after 3 weeks. Cheated by seller. Order date: 05 Jan 2026. Seeking immediate resolution.,https://x.com/user_154/status/1780000000154,Price Mismatch,High,Customer,Marketplace Dashboard,en,India,83,31,12
CMP_00153,Facebook,JioMart,Apparel/Clothing,"Thu, 12 Feb 2026",JioMart delivered torn shirt with missing accessories (JioMart),Ordered formal shirt set on JioMart. Received torn fabric item with missing buttons. Customer support bot keeps repeating standard automated responses. Requesting refund or replacement immediately. Order #20155.,https://www.facebook.com/groups/consumercomplaints/posts/8800155/,Damaged Product,Medium,Customer,Evidence Collection; Evidence Consistency; Marketplace Dashboard,en,India,40,32,1
CMP_00154,X (Twitter),Meesho,Home/Kitchen,"Sun, 08 Feb 2026",Meesho return rejected for kitchen utensil order (Meesho),Ordered non-stick pan on Meesho. Item was cracked. Meesho seller rejected return request claiming customer damage. Unfair policy. Escalated to consumer court forum. Ticket #50156.,https://x.com/user_156/status/1780000000156,Return Rejected,High,Customer,Adaptive Verification; Explainability; Marketplace Dashboard,en,India,86,7,14
CMP_00155,Reddit,Snapdeal,Apparel/Clothing,"Sat, 31 Jan 2026",Snapdeal fake branded shirt delivered wrong size (Snapdeal),Ordered formal trousers on Snapdeal. Received wrong size fake shirt with wrong price tag. Return request marked rejected by seller. Escalated to consumer court forum. Ticket #50157.,https://www.reddit.com/r/SnapdealIn/comments/c00157/complaint/,Wrong Product,High,Customer,Evidence Collection; Evidence Consistency; Marketplace Dashboard,en,India,5,10,0
CMP_00156,Facebook,Ajio,Apparel/Clothing,"Sun, 11 Jan 2026",Ajio wrong size clothing received and pickup failed twice (Ajio),Received wrong size jeans from Ajio instead of Medium size ordered. Raised return request but pickup agent failed to arrive twice and return window is expiring. Requesting refund or replacement immediately. Order #20158.,https://www.facebook.com/groups/consumercomplaints/posts/8800158/,Pickup Failure,Medium,Customer,Case Timeline; Marketplace Dashboard,en,India,21,31,8
CMP_00157,LinkedIn,JioMart,Apparel/Clothing,"Sun, 15 Feb 2026",JioMart delivered torn shirt with missing accessories (JioMart),Ordered formal shirt set on JioMart. Received torn fabric item with missing buttons. Customer support bot keeps repeating standard automated responses. Escalated to consumer court forum. Ticket #50159.,https://www.linkedin.com/posts/user_159_complaint_activity_7180000159,Damaged Product,Medium,Customer,Evidence Collection; Evidence Consistency; Marketplace Dashboard,en,India,103,6,0
CMP_00158,LinkedIn,Flipkart,Beauty/Personal Care,"Thu, 05 Feb 2026",Flipkart damaged perfume bottle leaked in packaging (Flipkart),Perfume ordered on Flipkart arrived shattered with liquid leaked inside packaging box. Customer care claiming non-returnable item policy. Requesting refund or replacement immediately. Order #20160.,https://www.linkedin.com/posts/user_160_complaint_activity_7180000160,Damaged Product,High,Customer,Evidence Collection; Evidence Consistency; Marketplace Dashboard,en,India,99,21,0
CMP_00159,Facebook,Meesho,Apparel/Clothing,"Sun, 04 Jan 2026",Meesho seller delivered used stained clothes instead of new saree (Meesho),Ordered a brand new designer saree on Meesho but received used stained clothes with torn stitching. Customer support refused to issue refund. Escalated to consumer court forum. Ticket #50161.,https://www.facebook.com/groups/consumercomplaints/posts/8800161/,Used Product,High,Customer,Evidence Collection; Evidence Consistency; Marketplace Dashboard,en,India,19,16,9
CMP_00160,X (Twitter),Snapdeal,Apparel/Clothing,"Wed, 07 Jan 2026",Snapdeal fake branded shirt delivered wrong size (Snapdeal),Ordered formal trousers on Snapdeal. Received wrong size fake shirt with wrong price tag. Return request marked rejected by seller. Requesting refund or replacement immediately. Order #20162.,https://x.com/user_162/status/1780000000162,Wrong Product,High,Customer,Evidence Collection; Evidence Consistency; Marketplace Dashboard,en,India,113,7,3
CMP_00161,Facebook,Flipkart,Footwear,"Sun, 15 Feb 2026",Flipkart wrong shoe size delivered and replacement rejected (Flipkart),Ordered Puma running shoes size 9 on Flipkart. Delivered size 7. Applied for replacement but Flipkart rejected stating item is non-returnable. Case ID #80163. Terrible experience with Flipkart customer support.,https://www.facebook.com/groups/consumercomplaints/posts/8800163/,Replacement Rejected,High,Customer,Adaptive Verification; Explainability; Marketplace Dashboard,en,India,78,2,1
CMP_00162,LinkedIn,JioMart,Other/Unspecified,"Tue, 20 Jan 2026",JioMart grocery item delivery failed lost package (JioMart),Order marked delivered on JioMart app but parcel never arrived. Delivery agent updated fake delivery status. Cyber cell dispute pending. Order reference #100164. Please help resolve this issue urgently.,https://www.linkedin.com/posts/user_164_complaint_activity_7180000164,Delivery Failure,High,Customer,Case Timeline; Marketplace Dashboard,en,India,93,24,0
CMP_00163,Facebook,Meesho,Home/Kitchen,"Sat, 17 Jan 2026",Meesho return rejected for kitchen utensil order (Meesho),Ordered non-stick pan on Meesho. Item was cracked. Meesho seller rejected return request claiming customer damage. Unfair policy. Case ID #80165. Terrible experience with Meesho customer support.,https://www.facebook.com/groups/consumercomplaints/posts/8800165/,Return Rejected,High,Customer,Adaptive Verification; Explainability; Marketplace Dashboard,en,India,137,27,5
CMP_00164,X (Twitter),Meesho,Apparel/Clothing,"Wed, 07 Jan 2026",Meesho seller delivered used stained clothes instead of new saree (Meesho),Ordered a brand new designer saree on Meesho but received used stained clothes with torn stitching. Customer support refused to issue refund. Case ID #80166. Terrible experience with Meesho customer support.,https://x.com/user_166/status/1780000000166,Used Product,High,Customer,Evidence Collection; Evidence Consistency; Marketplace Dashboard,en,India,99,16,15
CMP_00165,Instagram,Flipkart,Electronics,"Fri, 16 Jan 2026",Flipkart delivered empty box instead of smartphone (Flipkart),"Ordered a mobile phone on Flipkart during sale. Delivery agent handed over parcel, but inside box was completely empty with soap bar inside. Customer support refused refund. Case ID #80167. Terrible experience with Flipkart customer support.",https://www.instagram.com/p/C500167/,Empty Box Delivery,Critical,Customer,Evidence Collection; Evidence Consistency; Marketplace Dashboard,en,India,120,17,0
CMP_00166,Facebook,JioMart,Other/Unspecified,"Fri, 13 Feb 2026",JioMart grocery item delivery failed lost package (JioMart),Order marked delivered on JioMart app but parcel never arrived. Delivery agent updated fake delivery status. Cyber cell dispute pending. Complaint registered. Disappointed with the service quality.,https://www.facebook.com/groups/consumercomplaints/posts/8800168/,Delivery Failure,High,Customer,Case Timeline; Marketplace Dashboard,en,India,4,30,9
CMP_00167,Instagram,Flipkart,Beauty/Personal Care,"Tue, 06 Jan 2026",Flipkart damaged perfume bottle leaked in packaging (Flipkart),Perfume ordered on Flipkart arrived shattered with liquid leaked inside packaging box. Customer care claiming non-returnable item policy. Case ID #80169. Terrible experience with Flipkart customer support.,https://www.instagram.com/p/C500169/,Damaged Product,High,Customer,Evidence Collection; Evidence Consistency; Marketplace Dashboard,en,India,115,23,0
CMP_00168,Facebook,Flipkart,Footwear,"Sun, 18 Jan 2026",Flipkart wrong shoe size delivered and replacement rejected (Flipkart),Ordered Puma running shoes size 9 on Flipkart. Delivered size 7. Applied for replacement but Flipkart rejected stating item is non-returnable. Requesting refund or replacement immediately. Order #20170.,https://www.facebook.com/groups/consumercomplaints/posts/8800170/,Replacement Rejected,High,Customer,Adaptive Verification; Explainability; Marketplace Dashboard,en,India,118,20,6
CMP_00169,Facebook,JioMart,Apparel/Clothing,"Thu, 08 Jan 2026",JioMart delivered torn shirt with missing accessories (JioMart),Ordered formal shirt set on JioMart. Received torn fabric item with missing buttons. Customer support bot keeps repeating standard automated responses. Order date: 22 Jan 2026. Seeking immediate resolution.,https://www.facebook.com/groups/consumercomplaints/posts/8800171/,Damaged Product,Medium,Customer,Evidence Collection; Evidence Consistency; Marketplace Dashboard,en,India,62,25,11
CMP_00170,LinkedIn,JioMart,Apparel/Clothing,"Fri, 13 Feb 2026",JioMart delivered torn shirt with missing accessories (JioMart),Ordered formal shirt set on JioMart. Received torn fabric item with missing buttons. Customer support bot keeps repeating standard automated responses. Order reference #100172. Please help resolve this issue urgently.,https://www.linkedin.com/posts/user_172_complaint_activity_7180000172,Damaged Product,Medium,Customer,Evidence Collection; Evidence Consistency; Marketplace Dashboard,en,India,103,18,0
CMP_00171,Reddit,Snapdeal,Apparel/Clothing,"Sat, 14 Feb 2026",Snapdeal fake branded shirt delivered wrong size (Snapdeal),Ordered formal trousers on Snapdeal. Received wrong size fake shirt with wrong price tag. Return request marked rejected by seller. Escalated to consumer court forum. Ticket #50173.,https://www.reddit.com/r/SnapdealIn/comments/c00173/complaint/,Wrong Product,High,Customer,Evidence Collection; Evidence Consistency; Marketplace Dashboard,en,India,14,32,0
CMP_00172,LinkedIn,Myntra,Footwear,"Mon, 09 Feb 2026",Myntra delivered used scuffed leather shoes as new product (Myntra),"Bought formal leather shoes on Myntra sale. Delivered pair had scuffed soles and open box seal, clearly a used product sent as new. Return requested. Case ID #80174. Terrible experience with Myntra customer support.",https://www.linkedin.com/posts/user_174_complaint_activity_7180000174,Used Product,High,Customer,Evidence Collection; Evidence Consistency; Marketplace Dashboard,en,India,92,15,0
CMP_00173,LinkedIn,Shopify,Apparel/Clothing,"Sun, 04 Jan 2026",D2C apparel store seller fraud wrong size delivered no response (Shopify),Ordered an ethnic dress from a Shopify D2C clothing brand. Received wrong fit clothing with stitching defects. Seller is not answering emails or calls. Order date: 27 Jan 2026. Seeking immediate resolution.,https://www.linkedin.com/posts/user_176_complaint_activity_7180000176,Seller Fraud,Critical,Customer,Trust Score; Marketplace Dashboard,en,India,95,9,0
CMP_00174,LinkedIn,Flipkart,Other/Unspecified,"Wed, 28 Jan 2026",Flipkart seller fraud price mismatch chargeback issue (Flipkart),Charged extra price mismatch on checkout. Refund promised by support within 48 hours but no refund received after 3 weeks. Cheated by seller. Requesting refund or replacement immediately. Order #20177.,https://www.linkedin.com/posts/user_177_complaint_activity_7180000177,Price Mismatch,High,Customer,Marketplace Dashboard,en,India,46,13,0
CMP_00175,X (Twitter),Amazon,Apparel/Clothing,"Sun, 25 Jan 2026",Amazon seller sent fake counterfeit running shoes refund delayed (Amazon),Bought Nike sneakers from an Amazon seller. Received fake counterfeit shoes with poor sole stitching and cheap rubber scent. Returned item 10 days ago but refund is delayed. Escalated to consumer court forum. Ticket #50178.,https://x.com/user_178/status/1780000000178,Counterfeit Product,Critical,Customer,Evidence Collection; Evidence Consistency; Marketplace Dashboard,en,India,137,33,8
CMP_00176,Facebook,D2C Brand,Apparel/Clothing,"Wed, 18 Feb 2026",D2C clothing brand refund not received after return pickup (D2C Brand),Returned a defective dress to D2C fashion store over 2 weeks ago. Pickup was completed but refund not received in bank account. Complete scam! Complaint registered. Disappointed with the service quality.,https://www.facebook.com/groups/consumercomplaints/posts/8800179/,Refund Delay,High,Customer,Case Timeline; Marketplace Dashboard,en,India,88,8,14
CMP_00177,Reddit,Nykaa,Footwear,"Thu, 19 Feb 2026",Nykaa Fashion damaged heels delivered refund rejected (Nykaa),Ordered party heels on Nykaa Fashion. Arrived broken with detached heel. Customer care rejected return claim saying damage occurred post delivery. Case ID #80180. Terrible experience with Nykaa customer support.,https://www.reddit.com/r/NykaaIn/comments/c00180/complaint/,Damaged Product,High,Customer,Evidence Collection; Evidence Consistency; Marketplace Dashboard,en,India,59,26,0
CMP_00178,Instagram,Shopify,Apparel/Clothing,"Wed, 07 Jan 2026",D2C apparel store seller fraud wrong size delivered no response (Shopify),Ordered an ethnic dress from a Shopify D2C clothing brand. Received wrong fit clothing with stitching defects. Seller is not answering emails or calls. Complaint registered. Disappointed with the service quality.,https://www.instagram.com/p/C500181/,Seller Fraud,Critical,Customer,Trust Score; Marketplace Dashboard,en,India,103,1,0
CMP_00179,LinkedIn,Flipkart,Other/Unspecified,"Fri, 09 Jan 2026",Flipkart seller fraud price mismatch chargeback issue (Flipkart),Charged extra price mismatch on checkout. Refund promised by support within 48 hours but no refund received after 3 weeks. Cheated by seller. Escalated to consumer court forum. Ticket #50182.,https://www.linkedin.com/posts/user_182_complaint_activity_7180000182,Price Mismatch,High,Customer,Marketplace Dashboard,en,India,118,24,0
CMP_00180,LinkedIn,Shopify,Apparel/Clothing,"Mon, 26 Jan 2026",D2C apparel store seller fraud wrong size delivered no response (Shopify),Ordered an ethnic dress from a Shopify D2C clothing brand. Received wrong fit clothing with stitching defects. Seller is not answering emails or calls. Escalated to consumer court forum. Ticket #50183.,https://www.linkedin.com/posts/user_183_complaint_activity_7180000183,Seller Fraud,Critical,Customer,Trust Score; Marketplace Dashboard,en,India,97,7,0
CMP_00181,X (Twitter),Myntra,Footwear,"Sat, 03 Jan 2026",Myntra delivered used scuffed leather shoes as new product (Myntra),"Bought formal leather shoes on Myntra sale. Delivered pair had scuffed soles and open box seal, clearly a used product sent as new. Return requested. Order date: 04 Feb 2026. Seeking immediate resolution.",https://x.com/user_184/status/1780000000184,Used Product,High,Customer,Evidence Collection; Evidence Consistency; Marketplace Dashboard,en,India,145,21,7
CMP_00182,Reddit,Ajio,Footwear,"Sun, 04 Jan 2026",Ajio wrong footwear size delivered and delivery agent dispute (Ajio),Ordered Adidas sneakers on Ajio. Delivered wrong shoe size. Return pickup agent refused to accept parcel claiming box damage created by courier. Case ID #80186. Terrible experience with Ajio customer support.,https://www.reddit.com/r/AjioIn/comments/c00186/complaint/,Pickup Failure,Medium,Customer,Case Timeline; Marketplace Dashboard,en,India,11,20,0
CMP_00183,Facebook,Amazon,Apparel/Clothing,"Thu, 08 Jan 2026",Amazon seller sent fake counterfeit running shoes refund delayed (Amazon),Bought Nike sneakers from an Amazon seller. Received fake counterfeit shoes with poor sole stitching and cheap rubber scent. Returned item 10 days ago but refund is delayed. Order reference #100187. Please help resolve this issue urgently.,https://www.facebook.com/groups/consumercomplaints/posts/8800187/,Counterfeit Product,Critical,Customer,Evidence Collection; Evidence Consistency; Marketplace Dashboard,en,India,62,35,4
CMP_00184,Facebook,Meesho,Apparel/Clothing,"Sun, 25 Jan 2026",Meesho seller delivered used stained clothes instead of new saree (Meesho),Ordered a brand new designer saree on Meesho but received used stained clothes with torn stitching. Customer support refused to issue refund. Order date: 08 Feb 2026. Seeking immediate resolution.,https://www.facebook.com/groups/consumercomplaints/posts/8800188/,Used Product,High,Customer,Evidence Collection; Evidence Consistency; Marketplace Dashboard,en,India,140,27,4
CMP_00185,Reddit,Ajio,Apparel/Clothing,"Sun, 25 Jan 2026",Ajio wrong size clothing received and pickup failed twice (Ajio),Received wrong size jeans from Ajio instead of Medium size ordered. Raised return request but pickup agent failed to arrive twice and return window is expiring. Requesting refund or replacement immediately. Order #20190.,https://www.reddit.com/r/AjioIn/comments/c00190/complaint/,Pickup Failure,Medium,Customer,Case Timeline; Marketplace Dashboard,en,India,57,29,0
CMP_00186,Facebook,Myntra,Footwear,"Sun, 25 Jan 2026",Myntra delivered used scuffed leather shoes as new product (Myntra),"Bought formal leather shoes on Myntra sale. Delivered pair had scuffed soles and open box seal, clearly a used product sent as new. Return requested. Case ID #80191. Terrible experience with Myntra customer support.",https://www.facebook.com/groups/consumercomplaints/posts/8800191/,Used Product,High,Customer,Evidence Collection; Evidence Consistency; Marketplace Dashboard,en,India,27,24,11
CMP_00187,Reddit,Meesho,Footwear,"Mon, 19 Jan 2026",Meesho seller sent wrong footwear item empty box scam (Meesho),"Ordered sports shoes on Meesho. Package arrived light, and inside was empty box with old newspaper. Customer care not helping with refund. Order date: 12 Feb 2026. Seeking immediate resolution.",https://www.reddit.com/r/MeeshoIn/comments/c00192/complaint/,Empty Box Delivery,Critical,Customer,Evidence Collection; Evidence Consistency; Marketplace Dashboard,en,India,50,8,0
CMP_00188,Facebook,Ajio,Footwear,"Fri, 13 Feb 2026",Ajio wrong footwear size delivered and delivery agent dispute (Ajio),Ordered Adidas sneakers on Ajio. Delivered wrong shoe size. Return pickup agent refused to accept parcel claiming box damage created by courier. Order reference #100193. Please help resolve this issue urgently.,https://www.facebook.com/groups/consumercomplaints/posts/8800193/,Pickup Failure,Medium,Customer,Case Timeline; Marketplace Dashboard,en,India,56,2,1
CMP_00189,LinkedIn,Amazon,Apparel/Clothing,"Sat, 10 Jan 2026",Amazon seller sent fake counterfeit running shoes refund delayed (Amazon),Bought Nike sneakers from an Amazon seller. Received fake counterfeit shoes with poor sole stitching and cheap rubber scent. Returned item 10 days ago but refund is delayed. Case ID #80194. Terrible experience with Amazon customer support.,https://www.linkedin.com/posts/user_194_complaint_activity_7180000194,Counterfeit Product,Critical,Customer,Evidence Collection; Evidence Consistency; Marketplace Dashboard,en,India,54,5,0
CMP_00190,Instagram,Nykaa,Apparel/Clothing,"Sun, 08 Feb 2026",Nykaa Fashion wrong fit dress received and replacement denied (Nykaa),Bought a nightwear set on Nykaa Fashion. The item received had incorrect size tag and defective fabric. Nykaa support rejected my replacement request. Case ID #80195. Terrible experience with Nykaa customer support.,https://www.instagram.com/p/C500195/,Replacement Rejected,High,Customer,Adaptive Verification; Explainability; Marketplace Dashboard,en,India,57,15,0
CMP_00191,LinkedIn,Flipkart,Apparel/Clothing,"Mon, 09 Feb 2026",Flipkart sent counterfeit branded t-shirt with defective stitching (Flipkart),Ordered a Levi's denim jacket on Flipkart sale. Received cheap counterfeit duplicate product with loose stitching and wrong tag. Seller fraud! Case ID #80196. Terrible experience with Flipkart customer support.,https://www.linkedin.com/posts/user_196_complaint_activity_7180000196,Counterfeit Product,Critical,Customer,Evidence Collection; Evidence Consistency; Marketplace Dashboard,en,India,2,18,0
CMP_00192,X (Twitter),Ajio,Other/Unspecified,"Thu, 05 Feb 2026",Ajio open box delivery damaged product received (Ajio),Received damaged home decor item from Ajio. Outer box was torn. Customer care refused replacement citing return window expired. Case ID #80197. Terrible experience with Ajio customer support.,https://x.com/user_197/status/1780000000197,Policy Issue,Medium,Customer,Adaptive Verification; Explainability; Marketplace Dashboard,en,India,66,12,3
CMP_00193,Reddit,Nykaa,Footwear,"Fri, 02 Jan 2026",Nykaa Fashion damaged heels delivered refund rejected (Nykaa),Ordered party heels on Nykaa Fashion. Arrived broken with detached heel. Customer care rejected return claim saying damage occurred post delivery. Case ID #80198. Terrible experience with Nykaa customer support.,https://www.reddit.com/r/NykaaIn/comments/c00198/complaint/,Damaged Product,High,Customer,Evidence Collection; Evidence Consistency; Marketplace Dashboard,en,India,93,16,0
CMP_00194,Instagram,Amazon,Other/Unspecified,"Sat, 03 Jan 2026",Amazon seller COD scam open box delivery fraud (Amazon),"Delivery boy demanded cash for open box delivery. Box had broken item inside, delivery agent ran away with cash. Consumer court complaint raised. Complaint registered. Disappointed with the service quality.",https://www.instagram.com/p/C500199/,COD Scam,Critical,Customer,Trust Score; Marketplace Dashboard,en,India,46,17,0
CMP_00195,Reddit,Ajio,Other/Unspecified,"Wed, 18 Feb 2026",Ajio open box delivery damaged product received (Ajio),Received damaged home decor item from Ajio. Outer box was torn. Customer care refused replacement citing return window expired. Case ID #80200. Terrible experience with Ajio customer support.,https://www.reddit.com/r/AjioIn/comments/c00200/complaint/,Policy Issue,Medium,Customer,Adaptive Verification; Explainability; Marketplace Dashboard,en,India,109,34,0
CMP_00196,Reddit,Meesho,Footwear,"Tue, 06 Jan 2026",Meesho seller sent wrong footwear item empty box scam (Meesho),"Ordered sports shoes on Meesho. Package arrived light, and inside was empty box with old newspaper. Customer care not helping with refund. Requesting refund or replacement immediately. Order #20201.",https://www.reddit.com/r/MeeshoIn/comments/c00201/complaint/,Empty Box Delivery,Critical,Customer,Evidence Collection; Evidence Consistency; Marketplace Dashboard,en,India,123,29,0
CMP_00197,LinkedIn,Flipkart,Beauty/Personal Care,"Sun, 08 Feb 2026",Flipkart damaged perfume bottle leaked in packaging (Flipkart),Perfume ordered on Flipkart arrived shattered with liquid leaked inside packaging box. Customer care claiming non-returnable item policy. Escalated to consumer court forum. Ticket #50202.,https://www.linkedin.com/posts/user_202_complaint_activity_7180000202,Damaged Product,High,Customer,Evidence Collection; Evidence Consistency; Marketplace Dashboard,en,India,29,29,0
CMP_00198,Instagram,Amazon,Apparel/Clothing,"Tue, 10 Feb 2026",Amazon fashion wrong garment delivered and refund delayed (Amazon),"Bought a cotton dress on Amazon Fashion, but received a completely different synthetic top. Returned the package 12 days ago but refund is still pending. Case ID #80203. Terrible experience with Amazon customer support.",https://www.instagram.com/p/C500203/,Refund Delay,High,Customer,Case Timeline; Marketplace Dashboard,en,India,13,34,0
CMP_00199,LinkedIn,Flipkart,Electronics,"Thu, 12 Feb 2026",Flipkart delivered empty box instead of smartphone (Flipkart),"Ordered a mobile phone on Flipkart during sale. Delivery agent handed over parcel, but inside box was completely empty with soap bar inside. Customer support refused refund. Order date: 05 Jan 2026. Seeking immediate resolution.",https://www.linkedin.com/posts/user_204_complaint_activity_7180000204,Empty Box Delivery,Critical,Customer,Evidence Collection; Evidence Consistency; Marketplace Dashboard,en,India,9,4,0
CMP_00200,Facebook,Myntra,Footwear,"Thu, 29 Jan 2026",Myntra delivered used scuffed leather shoes as new product (Myntra),"Bought formal leather shoes on Myntra sale. Delivered pair had scuffed soles and open box seal, clearly a used product sent as new. Return requested. Order date: 06 Jan 2026. Seeking immediate resolution.",https://www.facebook.com/groups/consumercomplaints/posts/8800205/,Used Product,High,Customer,Evidence Collection; Evidence Consistency; Marketplace Dashboard,en,India,29,32,14
CMP_00201,Reddit,Nykaa,Apparel/Clothing,"Thu, 22 Jan 2026",Nykaa Fashion wrong fit dress received and replacement denied (Nykaa),Bought a nightwear set on Nykaa Fashion. The item received had incorrect size tag and defective fabric. Nykaa support rejected my replacement request. Order reference #100206. Please help resolve this issue urgently.,https://www.reddit.com/r/NykaaIn/comments/c00206/complaint/,Replacement Rejected,High,Customer,Adaptive Verification; Explainability; Marketplace Dashboard,en,India,39,5,0
CMP_00202,X (Twitter),Nykaa,Apparel/Clothing,"Tue, 10 Feb 2026",Nykaa Fashion wrong fit dress received and replacement denied (Nykaa),Bought a nightwear set on Nykaa Fashion. The item received had incorrect size tag and defective fabric. Nykaa support rejected my replacement request. Complaint registered. Disappointed with the service quality.,https://x.com/user_207/status/1780000000207,Replacement Rejected,High,Customer,Adaptive Verification; Explainability; Marketplace Dashboard,en,India,142,21,12
CMP_00203,Instagram,Amazon,Apparel/Clothing,"Tue, 20 Jan 2026",Amazon fashion wrong garment delivered and refund delayed (Amazon),"Bought a cotton dress on Amazon Fashion, but received a completely different synthetic top. Returned the package 12 days ago but refund is still pending. Escalated to consumer court forum. Ticket #50208.",https://www.instagram.com/p/C500208/,Refund Delay,High,Customer,Case Timeline; Marketplace Dashboard,en,India,118,33,0
CMP_00204,Instagram,Myntra,Apparel/Clothing,"Thu, 08 Jan 2026",Wrong size dress delivered and return rejected by Myntra (Myntra),"I ordered an XL size kurta from Myntra, but received a damaged small size dress. When I applied for return, Myntra rejected my return request stating quality check failed. Order date: 10 Jan 2026. Seeking immediate resolution.",https://www.instagram.com/p/C500209/,Return Rejected,High,Customer,Adaptive Verification; Explainability; Marketplace Dashboard,en,India,31,36,0
CMP_00205,X (Twitter),Myntra,Apparel/Clothing,"Fri, 30 Jan 2026",Wrong size dress delivered and return rejected by Myntra (Myntra),"I ordered an XL size kurta from Myntra, but received a damaged small size dress. When I applied for return, Myntra rejected my return request stating quality check failed. Order date: 11 Jan 2026. Seeking immediate resolution.",https://x.com/user_210/status/1780000000210,Return Rejected,High,Customer,Adaptive Verification; Explainability; Marketplace Dashboard,en,India,60,27,10
CMP_00206,Facebook,D2C Brand,Apparel/Clothing,"Wed, 28 Jan 2026",D2C clothing brand refund not received after return pickup (D2C Brand),Returned a defective dress to D2C fashion store over 2 weeks ago. Pickup was completed but refund not received in bank account. Complete scam! Order date: 12 Jan 2026. Seeking immediate resolution.,https://www.facebook.com/groups/consumercomplaints/posts/8800211/,Refund Delay,High,Customer,Case Timeline; Marketplace Dashboard,en,India,26,21,13
CMP_00207,LinkedIn,Nykaa,Apparel/Clothing,"Sun, 18 Jan 2026",Nykaa Fashion wrong fit dress received and replacement denied (Nykaa),Bought a nightwear set on Nykaa Fashion. The item received had incorrect size tag and defective fabric. Nykaa support rejected my replacement request. Requesting refund or replacement immediately. Order #20212.,https://www.linkedin.com/posts/user_212_complaint_activity_7180000212,Replacement Rejected,High,Customer,Adaptive Verification; Explainability; Marketplace Dashboard,en,India,97,10,0
CMP_00208,Facebook,Ajio,Footwear,"Wed, 07 Jan 2026",Ajio wrong footwear size delivered and delivery agent dispute (Ajio),Ordered Adidas sneakers on Ajio. Delivered wrong shoe size. Return pickup agent refused to accept parcel claiming box damage created by courier. Order reference #100213. Please help resolve this issue urgently.,https://www.facebook.com/groups/consumercomplaints/posts/8800213/,Pickup Failure,Medium,Customer,Case Timeline; Marketplace Dashboard,en,India,23,6,13
CMP_00209,Reddit,Shopify,Apparel/Clothing,"Wed, 18 Feb 2026",D2C apparel store seller fraud wrong size delivered no response (Shopify),Ordered an ethnic dress from a Shopify D2C clothing brand. Received wrong fit clothing with stitching defects. Seller is not answering emails or calls. Requesting refund or replacement immediately. Order #20214.,https://www.reddit.com/r/ShopifyIn/comments/c00214/complaint/,Seller Fraud,Critical,Customer,Trust Score; Marketplace Dashboard,en,India,97,9,0
CMP_00210,Instagram,Nykaa,Footwear,"Sun, 08 Feb 2026",Nykaa Fashion damaged heels delivered refund rejected (Nykaa),Ordered party heels on Nykaa Fashion. Arrived broken with detached heel. Customer care rejected return claim saying damage occurred post delivery. Order reference #100215. Please help resolve this issue urgently.,https://www.instagram.com/p/C500215/,Damaged Product,High,Customer,Evidence Collection; Evidence Consistency; Marketplace Dashboard,en,India,145,36,0
CMP_00211,Facebook,Meesho,Apparel/Clothing,"Mon, 05 Jan 2026",Meesho seller delivered used stained clothes instead of new saree (Meesho),Ordered a brand new designer saree on Meesho but received used stained clothes with torn stitching. Customer support refused to issue refund. Requesting refund or replacement immediately. Order #20217.,https://www.facebook.com/groups/consumercomplaints/posts/8800217/,Used Product,High,Customer,Evidence Collection; Evidence Consistency; Marketplace Dashboard,en,India,75,20,11
CMP_00212,Reddit,Nykaa,Footwear,"Tue, 03 Feb 2026",Nykaa Fashion damaged heels delivered refund rejected (Nykaa),Ordered party heels on Nykaa Fashion. Arrived broken with detached heel. Customer care rejected return claim saying damage occurred post delivery. Escalated to consumer court forum. Ticket #50218.,https://www.reddit.com/r/NykaaIn/comments/c00218/complaint/,Damaged Product,High,Customer,Evidence Collection; Evidence Consistency; Marketplace Dashboard,en,India,56,10,0
CMP_00213,Facebook,Snapdeal,Electronics,"Thu, 08 Jan 2026",Snapdeal warehouse issue refund pending for 1 month (Snapdeal),Returned defective kitchen appliance to Snapdeal warehouse a month ago. Refund not processed despite multiple follow ups. Case ID #80219. Terrible experience with Snapdeal customer support.,https://www.facebook.com/groups/consumercomplaints/posts/8800219/,Warehouse Issue,High,Customer,Marketplace Dashboard,en,India,91,36,11
CMP_00214,Reddit,Myntra,Apparel/Clothing,"Sat, 07 Feb 2026",Wrong size dress delivered and return rejected by Myntra (Myntra),"I ordered an XL size kurta from Myntra, but received a damaged small size dress. When I applied for return, Myntra rejected my return request stating quality check failed. Complaint registered. Disappointed with the service quality.",https://www.reddit.com/r/MyntraIn/comments/c00220/complaint/,Return Rejected,High,Customer,Adaptive Verification; Explainability; Marketplace Dashboard,en,India,59,28,0
CMP_00215,Instagram,Amazon,Apparel/Clothing,"Tue, 10 Feb 2026",Amazon fashion wrong garment delivered and refund delayed (Amazon),"Bought a cotton dress on Amazon Fashion, but received a completely different synthetic top. Returned the package 12 days ago but refund is still pending. Escalated to consumer court forum. Ticket #50221.",https://www.instagram.com/p/C500221/,Refund Delay,High,Customer,Case Timeline; Marketplace Dashboard,en,India,144,2,0
CMP_00216,Instagram,Meesho,Home/Kitchen,"Sun, 15 Feb 2026",Meesho return rejected for kitchen utensil order (Meesho),Ordered non-stick pan on Meesho. Item was cracked. Meesho seller rejected return request claiming customer damage. Unfair policy. Requesting refund or replacement immediately. Order #20222.,https://www.instagram.com/p/C500222/,Return Rejected,High,Customer,Adaptive Verification; Explainability; Marketplace Dashboard,en,India,70,2,0
CMP_00217,LinkedIn,Amazon,Apparel/Clothing,"Sat, 24 Jan 2026",Amazon seller sent fake counterfeit running shoes refund delayed (Amazon),Bought Nike sneakers from an Amazon seller. Received fake counterfeit shoes with poor sole stitching and cheap rubber scent. Returned item 10 days ago but refund is delayed. Complaint registered. Disappointed with the service quality.,https://www.linkedin.com/posts/user_223_complaint_activity_7180000223,Counterfeit Product,Critical,Customer,Evidence Collection; Evidence Consistency; Marketplace Dashboard,en,India,3,12,0
CMP_00218,X (Twitter),Myntra,Footwear,"Fri, 13 Feb 2026",Myntra delivered used scuffed leather shoes as new product (Myntra),"Bought formal leather shoes on Myntra sale. Delivered pair had scuffed soles and open box seal, clearly a used product sent as new. Return requested. Escalated to consumer court forum. Ticket #50224.",https://x.com/user_224/status/1780000000224,Used Product,High,Customer,Evidence Collection; Evidence Consistency; Marketplace Dashboard,en,India,104,5,4
CMP_00219,Reddit,Amazon,Apparel/Clothing,"Wed, 18 Feb 2026",Amazon seller sent fake counterfeit running shoes refund delayed (Amazon),Bought Nike sneakers from an Amazon seller. Received fake counterfeit shoes with poor sole stitching and cheap rubber scent. Returned item 10 days ago but refund is delayed. Order reference #100225. Please help resolve this issue urgently.,https://www.reddit.com/r/AmazonIn/comments/c00225/complaint/,Counterfeit Product,Critical,Customer,Evidence Collection; Evidence Consistency; Marketplace Dashboard,en,India,137,14,0
CMP_00220,Facebook,Meesho,Footwear,"Sat, 31 Jan 2026",Meesho seller sent wrong footwear item empty box scam (Meesho),"Ordered sports shoes on Meesho. Package arrived light, and inside was empty box with old newspaper. Customer care not helping with refund. Order date: 27 Jan 2026. Seeking immediate resolution.",https://www.facebook.com/groups/consumercomplaints/posts/8800226/,Empty Box Delivery,Critical,Customer,Evidence Collection; Evidence Consistency; Marketplace Dashboard,en,India,89,11,11
CMP_00221,LinkedIn,Flipkart,Apparel/Clothing,"Thu, 22 Jan 2026",Flipkart sent counterfeit branded t-shirt with defective stitching (Flipkart),Ordered a Levi's denim jacket on Flipkart sale. Received cheap counterfeit duplicate product with loose stitching and wrong tag. Seller fraud! Requesting refund or replacement immediately. Order #20227.,https://www.linkedin.com/posts/user_227_complaint_activity_7180000227,Counterfeit Product,Critical,Customer,Evidence Collection; Evidence Consistency; Marketplace Dashboard,en,India,23,4,0
CMP_00222,X (Twitter),Shopify,Apparel/Clothing,"Thu, 19 Feb 2026",D2C apparel store seller fraud wrong size delivered no response (Shopify),Ordered an ethnic dress from a Shopify D2C clothing brand. Received wrong fit clothing with stitching defects. Seller is not answering emails or calls. Case ID #80228. Terrible experience with Shopify customer support.,https://x.com/user_228/status/1780000000228,Seller Fraud,Critical,Customer,Trust Score; Marketplace Dashboard,en,India,14,6,8
CMP_00223,Facebook,Myntra,Electronics,"Thu, 29 Jan 2026",Myntra customer support unresponsive for delayed parcel (Myntra),Parcel delayed by 10 days. No response from Myntra chat support or phone helpline. Package lost in fulfillment center warehouse. Requesting refund or replacement immediately. Order #20229.,https://www.facebook.com/groups/consumercomplaints/posts/8800229/,Customer Support,Medium,Customer,Human Review; Marketplace Dashboard,en,India,126,29,13
CMP_00224,LinkedIn,Meesho,Footwear,"Thu, 19 Feb 2026",Meesho seller sent wrong footwear item empty box scam (Meesho),"Ordered sports shoes on Meesho. Package arrived light, and inside was empty box with old newspaper. Customer care not helping with refund. Case ID #80230. Terrible experience with Meesho customer support.",https://www.linkedin.com/posts/user_230_complaint_activity_7180000230,Empty Box Delivery,Critical,Customer,Evidence Collection; Evidence Consistency; Marketplace Dashboard,en,India,133,8,0
CMP_00225,LinkedIn,JioMart,Electronics,"Fri, 09 Jan 2026",JioMart seller fraud fake wireless earphone delivered (JioMart),Bought Bluetooth earphones on JioMart. Received counterfeit unbranded duplicate earphone that stopped working in 1 hour. Seller fraud! Order date: 01 Feb 2026. Seeking immediate resolution.,https://www.linkedin.com/posts/user_231_complaint_activity_7180000231,Counterfeit Product,Critical,Customer,Evidence Collection; Evidence Consistency; Marketplace Dashboard,en,India,74,38,0
CMP_00226,Facebook,Amazon,Apparel/Clothing,"Fri, 13 Feb 2026",Amazon fashion wrong garment delivered and refund delayed (Amazon),"Bought a cotton dress on Amazon Fashion, but received a completely different synthetic top. Returned the package 12 days ago but refund is still pending. Escalated to consumer court forum. Ticket #50232.",https://www.facebook.com/groups/consumercomplaints/posts/8800232/,Refund Delay,High,Customer,Case Timeline; Marketplace Dashboard,en,India,80,3,7
CMP_00227,Facebook,Nykaa,Beauty/Personal Care,"Mon, 05 Jan 2026",Nykaa fake counterfeit lipstick delivered expired product (Nykaa),Bought MAC lipstick on Nykaa sale. Received fake counterfeit product with chemical odor and broken seal. Return rejected by customer care. Escalated to consumer court forum. Ticket #50233.,https://www.facebook.com/groups/consumercomplaints/posts/8800233/,Counterfeit Product,Critical,Customer,Evidence Collection; Evidence Consistency; Marketplace Dashboard,en,India,3,14,9
CMP_00228,X (Twitter),Ajio,Footwear,"Thu, 19 Feb 2026",Ajio wrong footwear size delivered and delivery agent dispute (Ajio),Ordered Adidas sneakers on Ajio. Delivered wrong shoe size. Return pickup agent refused to accept parcel claiming box damage created by courier. Case ID #80234. Terrible experience with Ajio customer support.,https://x.com/user_234/status/1780000000234,Pickup Failure,Medium,Customer,Case Timeline; Marketplace Dashboard,en,India,67,19,10
CMP_00229,Reddit,Myntra,Apparel/Clothing,"Mon, 02 Feb 2026",Wrong size dress delivered and return rejected by Myntra (Myntra),"I ordered an XL size kurta from Myntra, but received a damaged small size dress. When I applied for return, Myntra rejected my return request stating quality check failed. Order reference #100235. Please help resolve this issue urgently.",https://www.reddit.com/r/MyntraIn/comments/c00235/complaint/,Return Rejected,High,Customer,Adaptive Verification; Explainability; Marketplace Dashboard,en,India,112,12,0
CMP_00230,X (Twitter),Amazon,Other/Unspecified,"Thu, 05 Feb 2026",Amazon seller COD scam open box delivery fraud (Amazon),"Delivery boy demanded cash for open box delivery. Box had broken item inside, delivery agent ran away with cash. Consumer court complaint raised. Order date: 06 Feb 2026. Seeking immediate resolution.",https://x.com/user_236/status/1780000000236,COD Scam,Critical,Customer,Trust Score; Marketplace Dashboard,en,India,60,33,11
CMP_00231,Reddit,Myntra,Apparel/Clothing,"Wed, 18 Feb 2026",Wrong size dress delivered and return rejected by Myntra (Myntra),"I ordered an XL size kurta from Myntra, but received a damaged small size dress. When I applied for return, Myntra rejected my return request stating quality check failed. Order date: 07 Feb 2026. Seeking immediate resolution.",https://www.reddit.com/r/MyntraIn/comments/c00237/complaint/,Return Rejected,High,Customer,Adaptive Verification; Explainability; Marketplace Dashboard,en,India,12,28,0
CMP_00232,Reddit,Nykaa,Beauty/Personal Care,"Tue, 06 Jan 2026",Nykaa fake counterfeit lipstick delivered expired product (Nykaa),Bought MAC lipstick on Nykaa sale. Received fake counterfeit product with chemical odor and broken seal. Return rejected by customer care. Order date: 08 Feb 2026. Seeking immediate resolution.,https://www.reddit.com/r/NykaaIn/comments/c00238/complaint/,Counterfeit Product,Critical,Customer,Evidence Collection; Evidence Consistency; Marketplace Dashboard,en,India,82,37,0
CMP_00233,Facebook,Nykaa,Apparel/Clothing,"Tue, 27 Jan 2026",Nykaa Fashion wrong fit dress received and replacement denied (Nykaa),Bought a nightwear set on Nykaa Fashion. The item received had incorrect size tag and defective fabric. Nykaa support rejected my replacement request. Escalated to consumer court forum. Ticket #50239.,https://www.facebook.com/groups/consumercomplaints/posts/8800239/,Replacement Rejected,High,Customer,Adaptive Verification; Explainability; Marketplace Dashboard,en,India,108,19,3
CMP_00234,Facebook,Nykaa,Footwear,"Thu, 22 Jan 2026",Nykaa Fashion damaged heels delivered refund rejected (Nykaa),Ordered party heels on Nykaa Fashion. Arrived broken with detached heel. Customer care rejected return claim saying damage occurred post delivery. Order reference #100240. Please help resolve this issue urgently.,https://www.facebook.com/groups/consumercomplaints/posts/8800240/,Damaged Product,High,Customer,Evidence Collection; Evidence Consistency; Marketplace Dashboard,en,India,45,30,11
CMP_00235,Reddit,Ajio,Other/Unspecified,"Thu, 08 Jan 2026",Ajio open box delivery damaged product received (Ajio),Received damaged home decor item from Ajio. Outer box was torn. Customer care refused replacement citing return window expired. Order date: 11 Feb 2026. Seeking immediate resolution.,https://www.reddit.com/r/AjioIn/comments/c00241/complaint/,Policy Issue,Medium,Customer,Adaptive Verification; Explainability; Marketplace Dashboard,en,India,64,28,0
CMP_00236,Instagram,Amazon,Beauty/Personal Care,"Wed, 04 Feb 2026",Amazon skincare cream missing item from combo order (Amazon),Ordered face wash and lotion combo on Amazon. Delivery was missing lotion bottle. Amazon support bot refused to issue partial refund. Order date: 12 Feb 2026. Seeking immediate resolution.,https://www.instagram.com/p/C500242/,Missing Items,Medium,Customer,Evidence Collection; Evidence Consistency; Marketplace Dashboard,en,India,22,26,0
CMP_00237,LinkedIn,Shopify,Other/Unspecified,"Fri, 23 Jan 2026",D2C electronics store fake seller non delivery fraud (Shopify),Paid via UPI for smartwatch on a Shopify store. Item was marked delivered but lost package in transit. Seller deleted website. Requesting refund or replacement immediately. Order #20243.,https://www.linkedin.com/posts/user_243_complaint_activity_7180000243,Lost Package,Critical,Customer,Case Timeline; Marketplace Dashboard,en,India,58,22,0
CMP_00238,X (Twitter),Shopify,Apparel/Clothing,"Tue, 03 Feb 2026",D2C apparel store seller fraud wrong size delivered no response (Shopify),Ordered an ethnic dress from a Shopify D2C clothing brand. Received wrong fit clothing with stitching defects. Seller is not answering emails or calls. Order reference #100244. Please help resolve this issue urgently.,https://x.com/user_244/status/1780000000244,Seller Fraud,Critical,Customer,Trust Score; Marketplace Dashboard,en,India,31,34,6
CMP_00239,X (Twitter),Flipkart,Footwear,"Thu, 08 Jan 2026",Flipkart wrong shoe size delivered and replacement rejected (Flipkart),Ordered Puma running shoes size 9 on Flipkart. Delivered size 7. Applied for replacement but Flipkart rejected stating item is non-returnable. Case ID #80245. Terrible experience with Flipkart customer support.,https://x.com/user_245/status/1780000000245,Replacement Rejected,High,Customer,Adaptive Verification; Explainability; Marketplace Dashboard,en,India,39,17,6
CMP_00240,X (Twitter),Amazon,Beauty/Personal Care,"Sun, 11 Jan 2026",Amazon skincare cream missing item from combo order (Amazon),Ordered face wash and lotion combo on Amazon. Delivery was missing lotion bottle. Amazon support bot refused to issue partial refund. Escalated to consumer court forum. Ticket #50246.,https://x.com/user_246/status/1780000000246,Missing Items,Medium,Customer,Evidence Collection; Evidence Consistency; Marketplace Dashboard,en,India,21,12,15
CMP_00241,Facebook,Meesho,Footwear,"Thu, 19 Feb 2026",Meesho seller sent wrong footwear item empty box scam (Meesho),"Ordered sports shoes on Meesho. Package arrived light, and inside was empty box with old newspaper. Customer care not helping with refund. Escalated to consumer court forum. Ticket #50247.",https://www.facebook.com/groups/consumercomplaints/posts/8800247/,Empty Box Delivery,Critical,Customer,Evidence Collection; Evidence Consistency; Marketplace Dashboard,en,India,116,37,10
CMP_00242,LinkedIn,Flipkart,Apparel/Clothing,"Fri, 30 Jan 2026",Flipkart sent counterfeit branded t-shirt with defective stitching (Flipkart),Ordered a Levi's denim jacket on Flipkart sale. Received cheap counterfeit duplicate product with loose stitching and wrong tag. Seller fraud! Case ID #80248. Terrible experience with Flipkart customer support.,https://www.linkedin.com/posts/user_248_complaint_activity_7180000248,Counterfeit Product,Critical,Customer,Evidence Collection; Evidence Consistency; Marketplace Dashboard,en,India,19,31,0
CMP_00243,Facebook,Nykaa,Footwear,"Wed, 21 Jan 2026",Nykaa Fashion damaged heels delivered refund rejected (Nykaa),Ordered party heels on Nykaa Fashion. Arrived broken with detached heel. Customer care rejected return claim saying damage occurred post delivery. Requesting refund or replacement immediately. Order #20249.,https://www.facebook.com/groups/consumercomplaints/posts/8800249/,Damaged Product,High,Customer,Evidence Collection; Evidence Consistency; Marketplace Dashboard,en,India,72,38,1
CMP_00244,LinkedIn,Meesho,Home/Kitchen,"Tue, 06 Jan 2026",Meesho return rejected for kitchen utensil order (Meesho),Ordered non-stick pan on Meesho. Item was cracked. Meesho seller rejected return request claiming customer damage. Unfair policy. Escalated to consumer court forum. Ticket #50250.,https://www.linkedin.com/posts/user_250_complaint_activity_7180000250,Return Rejected,High,Customer,Adaptive Verification; Explainability; Marketplace Dashboard,en,India,81,30,0
CMP_00245,Facebook,Flipkart,Electronics,"Mon, 05 Jan 2026",Flipkart delivered empty box instead of smartphone (Flipkart),"Ordered a mobile phone on Flipkart during sale. Delivery agent handed over parcel, but inside box was completely empty with soap bar inside. Customer support refused refund. Order reference #100251. Please help resolve this issue urgently.",https://www.facebook.com/groups/consumercomplaints/posts/8800251/,Empty Box Delivery,Critical,Customer,Evidence Collection; Evidence Consistency; Marketplace Dashboard,en,India,96,19,2
CMP_00246,Reddit,JioMart,Apparel/Clothing,"Mon, 09 Feb 2026",JioMart delivered torn shirt with missing accessories (JioMart),Ordered formal shirt set on JioMart. Received torn fabric item with missing buttons. Customer support bot keeps repeating standard automated responses. Escalated to consumer court forum. Ticket #50252.,https://www.reddit.com/r/JioMartIn/comments/c00252/complaint/,Damaged Product,Medium,Customer,Evidence Collection; Evidence Consistency; Marketplace Dashboard,en,India,131,25,0
CMP_00247,Facebook,Ajio,Apparel/Clothing,"Fri, 06 Feb 2026",Ajio wrong size clothing received and pickup failed twice (Ajio),Received wrong size jeans from Ajio instead of Medium size ordered. Raised return request but pickup agent failed to arrive twice and return window is expiring. Escalated to consumer court forum. Ticket #50253.,https://www.facebook.com/groups/consumercomplaints/posts/8800253/,Pickup Failure,Medium,Customer,Case Timeline; Marketplace Dashboard,en,India,12,29,6
CMP_00248,LinkedIn,JioMart,Other/Unspecified,"Sun, 01 Feb 2026",JioMart grocery item delivery failed lost package (JioMart),Order marked delivered on JioMart app but parcel never arrived. Delivery agent updated fake delivery status. Cyber cell dispute pending. Escalated to consumer court forum. Ticket #50254.,https://www.linkedin.com/posts/user_254_complaint_activity_7180000254,Delivery Failure,High,Customer,Case Timeline; Marketplace Dashboard,en,India,130,10,0
CMP_00249,Reddit,Snapdeal,Apparel/Clothing,"Thu, 08 Jan 2026",Snapdeal fake branded shirt delivered wrong size (Snapdeal),Ordered formal trousers on Snapdeal. Received wrong size fake shirt with wrong price tag. Return request marked rejected by seller. Order date: 06 Jan 2026. Seeking immediate resolution.,https://www.reddit.com/r/SnapdealIn/comments/c00255/complaint/,Wrong Product,High,Customer,Evidence Collection; Evidence Consistency; Marketplace Dashboard,en,India,89,6,0
CMP_00250,Instagram,Nykaa,Footwear,"Tue, 13 Jan 2026",Nykaa Fashion damaged heels delivered refund rejected (Nykaa),Ordered party heels on Nykaa Fashion. Arrived broken with detached heel. Customer care rejected return claim saying damage occurred post delivery. Requesting refund or replacement immediately. Order #20256.,https://www.instagram.com/p/C500256/,Damaged Product,High,Customer,Evidence Collection; Evidence Consistency; Marketplace Dashboard,en,India,12,16,0
CMP_00251,Facebook,Meesho,Footwear,"Wed, 04 Feb 2026",Meesho seller sent wrong footwear item empty box scam (Meesho),"Ordered sports shoes on Meesho. Package arrived light, and inside was empty box with old newspaper. Customer care not helping with refund. Order date: 08 Jan 2026. Seeking immediate resolution.",https://www.facebook.com/groups/consumercomplaints/posts/8800257/,Empty Box Delivery,Critical,Customer,Evidence Collection; Evidence Consistency; Marketplace Dashboard,en,India,135,11,11
CMP_00252,Facebook,Shopify,Apparel/Clothing,"Fri, 20 Feb 2026",D2C apparel store seller fraud wrong size delivered no response (Shopify),Ordered an ethnic dress from a Shopify D2C clothing brand. Received wrong fit clothing with stitching defects. Seller is not answering emails or calls. Order date: 09 Jan 2026. Seeking immediate resolution.,https://www.facebook.com/groups/consumercomplaints/posts/8800258/,Seller Fraud,Critical,Customer,Trust Score; Marketplace Dashboard,en,India,88,4,10
CMP_00253,Reddit,Myntra,Footwear,"Sat, 14 Feb 2026",Myntra delivered used scuffed leather shoes as new product (Myntra),"Bought formal leather shoes on Myntra sale. Delivered pair had scuffed soles and open box seal, clearly a used product sent as new. Return requested. Escalated to consumer court forum. Ticket #50259.",https://www.reddit.com/r/MyntraIn/comments/c00259/complaint/,Used Product,High,Customer,Evidence Collection; Evidence Consistency; Marketplace Dashboard,en,India,100,19,0
CMP_00254,LinkedIn,Myntra,Electronics,"Fri, 13 Feb 2026",Myntra customer support unresponsive for delayed parcel (Myntra),Parcel delayed by 10 days. No response from Myntra chat support or phone helpline. Package lost in fulfillment center warehouse. Requesting refund or replacement immediately. Order #20260.,https://www.linkedin.com/posts/user_260_complaint_activity_7180000260,Customer Support,Medium,Customer,Human Review; Marketplace Dashboard,en,India,40,22,0
CMP_00255,Reddit,D2C Brand,Apparel/Clothing,"Fri, 13 Feb 2026",D2C clothing brand refund not received after return pickup (D2C Brand),Returned a defective dress to D2C fashion store over 2 weeks ago. Pickup was completed but refund not received in bank account. Complete scam! Escalated to consumer court forum. Ticket #50261.,https://www.reddit.com/r/D2C BrandIn/comments/c00261/complaint/,Refund Delay,High,Customer,Case Timeline; Marketplace Dashboard,en,India,38,23,0
CMP_00256,LinkedIn,Myntra,Apparel/Clothing,"Sun, 15 Feb 2026",Wrong size dress delivered and return rejected by Myntra (Myntra),"I ordered an XL size kurta from Myntra, but received a damaged small size dress. When I applied for return, Myntra rejected my return request stating quality check failed. Requesting refund or replacement immediately. Order #20262.",https://www.linkedin.com/posts/user_262_complaint_activity_7180000262,Return Rejected,High,Customer,Adaptive Verification; Explainability; Marketplace Dashboard,en,India,102,9,0
CMP_00257,Instagram,Shopify,Accessories,"Wed, 07 Jan 2026",Shopify D2C marketplace fraud wrong item delivered (Shopify),Ordered leather wallet from D2C store. Delivered plastic card holder. Store email bounces back. Pure marketplace scam. Requesting refund or replacement immediately. Order #20263.,https://www.instagram.com/p/C500263/,Seller Fraud,Critical,Customer,Trust Score; Marketplace Dashboard,en,India,81,36,0
CMP_00258,Facebook,Ajio,Apparel/Clothing,"Fri, 23 Jan 2026",Ajio wrong size clothing received and pickup failed twice (Ajio),Received wrong size jeans from Ajio instead of Medium size ordered. Raised return request but pickup agent failed to arrive twice and return window is expiring. Requesting refund or replacement immediately. Order #20264.,https://www.facebook.com/groups/consumercomplaints/posts/8800264/,Pickup Failure,Medium,Customer,Case Timeline; Marketplace Dashboard,en,India,34,34,2
CMP_00259,Facebook,Meesho,Apparel/Clothing,"Sun, 25 Jan 2026",Meesho seller delivered used stained clothes instead of new saree (Meesho),Ordered a brand new designer saree on Meesho but received used stained clothes with torn stitching. Customer support refused to issue refund. Escalated to consumer court forum. Ticket #50265.,https://www.facebook.com/groups/consumercomplaints/posts/8800265/,Used Product,High,Customer,Evidence Collection; Evidence Consistency; Marketplace Dashboard,en,India,6,24,9
CMP_00260,X (Twitter),Shopify,Other/Unspecified,"Fri, 23 Jan 2026",D2C electronics store fake seller non delivery fraud (Shopify),Paid via UPI for smartwatch on a Shopify store. Item was marked delivered but lost package in transit. Seller deleted website. Case ID #80266. Terrible experience with Shopify customer support.,https://x.com/user_266/status/1780000000266,Lost Package,Critical,Customer,Case Timeline; Marketplace Dashboard,en,India,126,13,7
CMP_00261,X (Twitter),D2C Brand,Apparel/Clothing,"Tue, 06 Jan 2026",D2C clothing brand refund not received after return pickup (D2C Brand),Returned a defective dress to D2C fashion store over 2 weeks ago. Pickup was completed but refund not received in bank account. Complete scam! Case ID #80267. Terrible experience with D2C Brand customer support.,https://x.com/user_267/status/1780000000267,Refund Delay,High,Customer,Case Timeline; Marketplace Dashboard,en,India,77,7,1
CMP_00262,LinkedIn,Amazon,Other/Unspecified,"Sat, 10 Jan 2026",Amazon seller COD scam open box delivery fraud (Amazon),"Delivery boy demanded cash for open box delivery. Box had broken item inside, delivery agent ran away with cash. Consumer court complaint raised. Escalated to consumer court forum. Ticket #50268.",https://www.linkedin.com/posts/user_268_complaint_activity_7180000268,COD Scam,Critical,Customer,Trust Score; Marketplace Dashboard,en,India,98,10,0
CMP_00263,X (Twitter),Meesho,Footwear,"Sun, 15 Feb 2026",Meesho seller sent wrong footwear item empty box scam (Meesho),"Ordered sports shoes on Meesho. Package arrived light, and inside was empty box with old newspaper. Customer care not helping with refund. Case ID #80269. Terrible experience with Meesho customer support.",https://x.com/user_269/status/1780000000269,Empty Box Delivery,Critical,Customer,Evidence Collection; Evidence Consistency; Marketplace Dashboard,en,India,44,29,1
CMP_00264,X (Twitter),Shopify,Accessories,"Tue, 10 Feb 2026",Shopify D2C marketplace fraud wrong item delivered (Shopify),Ordered leather wallet from D2C store. Delivered plastic card holder. Store email bounces back. Pure marketplace scam. Order date: 21 Jan 2026. Seeking immediate resolution.,https://x.com/user_270/status/1780000000270,Seller Fraud,Critical,Customer,Trust Score; Marketplace Dashboard,en,India,74,29,7
CMP_00265,Instagram,JioMart,Electronics,"Wed, 21 Jan 2026",JioMart seller fraud fake wireless earphone delivered (JioMart),Bought Bluetooth earphones on JioMart. Received counterfeit unbranded duplicate earphone that stopped working in 1 hour. Seller fraud! Case ID #80271. Terrible experience with JioMart customer support.,https://www.instagram.com/p/C500271/,Counterfeit Product,Critical,Customer,Evidence Collection; Evidence Consistency; Marketplace Dashboard,en,India,122,13,0
CMP_00266,LinkedIn,Snapdeal,Apparel/Clothing,"Sat, 07 Feb 2026",Snapdeal fake branded shirt delivered wrong size (Snapdeal),Ordered formal trousers on Snapdeal. Received wrong size fake shirt with wrong price tag. Return request marked rejected by seller. Requesting refund or replacement immediately. Order #20272.,https://www.linkedin.com/posts/user_272_complaint_activity_7180000272,Wrong Product,High,Customer,Evidence Collection; Evidence Consistency; Marketplace Dashboard,en,India,114,30,0
CMP_00267,LinkedIn,Flipkart,Footwear,"Tue, 03 Feb 2026",Flipkart wrong shoe size delivered and replacement rejected (Flipkart),Ordered Puma running shoes size 9 on Flipkart. Delivered size 7. Applied for replacement but Flipkart rejected stating item is non-returnable. Order date: 24 Jan 2026. Seeking immediate resolution.,https://www.linkedin.com/posts/user_273_complaint_activity_7180000273,Replacement Rejected,High,Customer,Adaptive Verification; Explainability; Marketplace Dashboard,en,India,137,27,0
CMP_00268,X (Twitter),Flipkart,Other/Unspecified,"Mon, 09 Feb 2026",Flipkart seller fraud price mismatch chargeback issue (Flipkart),Charged extra price mismatch on checkout. Refund promised by support within 48 hours but no refund received after 3 weeks. Cheated by seller. Case ID #80274. Terrible experience with Flipkart customer support.,https://x.com/user_274/status/1780000000274,Price Mismatch,High,Customer,Marketplace Dashboard,en,India,37,17,1
CMP_00269,Instagram,Flipkart,Apparel/Clothing,"Mon, 16 Feb 2026",Flipkart sent counterfeit branded t-shirt with defective stitching (Flipkart),Ordered a Levi's denim jacket on Flipkart sale. Received cheap counterfeit duplicate product with loose stitching and wrong tag. Seller fraud! Order reference #100275. Please help resolve this issue urgently.,https://www.instagram.com/p/C500275/,Counterfeit Product,Critical,Customer,Evidence Collection; Evidence Consistency; Marketplace Dashboard,en,India,134,8,0
CMP_00270,LinkedIn,Snapdeal,Electronics,"Thu, 19 Feb 2026",Snapdeal warehouse issue refund pending for 1 month (Snapdeal),Returned defective kitchen appliance to Snapdeal warehouse a month ago. Refund not processed despite multiple follow ups. Order reference #100276. Please help resolve this issue urgently.,https://www.linkedin.com/posts/user_276_complaint_activity_7180000276,Warehouse Issue,High,Customer,Marketplace Dashboard,en,India,43,18,0
CMP_00271,Facebook,Amazon,Apparel/Clothing,"Sun, 11 Jan 2026",Amazon fashion wrong garment delivered and refund delayed (Amazon),"Bought a cotton dress on Amazon Fashion, but received a completely different synthetic top. Returned the package 12 days ago but refund is still pending. Escalated to consumer court forum. Ticket #50277.",https://www.facebook.com/groups/consumercomplaints/posts/8800277/,Refund Delay,High,Customer,Case Timeline; Marketplace Dashboard,en,India,113,6,7
